id_berita;id_kalimat;kuantitas;isValid
15;579;berbayar;0
3;94;12 kali;1
3;95;ketiga;1
3;96;Tidak Ada;2
3;97;Tidak Ada;1
15;590;Tidak Ada;1
15;579;Tidak Ada;1
15;580;Tidak Ada;2
15;581;Rerata;2
15;583;Tidak Ada;2
15;587;Tidak Ada;2
15;588;Tidak Ada;1
3;92;Tidak Ada;1
3;93;Tidak Ada;1
3;94;Tidak Ada;2
3;95;Tidak Ada;2
3;96;Tidak Ada;2
3;97;Tidak Ada;2
3;98;10;2
23;851;Tidak Ada;2
3;99;Tidak Ada;2
3;100;Tidak Ada;2
3;101;Tidak Ada;2
3;102;Tidak Ada;2
3;103;Tidak Ada;2
3;104;135;2
3;104;46;2
3;104;89;2
3;105;Tidak Ada;2
3;106;15;2
15;590;Tidak Ada;2
15;579;Tidak Ada;2
3;107;13;2
15;580;Tidak Ada;2
15;581;20.927;2
15;583;Tidak Ada;2
3;108;20;2
3;108;10;2
3;109;Tidak Ada;2
15;587;Tidak Ada;2
3;110;Tidak Ada;2
15;588;Tidak Ada;2
3;111;Tidak Ada;2
3;92;Tidak Ada;2
3;112;Tidak Ada;2
3;113;Tidak Ada;2
3;114;Tidak Ada;2
3;115;Tidak Ada;2
3;116;Tidak Ada;2
3;117;Tidak Ada;2
3;118;Tidak Ada;2
109;4445;Tidak Ada;2
109;4446;Tidak Ada;2
109;4447;Tidak Ada;2
21;777;Tidak Ada;1
21;778;Tidak Ada;1
21;779;Tidak Ada;1
21;780;14;1
21;781;Tidak Ada;1
21;782;Tidak Ada;1
21;783;dua;2
21;784;sekitar setengah orang;1
21;784;Tidak Ada;1
21;785;80;1
21;786;Tidak Ada;1
21;787;Tidak Ada;1
21;788;Tidak Ada;1
21;789;Tidak Ada;1
21;790;Tidak Ada;1
21;791;1980;1
21;792;Tidak Ada;1
21;793;Tidak Ada;1
21;794;Tidak Ada;1
21;795;Tidak Ada;1
21;796;Tidak Ada;1
21;797;Tidak Ada;1
21;798;Tidak Ada;1
21;799;Tidak Ada;1
21;800;Tidak Ada;1
21;801;Tidak Ada;1
21;802;Tidak Ada;1
23;852;Tidak Ada;2
23;853;Tidak Ada;2
23;854;Tidak Ada;2
23;855;Tidak Ada;2
23;856;Tidak Ada;2
23;857;empat gelar juara;2
23;858;enam gelar juara dunia;2
23;859;gelar juara untuk keenam kali;2
23;860;8 gelar;2
23;860;7;2
23;860;8;2
109;4445;Tidak Ada;2
109;4446;ketiga;2
109;4447;Tidak Ada;2
109;4448;Tidak Ada;2
109;4449;Tidak Ada;2
23;861;masih muda;2
109;4450;Tidak Ada;2
109;4451;9 bulan;2
23;862;lima kali;2
109;4452;3,5 tahun;2
109;4453;Tidak Ada;2
23;863;Tidak Ada;2
23;864;Tidak Ada;2
23;865;Tidak Ada;2
23;866;keempat kali;2
23;867;sembilan;2
23;868;ketiga;2
23;869;23;2
35;1566;17 kamera;2
35;1566;10 kamera;2
35;1566;23 kamera;2
35;1566;20MP;2
35;1566;1MP;2
35;1567;satu hal;2
35;1568;Tidak Ada;2
35;1569;Tidak Ada;2
197;8572;Tidak Ada;2
22;842;Tidak Ada;2
22;843;Tidak Ada;2
22;844;Tidak Ada;2
22;845;Tidak Ada;2
22;846;Tidak Ada;2
23;870;Tidak Ada;2
23;871;urutan lima;2
197;8572;Tidak Ada;2
197;8573;Tidak Ada;2
197;8574;Tidak Ada;2
23;872;Tidak Ada;2
197;8575;Tidak Ada;2
197;8578;Tidak Ada;2
197;8579;Tidak Ada;2
197;8580;Tidak Ada;2
197;8581;Tidak Ada;2
22;847;Tidak Ada;2
23;873;Tidak Ada;2
22;848;Tidak Ada;2
22;849;Tidak Ada;2
100;4134;Tidak Ada;2
23;874;Tidak Ada;2
22;850;Tidak Ada;2
199;8666;Tidak Ada;2
199;8667;Tidak Ada;2
199;8668;Tidak Ada;2
199;8669;Tidak Ada;2
199;8670;Tidak Ada;2
199;8671;Tidak Ada;2
199;8672;Tidak Ada;2
199;8673;Tidak Ada;2
199;8673;Tidak Ada;2
199;8674;Tidak Ada;2
199;8675;Tidak Ada;2
199;8676;Tidak Ada;2
199;8677;Tidak Ada;2
22;810;Tidak Ada;2
199;8678;Tidak Ada;2
199;8679;23 persen.;2
199;8680;23 persen;2
199;8681;16 tahun;2
199;8681;19 tahun;2
199;8682;18 tahun.;2
199;8683;21 tahun.;2
199;8684;18 tahun;2
199;8684;16 tahun;2
199;8684;18 tahun;2
199;8684;21 tahun;2
199;8685;20 tahun;2
199;8685;24 tahun;2
199;8685;18 tahun;2
199;8686;20-24 tahun;2
199;8686;5,1 juta jiwa;2
199;8686;5,3 juta jiwa;2
199;8687;28,9 ribu orang;2
199;8687;129,6 ribu orang;2
199;8688;1.100.000 orang;2
199;8688;570.600 orang;2
199;8689;20-24 tahun;2
199;8689;18 tahun;2
199;8690;Tidak Ada;2
199;8691;15 tahun;2
199;8691;dalam 6 tahun;2
199;8691;15-17 tahun;2
199;8691;Tidak Ada;2
199;8692;Tidak Ada;2
199;8693;dibawah 18 tahun;2
199;8694;salah satu;2
199;8695;Tidak Ada;2
22;811;Tidak Ada;2
199;8696;Tidak Ada;2
22;812;Tidak Ada;2
22;813;Tidak Ada;2
199;8697;Tidak Ada;2
199;8698;Tidak Ada;2
22;814;Tidak Ada;2
199;8699;1;2
199;8699;9;2
199;8699;18 tahun;2
199;8700;375 anak;2
199;8701;Tidak Ada;2
199;8702;3 provinsi;2
199;8703;30;2
199;8703;2;2
199;8704;Tidak Ada;2
22;815;Tidak Ada;2
199;8705;salah satunya;2
199;8706;Tidak Ada;2
199;8707;Tidak Ada;2
199;8708;Tidak Ada;2
199;8709;Tidak Ada;2
199;8710;4-5 desa;2
199;8711;Tidak Ada;2
199;8712;Tidak Ada;2
199;8713;4 Provinsi;2
199;8713;10 besar;2
22;816;Tidak Ada;2
199;8714;20-24 tahun;2
199;8714;15-17 tahun;2
199;8714;32,03%;2
199;8714;12,67%;2
22;817;Tidak Ada;2
199;8715;4,06%;2
199;8716;tidak ada;2
199;8717;Tidak Ada;2
199;8718;Tidak Ada;2
199;8719;Tidak Ada;2
199;8720;10-14 tahun;2
199;8720;20-14 tahun;2
199;8720;5 kali;2
199;8721;15-19 tahun;2
199;8722;Tidak Ada;2
199;8723;Tidak Ada;2
199;8724;Tidak Ada;2
199;8725;4 provinsi;2
199;8725;37 kabupaten/kota;2
199;8726;Tidak Ada;2
199;8727;Tidak Ada;2
215;9293;20 tahun;2
22;818;Tidak Ada;2
22;819;Tidak Ada;2
199;8666;Dua;2
199;8667;Tidak Ada;2
199;8668;Tidak Ada;2
199;8669;Tidak Ada;2
215;9263;Tidak Ada;2
199;8670;Tidak Ada;2
199;8671;Tidak Ada;2
215;9264;Tidak Ada;2
199;8672;Tidak Ada;2
199;8673;tujuh;2
199;8674;Tidak Ada;2
199;8675;lima;2
215;9265;Tidak Ada;2
199;8676;Lima;2
215;9266;Tidak Ada;2
199;8677;lima;2
215;9267;20 Tahun;2
199;8678;Tidak Ada;2
215;9268;Tidak Ada;2
215;9269;Tidak Ada;2
215;9270;Tidak Ada;2
199;8679;23;2
215;9271;Tidak Ada;2
215;9272;Tidak Ada;2
199;8680;Tidak Ada;2
215;9273;Tidak Ada;2
199;8681;Tidak Ada;2
215;9274;Tidak Ada;2
199;8682;Tidak Ada;2
215;9275;Tidak Ada;2
21;803;Tidak Ada;1
21;804;Tidak Ada;1
21;805;Tidak Ada;1
21;806;Tidak Ada;1
21;807;one;1
21;808;Tidak Ada;1
21;809;Tidak Ada;1
179;7695;17;2
179;7696;Tidak Ada;1
179;7697;344;1
179;7698;lima;1
179;7698;13;1
179;7698;10;1
179;7699;754;2
179;7700;Tidak Ada;1
179;7701;Tidak Ada;1
179;7702;Tidak Ada;0
179;7703;Tidak Ada;1
179;7704;Tidak Ada;1
179;7705;Tidak Ada;2
179;7706;Tidak Ada;2
179;7707;1;2
215;9276;Tidak Ada;2
179;7708;Tidak Ada;2
215;9277;Tidak Ada;2
215;9278;Tidak Ada;2
215;9280;Tidak Ada;2
179;7709;Tidak Ada;2
179;7710;Tidak Ada;2
179;7711;Tidak Ada;2
179;7712;Tidak Ada;2
179;7713;Tidak Ada;2
179;7714;Tidak Ada;2
179;7715;Tidak Ada;2
179;7716;Tidak Ada;2
179;7717;Tidak Ada;2
179;7718;Tidak Ada;2
179;7719;Tidak Ada;2
179;7720;Dua;2
3;98;Tidak Ada;2
3;99;Tidak Ada;2
179;7721;dua;2
179;7722;Keduanya;2
179;7723;Tidak Ada;2
179;7724;Tidak Ada;2
179;7725;Tidak Ada;2
179;7726;Tidak Ada;2
179;7727;Tidak Ada;2
179;7728;Tidak Ada;2
179;7729;Tidak Ada;2
179;7730;Tidak Ada;2
179;7731;Tidak Ada;2
179;7732;Tidak Ada;2
179;7733;Tidak Ada;2
179;7734;Tidak Ada;2
179;7735;Tidak Ada;2
179;7736;Tidak Ada;2
179;7737;Tidak Ada;2
179;7738;Tidak Ada;2
179;7739;Tidak Ada;2
179;7740;Tidak Ada;2
197;8582;Tidak Ada;2
197;8583;Tidak Ada;2
197;8584;Tidak Ada;2
197;8585;Tidak Ada;2
197;8586;Tidak Ada;2
197;8587;Tidak Ada;2
197;8588;Tidak Ada;2
197;8589;Tidak Ada;2
100;4135;Tidak Ada;2
197;8590;Tidak Ada;2
197;8591;Tidak Ada;2
197;8592;Tidak Ada;2
197;8593;Tidak Ada;2
22;820;Tidak Ada;2
22;821;Tidak Ada;2
197;8594;Tidak Ada;2
197;8595;Tidak Ada;2
197;8596;Tidak Ada;2
197;8597;Tidak Ada;2
197;8598;Tidak Ada;2
197;8599;Tidak Ada;2
197;8600;Tidak Ada;2
197;8601;Tidak Ada;2
197;8602;Tidak Ada;2
197;8603;Tidak Ada;2
197;8604;Tidak Ada;2
197;8605;Tidak Ada;2
197;8606;Tidak Ada;2
197;8607;Tidak Ada;2
206;8948;Tidak Ada;2
195;8538;Tidak Ada;2
206;8949;Tidak Ada;2
206;8950;Tidak Ada;2
206;8951;Tidak Ada;2
206;8952;Tidak Ada;2
206;8953;Tidak Ada;2
22;823;Tidak Ada;2
206;8957;Tidak Ada;2
195;8539;Tidak Ada;2
195;8540;2;2
206;8958;Tidak Ada;2
206;8959;Tidak Ada;2
206;8960;Tidak Ada;2
206;8961;Tidak Ada;2
195;8541;5;2
195;8506;Tidak Ada;2
195;8507;3;2
195;8507;12;2
195;8507;4;2
195;8507;5;2
195;8507;6;2
195;8507;7;2
195;8507;8;2
195;8507;9;2
195;8507;10;2
206;8962;Tidak Ada;2
195;8507;11;2
195;8508;Tidak Ada;2
206;8963;Tidak Ada;2
195;8509;Tidak Ada;2
195;8510;Tidak Ada;2
195;8511;Tidak Ada;2
206;8964;Tidak Ada;2
195;8512;21;2
206;8965;Tidak Ada;2
30;1362;Tidak Ada;2
195;8513;Tidak Ada;2
195;8514;3;2
195;8514;12;2
195;8514;4;2
195;8514;5;2
195;8514;6;2
195;8514;7;2
195;8514;8;2
195;8514;9;2
195;8514;10;2
195;8514;11;2
30;1363;Tidak Ada;2
195;8515;Tidak Ada;2
206;8966;Tidak Ada;2
30;1364;Tidak Ada;2
30;1365;lima;2
206;8967;Tidak Ada;2
206;8968;Tidak Ada;2
195;8516;Tidak Ada;2
30;1366;Tidak Ada;2
195;8517;Tidak Ada;2
195;8518;Tidak Ada;2
22;824;Tidak Ada;2
195;8519;Tidak Ada;2
30;1367;Tidak Ada;2
206;8969;Tidak Ada;2
195;8520;Tidak Ada;2
30;1368;Tidak Ada;2
195;8521;Tidak Ada;2
206;8970;Tidak Ada;2
30;1369;Tidak Ada;2
195;8522;Tidak Ada;2
206;8971;Tidak Ada;2
195;8523;Tidak Ada;2
206;8972;Tidak Ada;2
206;8973;Tidak Ada;2
22;825;Tidak Ada;2
30;1370;Tidak Ada;2
195;8524;Tidak Ada;2
195;8525;Tidak Ada;2
30;1371;Tidak Ada;2
195;8526;Tidak Ada;2
206;8974;Tidak Ada;2
195;8527;Tidak Ada;2
195;8529;Tidak Ada;2
195;8531;Tidak Ada;2
195;8532;Tidak Ada;2
30;1372;Tidak Ada;2
195;8533;Tidak Ada;2
206;8975;Tidak Ada;2
195;8534;Tidak Ada;2
195;8535;Tidak Ada;2
30;1373;Tidak Ada;2
195;8536;21;2
206;8976;Tidak Ada;2
30;1374;Tidak Ada;2
195;8537;Tidak Ada;2
206;8977;Tidak Ada;2
30;1375;Tidak Ada;2
188;8169;Tidak Ada;2
188;8170;Tidak Ada;2
30;1376;Tidak Ada;2
188;8171;Tidak Ada;2
30;1377;Tidak Ada;2
206;8978;Tidak Ada;2
30;1378;Tidak Ada;2
188;8172;Tidak Ada;2
30;1379;Tidak Ada;2
188;8173;Tidak Ada;2
206;8979;Tidak Ada;2
188;8149;Tidak Ada;2
30;1380;Tidak Ada;2
30;1381;Tidak Ada;2
206;8980;Tidak Ada;2
30;1382;Tidak Ada;2
206;8981;Tidak Ada;2
30;1383;Tidak Ada;2
206;8982;Tidak Ada;2
30;1384;Tidak Ada;2
100;4136;Tidak Ada;2
30;1385;Tidak Ada;2
188;8150;Tidak Ada;2
206;8983;Tidak Ada;2
30;1386;Tidak Ada;2
206;8984;Tidak Ada;2
206;8985;Tidak Ada;2
30;1387;Tidak Ada;2
206;8986;Tidak Ada;2
188;8151;Tidak Ada;2
188;8152;Tidak Ada;2
30;1388;Tidak Ada;2
217;9323;Tidak Ada;2
188;8153;Tidak Ada;2
22;826;Tidak Ada;2
30;1389;Tidak Ada;2
188;8154;Tidak Ada;2
217;9324;Tidak Ada;2
188;8155;Tidak Ada;2
217;9325;Tidak Ada;2
30;1390;Tidak Ada;2
30;1391;Tidak Ada;2
217;9326;Tidak Ada;2
188;8156;Tidak Ada;2
217;9327;Tidak Ada;2
188;8157;Tidak Ada;2
217;9328;Tidak Ada;2
30;1392;Tidak Ada;2
188;8158;Tidak Ada;2
188;8159;400;2
217;9330;Tidak Ada;2
188;8160;Tidak Ada;2
30;1393;Tidak Ada;2
188;8161;Tidak Ada;2
188;8162;Tidak Ada;2
188;8163;Tidak Ada;2
188;8164;Tidak Ada;2
188;8165;Tidak Ada;2
188;8166;Tidak Ada;2
188;8167;Tidak Ada;2
188;8168;Tidak Ada;2
30;1394;Tidak Ada;2
30;1395;Tidak Ada;2
210;9099;27000000;2
210;9108;Tidak Ada;2
210;9079;Tidak Ada;2
210;9080;Tidak Ada;2
30;1396;Tidak Ada;2
210;9081;Tidak Ada;2
210;9082;Tidak Ada;2
30;1397;Tidak Ada;2
210;9083;Tidak Ada;2
30;1398;empat kamera;2
30;1398;13MP+2MP;2
30;1398;16MP+2MP;2
210;9084;1900000000000;2
30;1399;empat kamera;2
210;9085;Tidak Ada;2
30;1400;Tidak Ada;2
210;9086;207400000;2
30;1401;Tidak Ada;2
210;9087;Tidak Ada;2
30;1402;Tidak Ada;2
45;2090;Tidak Ada;2
45;2091;Tidak Ada;2
45;2092;Tidak Ada;2
45;2094;Tidak Ada;2
45;2095;Tidak Ada;2
45;2096;Tidak Ada;2
45;2097;Tidak Ada;2
45;2098;280 Triliun Watt-jam;2
45;2099;1,4 gigawatt;2
215;9281;Tidak Ada;2
215;9282;Tidak Ada;2
215;9283;Tidak Ada;2
215;9284;Tidak Ada;2
215;9285;2,3 triliun;2
215;9286;Tidak Ada;2
215;9287;enam tersangka;2
215;9288;empat orang;2
215;9290;Satu;2
215;9290;1;2
215;9291;5 tahun;2
211;9109;Tidak Ada;2
211;9110;19;2
211;9111;dua;2
211;9112;Tidak Ada;2
211;9113;23;2
211;9113;16;2
211;9113;11;2
211;9113;Tidak Ada;2
211;9114;19;2
211;9115;Tidak Ada;2
211;9116;Tidak Ada;2
211;9117;Tidak Ada;2
211;9118;2018;2
211;9119;Tidak Ada;2
211;9120;18;2
211;9120;19;2
211;9121;Tidak Ada;2
211;9122;10;2
211;9122;11;2
211;9123;Tidak Ada;2
211;9124;Tidak Ada;2
211;9125;Tidak Ada;2
211;9126;Tidak Ada;2
211;9127;Tidak Ada;2
211;9128;Tidak Ada;2
211;9129;20;2
211;9129;11;2
211;9130;Tidak Ada;2
211;9131;Tidak Ada;2
211;9132;Tidak Ada;2
211;9133;Tidak Ada;2
211;9134;19;2
211;9135;Tidak Ada;2
211;9136;Tidak Ada;2
211;9137;Tidak Ada;2
211;9138;Tidak Ada;2
211;9139;1;2
211;9139;2;2
211;9139;3;2
211;9139;4;2
211;9139;5;2
211;9139;6;2
211;9139;7;2
211;9139;8;2
211;9139;19;2
211;9140;2013;2
211;9140;22;2
211;9141;Tidak Ada;2
211;9142;19;2
211;9142;tiga;2
211;9143;tiga;2
211;9143;19;2
211;9144;19;2
211;9145;Tidak Ada;2
211;9146;Tidak Ada;2
211;9147;Tidak Ada;2
285;12272;Tidak Ada;2
285;12273;Tidak Ada;2
285;12274;Tidak Ada;2
285;12274;Tidak Ada;2
285;12277;Tidak Ada;2
285;12278;Tidak Ada;2
285;12279;Tidak Ada;2
285;12280;Tidak Ada;2
23;851;Tidak Ada;2
23;852;Tidak Ada;2
23;853;Tidak Ada;2
23;854;Tidak Ada;2
23;855;Tidak Ada;2
285;12255;Tidak Ada;2
23;856;Tidak Ada;2
199;8683;21;2
199;8683;Tidak Ada;2
285;12256;Tidak Ada;2
285;12257;Tidak Ada;2
23;857;Tidak Ada;2
199;8684;18;2
199;8684;16;2
199;8684;21;2
23;858;Tidak Ada;2
285;12258;Tidak Ada;2
285;12258;Tidak Ada;2
199;8685;20;2
199;8685;24;2
199;8685;18;2
23;859;Tidak Ada;2
285;12259;600;2
285;12259;Tidak Ada;2
23;860;Tidak Ada;2
109;4454;Tidak Ada;2
199;8686;5,1 juta jiwa;2
199;8686;5,3 juta jiwa;2
285;12260;Tidak Ada;2
285;12260;Tidak Ada;2
23;861;Tidak Ada;2
109;4455;Tidak Ada;2
23;862;Tidak Ada;2
23;863;Tidak Ada;2
285;12261;Tidak Ada;2
285;12262;Tidak Ada;2
285;12263;Tidak Ada;2
285;12264;Tidak Ada;2
285;12265;Tidak Ada;2
285;12266;Tidak Ada;2
285;12267;Tidak Ada;2
285;12268;Tidak Ada;2
285;12269;Tidak Ada;2
285;12270;Tidak Ada;2
285;12271;Tidak Ada;2
310;13336;Tidak Ada;2
310;13299;Tidak Ada;2
310;13300;Tidak Ada;2
310;13301;Tidak Ada;2
310;13302;Tidak Ada;2
310;13303;Tidak Ada;2
310;13304;Tidak Ada;2
310;13305;Tidak Ada;2
310;13306;Tidak Ada;2
310;13307;Tidak Ada;2
310;13308;Tidak Ada;2
310;13309;Tidak Ada;2
310;13310;Tidak Ada;2
310;13310;Tidak Ada;2
211;9148;19;2
35;1570;23;2
35;1570;20;2
310;13312;Tidak Ada;2
211;9149;Tidak Ada;2
240;10479;Tidak Ada;2
109;4456;Tidak Ada;2
15;579;Tidak Ada;2
211;9150;Tidak Ada;2
310;13313;Tidak Ada;2
211;9151;2014;2
109;4457;Tidak Ada;2
211;9151;2013;2
211;9151;2017;2
310;13314;Tidak Ada;2
211;9151;19;2
240;10480;Tidak Ada;2
310;13315;Tidak Ada;2
310;13316;Tidak Ada;2
109;4458;Tidak Ada;2
15;580;Tidak Ada;2
310;13317;Tidak Ada;2
35;1571;23;2
240;10481;171;2
240;10481;17;2
240;10481;39;2
240;10481;115;2
199;8666;Dua siswi;2
199;8666;Dua siswi;2
310;13318;Tidak Ada;2
211;9152;Tidak Ada;2
211;9153;tiga;2
310;13319;Tidak Ada;2
211;9154;23;2
211;9154;Tidak Ada;2
109;4459;Tidak Ada;2
310;13321;Tidak Ada;2
211;9155;23;2
240;10482;Tidak Ada;2
211;9156;19;2
211;9156;2013;2
310;13323;Tidak Ada;2
211;9157;Tidak Ada;2
199;8667;Tidak Ada;2
211;9158;Tidak Ada;2
310;13324;Tidak Ada;2
211;9159;Tidak Ada;2
109;4460;Tidak Ada;2
15;581;Tidak Ada;2
211;9160;Tidak Ada;2
240;10483;Tidak Ada;2
310;13325;Tidak Ada;2
211;9161;19;2
211;9162;19;2
310;13326;Tidak Ada;2
240;10484;Tidak Ada;2
211;9163;Tidak Ada;2
211;9164;Tidak Ada;2
211;9165;Tidak Ada;2
310;13327;Tidak Ada;2
211;9166;Tidak Ada;2
240;10485;Tidak Ada;2
15;583;Tidak Ada;2
211;9167;Tidak Ada;2
310;13328;Tidak Ada;2
240;10486;Tidak Ada;2
310;13329;Tidak Ada;2
211;9168;Tidak Ada;2
211;9169;Tidak Ada;2
240;10487;Tidak Ada;2
211;9170;Tidak Ada;2
310;13330;Tidak Ada;2
15;587;Tidak Ada;2
109;4461;Tidak Ada;2
211;9171;Tidak Ada;2
240;10488;Tidak Ada;2
310;13331;Tidak Ada;2
211;9172;Tidak Ada;2
240;10489;Tidak Ada;2
310;13332;Tidak Ada;2
15;588;627;2
15;588;1.249;2
15;588;Tidak Ada;2
211;9173;Tidak Ada;2
211;9174;16;2
211;9174;2017;2
240;10490;Tidak Ada;2
310;13333;Tidak Ada;2
310;13333;Tidak Ada;2
3;92;Tidak Ada;2
240;10491;Tidak Ada;2
310;13334;Tidak Ada;2
240;10492;Tidak Ada;2
3;93;Tidak Ada;2
310;13335;Tidak Ada;2
3;94;12;2
3;94;2005;2
3;95;2015;2
292;12497;Tidak Ada;2
292;12498;Tidak Ada;2
3;96;Tidak Ada;2
292;12499;Tidak Ada;2
292;12500;Tidak Ada;2
214;9233;25;2
214;9233;10;2
214;9233;2017;2
3;97;Tidak Ada;2
214;9234;Tidak Ada;2
292;12501;Tidak Ada;2
214;9235;Tidak Ada;2
23;851;Tidak Ada;2
214;9236;118;2
214;9236;2016;2
292;12502;Tidak Ada;2
214;9237;satu;2
214;9237;2016;2
214;9237;2017;2
214;9238;20;2
214;9238;11;2
214;9238;2017;2
214;9238;kedua;2
3;98;10;2
214;9238;pertama;2
292;12503;Tidak Ada;2
292;12503;Tidak Ada;2
214;9239;Tidak Ada;2
214;9240;Tidak Ada;2
3;99;Tidak Ada;2
292;12504;Tidak Ada;2
214;9241;kedua;2
214;9241;pertama;2
214;9241;30;2
214;9241;25;2
214;9241;12,5;2
214;9242;36;2
292;12505;Tidak Ada;2
214;9243;1;2
214;9243;1985;2
292;12506;Tidak Ada;2
3;100;9;2
3;100;11;2
3;100;9/11;2
240;10493;5000;2
292;12507;Tidak Ada;2
292;12507;Tidak Ada;2
214;9244;12,5;2
214;9244;638;2
214;9244;4,8;2
214;9244;632;2
292;12508;Tidak Ada;2
3;101;Tidak Ada;2
214;9245;pertama;2
240;10494;Tidak Ada;2
214;9245;tiga;2
214;9245;2;2
214;9245;4;2
214;9245;5;2
240;10495;Tidak Ada;2
214;9246;dua;2
292;12509;Tidak Ada;2
214;9247;Tidak Ada;2
292;12510;Tidak Ada;2
214;9248;Tidak Ada;2
292;12511;Tidak Ada;2
214;9249;Tidak Ada;2
214;9250;1;2
292;12512;Tidak Ada;2
292;12512;Tidak Ada;2
214;9251;283,57;2
214;9252;dua;2
292;12513;Tidak Ada;2
292;12514;Tidak Ada;2
214;9253;Tidak Ada;2
214;9254;21;2
214;9254;23;2
214;9254;3;2
292;12515;Tidak Ada;2
292;12515;Tidak Ada;2
292;12515;Tidak Ada;2
214;9255;31;2
214;9255;2017;2
292;12516;Tidak Ada;2
214;9256;Tidak Ada;2
214;9257;118;2
214;9257;2016;2
292;12517;Tidak Ada;2
214;9258;Tidak Ada;2
292;12518;Tidak Ada;2
214;9259;Tidak Ada;2
214;9260;2017;2
214;9260;858;2
292;12519;Tidak Ada;2
214;9260;66,8;2
292;12520;Tidak Ada;2
292;12521;Tidak Ada;2
292;12522;Tidak Ada;2
292;12523;Tidak Ada;2
292;12524;Tidak Ada;2
292;12525;Tidak Ada;2
292;12526;Tidak Ada;2
292;12527;Tidak Ada;2
292;12528;Tidak Ada;2
292;12529;Tidak Ada;2
292;12530;Tidak Ada;2
292;12531;Tidak Ada;2
292;12532;Tidak Ada;2
292;12533;Tidak Ada;2
267;11612;Tidak Ada;2
267;11613;Tidak Ada;2
267;11614;Tidak Ada;2
267;11614;Tidak Ada;2
267;11615;Tidak Ada;2
267;11616;Tidak Ada;2
267;11616;Tidak Ada;2
27;1265;Tidak Ada;2
240;10496;Tidak Ada;2
240;10497;Tidak Ada;2
240;10498;Tidak Ada;2
240;10499;Tidak Ada;2
240;10500;Tidak Ada;2
240;10501;Tidak Ada;2
240;10502;Tidak Ada;2
240;10503;Tidak Ada;2
240;10504;Tidak Ada;2
240;10505;Tidak Ada;2
240;10506;Tidak Ada;2
240;10507;Tidak Ada;2
240;10508;Tidak Ada;2
240;10509;Tidak Ada;2
242;10538;Tidak Ada;2
100;4137;ke-31;2
100;4138;Tidak Ada;2
100;4139;Tidak Ada;2
100;4140;Tidak Ada;2
100;4141;Tidak Ada;2
100;4142;Tidak Ada;2
100;4143;Tidak Ada;2
27;1266;Tidak Ada;2
100;4144;Tidak Ada;2
100;4145;Tidak Ada;2
100;4146;Tidak Ada;2
100;4147;Tidak Ada;2
100;4148;Tidak Ada;2
43;2049;Tidak Ada;2
214;9261;16,6;2
214;9261;11,7;2
214;9261;70,73;2
214;9261;16,6 juta;2
214;9261;11,7 juta;2
214;9262;dua;2
219;9375;28;2
219;9375;10;2
219;9375;ribuan;2
219;9376;Tidak Ada;2
219;9377;tiga;2
219;9378;Tidak Ada;2
219;9379;Tiga;2
219;9380;Tidak Ada;2
219;9381;Tidak Ada;2
219;9382;Tidak Ada;2
219;9383;29;2
219;9383;11;2
219;9383;2017;2
219;9383;tiga;2
219;9384;100;2
219;9385;3;2
219;9386;72;2
219;9386;2016;2
219;9387;Tidak Ada;2
219;9388;tiga;2
219;9388;3;2
219;9389;Tidak Ada;2
219;9390;Tidak Ada;2
219;9391;tiga;2
219;9392;tiga;2
219;9393;17;2
219;9393;19;2
219;9393;40;2
219;9393;2003;2
219;9393;2007;2
219;9394;Tidak Ada;2
219;9395;3;2
219;9396;3;2
219;9397;3;2
219;9398;15;2
219;9398;11;2
219;9398;2017;2
219;9399;72;2
219;9399;2;2
219;9399;2016;2
219;9400;Tidak Ada;2
219;9401;Tidak Ada;2
219;9402;ketiga;2
219;9403;ketiga;2
219;9404;Tidak Ada;2
219;9405;Tidak Ada;2
219;9406;tiga;2
219;9407;Tidak Ada;2
219;9408;Tidak Ada;2
35;1572;Tidak Ada;2
35;1573;Tidak Ada;2
35;1574;5;2
22;827;Tidak Ada;2
22;828;Tidak Ada;2
22;829;Tidak Ada;2
22;831;Tidak Ada;2
22;832;Tidak Ada;2
22;833;Tidak Ada;2
100;4149;ke-12;2
100;4149;satu dekade silam;2
100;4150;Tidak Ada;2
100;4151;Tidak Ada;2
100;4152;87.616 orang;2
100;4153;17.700 orang;2
100;4153;8.200 orang;2
100;4154;Tidak Ada;2
100;4155;Tidak Ada;2
242;10539;Tidak Ada;2
242;10540;Tidak Ada;2
100;4156;Tidak Ada;2
242;10541;Tidak Ada;2
242;10542;Tidak Ada;2
22;834;Tidak Ada;2
242;10543;Tidak Ada;2
107;4367;Tidak Ada;2
242;10544;Tidak Ada;2
242;10545;Tidak Ada;2
107;4368;Tidak Ada;2
107;4369;Tidak Ada;2
107;4370;Tidak Ada;2
242;10546;Tidak Ada;2
242;10547;Tidak Ada;2
242;10548;Tidak Ada;2
242;10549;Tidak Ada;2
242;10550;Tidak Ada;2
242;10551;Tidak Ada;2
107;4371;Tidak Ada;2
242;10552;Tidak Ada;2
242;10553;Tidak Ada;2
107;4372;Tidak Ada;2
242;10554;Tidak Ada;2
242;10555;Tidak Ada;2
242;10556;Tidak Ada;2
107;4373;Tidak Ada;2
107;4374;Tidak Ada;2
107;4375;Tidak Ada;2
107;4376;Tidak Ada;2
107;4377;Tidak Ada;2
242;10557;Tidak Ada;2
242;10558;Tidak Ada;2
107;4378;Tidak Ada;2
107;4379;Tidak Ada;2
107;4380;Tidak Ada;2
107;4381;Tidak Ada;2
22;835;Tidak Ada;2
107;4382;Tidak Ada;2
107;4383;Tidak Ada;2
107;4384;Tidak Ada;2
107;4385;Tidak Ada;2
107;4386;Tidak Ada;2
107;4387;Tidak Ada;2
22;836;Tidak Ada;2
22;837;Tidak Ada;2
107;4388;Tidak Ada;2
107;4389;Tidak Ada;2
107;4390;Tidak Ada;2
107;4391;Tidak Ada;2
22;838;Tidak Ada;2
107;4392;Tidak Ada;2
107;4393;Tidak Ada;2
22;839;Tidak Ada;2
22;840;Tidak Ada;2
107;4394;Tidak Ada;2
107;4395;Tidak Ada;2
107;4396;Tidak Ada;2
107;4397;Tidak Ada;2
107;4398;Tidak Ada;2
107;4399;Tidak Ada;2
107;4400;Tidak Ada;2
22;841;Tidak Ada;2
107;4401;Tidak Ada;2
113;4602;Tidak Ada;2
113;4603;Tidak Ada;2
113;4604;6.134 kilometer;2
31;1443;Tidak Ada;2
31;1444;2015;2
31;1445;Tidak Ada;2
31;1403;Tidak Ada;2
31;1404;Tidak Ada;2
31;1405;Tidak Ada;2
31;1406;Tidak Ada;2
31;1407;Tidak Ada;2
113;4605;Tidak Ada;2
31;1408;Tidak Ada;2
31;1409;Tidak Ada;2
31;1410;Tidak Ada;2
113;4606;Tidak Ada;2
31;1411;Tidak Ada;2
31;1412;Tidak Ada;2
31;1413;Tidak Ada;2
31;1414;Tidak Ada;2
31;1415;Tidak Ada;2
113;4607;Tidak Ada;2
113;4608;Tidak Ada;2
113;4609;Tidak Ada;2
113;4610;Tidak Ada;2
113;4611;Tidak Ada;2
113;4612;Tidak Ada;2
113;4613;Tidak Ada;2
113;4614;Tidak Ada;2
113;4615;Tidak Ada;2
113;4616;Tidak Ada;2
199;8668;Tidak Ada;2
199;8669;Tidak Ada;2
199;8670;Tidak Ada;2
199;8671;Tidak Ada;2
199;8672;Tidak Ada;2
199;8673;tujuh tertinggi di dunia dan nomor dua;2
199;8673;tujuh tertinggi di dunia dan nomor dua di ASEAN;2
199;8674;Tidak Ada;2
199;8675;Tidak Ada;2
199;8676;5;2
199;8677;Lima;2
199;8678;18;2
199;8679;23;2
199;8680;23;2
31;1416;Tidak Ada;2
31;1417;Tidak Ada;2
31;1418;Tidak Ada;2
31;1419;Tidak Ada;2
23;864;Tidak Ada;2
23;865;Tidak Ada;2
23;866;Tidak Ada;2
23;867;Tidak Ada;2
23;868;Tidak Ada;2
23;869;Tidak Ada;2
23;870;Tidak Ada;2
23;871;Tidak Ada;2
23;872;Tidak Ada;2
23;873;Tidak Ada;2
23;874;Tidak Ada;2
23;875;Tidak Ada;2
23;876;Tidak Ada;2
23;877;Tidak Ada;2
23;878;Tidak Ada;2
23;879;4-5;2
23;880;Tidak Ada;2
23;881;Tidak Ada;2
23;882;Tidak Ada;2
23;883;Tidak Ada;2
23;884;Tidak Ada;2
23;885;Tidak Ada;2
23;886;Tidak Ada;2
23;887;Tidak Ada;2
23;888;Tidak Ada;2
23;889;230;2
23;890;Tidak Ada;2
23;891;Tidak Ada;2
23;892;Tidak Ada;2
23;893;Tidak Ada;2
23;894;Tidak Ada;2
23;895;Tidak Ada;2
23;896;Tidak Ada;2
23;897;32;2
23;898;Tidak Ada;2
23;899;Tidak Ada;2
23;900;Tidak Ada;2
23;901;Tidak Ada;2
23;902;Tidak Ada;2
23;903;Tidak Ada;2
23;904;Tidak Ada;2
23;905;Tidak Ada;2
23;906;Tidak Ada;2
23;907;Tidak Ada;2
23;908;Tidak Ada;2
23;909;Tidak Ada;2
23;910;Tidak Ada;2
31;1420;Tidak Ada;2
31;1421;Tidak Ada;2
242;10559;Tidak Ada;2
242;10560;Tidak Ada;2
31;1422;Tidak Ada;2
31;1423;Tidak Ada;2
242;10561;Tidak Ada;2
242;10562;Tidak Ada;2
242;10563;Tidak Ada;2
242;10564;Tidak Ada;2
242;10565;Tidak Ada;2
242;10566;Tidak Ada;2
306;13154;Tidak Ada;2
242;10567;Tidak Ada;2
242;10568;Tidak Ada;2
242;10569;Tidak Ada;2
242;10570;Tidak Ada;2
31;1424;Tidak Ada;2
31;1425;Tidak Ada;2
31;1426;2014;2
306;13114;28;2
306;13114;75;2
306;13114;15;2
242;10571;Tidak Ada;2
242;10572;Tidak Ada;2
242;10573;Tidak Ada;2
242;10574;Tidak Ada;2
242;10575;Tidak Ada;2
31;1427;Tidak Ada;2
31;1428;Tidak Ada;2
242;10576;Tidak Ada;2
31;1429;Tidak Ada;2
306;13115;Tidak Ada;2
242;10577;Tidak Ada;2
31;1430;Tidak Ada;2
242;10578;Tidak Ada;2
242;10579;10;2
242;10580;Tidak Ada;2
242;10581;Tidak Ada;2
242;10582;Tidak Ada;2
242;10583;Tidak Ada;2
242;10584;Tidak Ada;2
242;10585;Tidak Ada;2
306;13116;28;2
242;10586;Tidak Ada;2
242;10587;Tidak Ada;2
35;1575;10 kamera;2
242;10588;Tidak Ada;2
306;13117;ratusan;2
306;13117;jutaan;2
306;13118;Tidak Ada;2
306;13119;75;2
306;13120;15;2
306;13120;Tidak Ada;2
31;1431;Tidak Ada;2
31;1432;Tidak Ada;2
31;1433;Tidak Ada;2
31;1434;Tidak Ada;2
31;1435;Tidak Ada;2
31;1436;Tidak Ada;2
31;1437;Tidak Ada;2
31;1438;Tidak Ada;2
31;1439;Tidak Ada;2
31;1440;Tidak Ada;2
31;1441;Tidak Ada;2
31;1442;Tidak Ada;2
24;911;3;2
24;911;1;2
24;912;Tidak Ada;2
24;913;1;2
24;914;2;2
24;914;1;2
24;914;11;2
24;914;12;2
24;915;1;2
24;916;68;2
24;916;34;2
24;917;Tidak Ada;2
24;918;3;2
24;919;Tidak Ada;2
24;920;10;2
24;920;tiga;2
24;921;dua;2
24;921;enam;2
24;922;Tidak Ada;2
24;923;Tidak Ada;2
24;924;Tidak Ada;2
24;925;8;2
24;925;11;2
24;925;3;2
24;925;1;2
24;926;Tidak Ada;2
24;927;Tidak Ada;2
199;8687;28,9 ribu orang;2
199;8687;129,6 orang;2
335;14390;Tidak Ada;2
199;8688;1,1 juta orang;2
199;8689;Tidak Ada;2
199;8690;Tidak Ada;2
335;14391;Tidak Ada;2
199;8691;Tidak Ada;2
199;8692;Tidak Ada;2
199;8693;Tidak Ada;2
199;8694;Tidak Ada;2
335;14392;Tidak Ada;2
199;8695;Tidak Ada;2
199;8696;Tidak Ada;2
335;14393;Tidak Ada;2
335;14394;baterai berkapasitas 3.505 mAh;2
335;14394;Prosesor Snapdragon 625;2
199;8697;Tidak Ada;2
335;14395;kamera 12MP;2
335;14395;sensor Sony 1,55 micron piksel;2
335;14395;dual LED flash;2
199;8698;Tidak Ada;2
335;14396;kamera depan beresolusi 8MP;2
199;8699;Tidak Ada;2
199;8700;375 anak perempuan;2
335;14398;500 toko luring;2
199;8701;Tidak Ada;2
199;8702;Tidak Ada;2
199;8703;Tidak Ada;2
199;8704;Tidak Ada;2
199;8705;Tidak Ada;2
199;8706;Tidak Ada;2
199;8707;Tidak Ada;2
199;8708;Tidak Ada;2
199;8709;Tidak Ada;2
335;14399;Tidak Ada;2
335;14400;Tidak Ada;2
199;8710;Tidak Ada;2
335;14358;Tidak Ada;2
199;8711;Tidak Ada;2
335;14359;Tidak Ada;2
199;8712;Tidak Ada;2
335;14360;Tidak Ada;2
199;8713;Tidak Ada;2
335;14361;Tidak Ada;2
207;9007;Tidak Ada;2
207;9008;Tidak Ada;2
207;9009;Tidak Ada;2
207;9010;Tidak Ada;2
207;9011;Tidak Ada;2
207;9012;Tidak Ada;2
335;14362;Tidak Ada;2
335;14363;Tidak Ada;2
199;8714;32,03 persen;2
199;8714;12,67 persen;2
43;2050;Tidak Ada;2
199;8715;4,06 persen;2
335;14364;Tidak Ada;2
199;8716;Tidak Ada;2
199;8717;Tidak Ada;2
199;8718;Tidak Ada;2
199;8719;Tidak Ada;2
335;14365;Tidak Ada;2
199;8720;5 kali;2
199;8721;Tidak Ada;2
199;8722;Tidak Ada;2
335;14366;Tidak Ada;2
199;8723;Tidak Ada;2
335;14367;Tidak Ada;2
199;8724;Tidak Ada;2
199;8725;Tidak Ada;2
199;8726;Tidak Ada;2
199;8727;Tidak Ada;2
335;14368;Tidak Ada;2
335;14369;Tidak Ada;2
335;14370;Tidak Ada;2
215;9293;Tidak Ada;2
335;14371;Tidak Ada;2
215;9263;Tidak Ada;2
335;14372;Tidak Ada;2
215;9264;Tidak Ada;2
335;14373;Tidak Ada;2
215;9265;Tidak Ada;2
35;1576;17;2
306;13121;Tidak Ada;2
306;13122;Tidak Ada;2
27;1267;Tidak Ada;2
27;1268;Tidak Ada;2
27;1269;Tidak Ada;2
335;14374;Tidak Ada;2
335;14375;Tidak Ada;2
335;14376;Tidak Ada;2
335;14377;harga;2
335;14378;Tidak Ada;2
335;14379;Harga;2
335;14380;Tidak Ada;2
335;14381;Tidak Ada;2
335;14384;layar berukuran 4,5 inci Full HD;2
335;14384;1080x1620 piksel;2
335;14384;kerapatan layar hingga 434 piksel per inci;2
335;14384;aspek rasio 3:2;2
335;14385;layar sentuh berdimensi 5,5 inci;2
335;14386;4GB RAM;2
335;14386;64GB pada memori internal;2
335;14387;Tidak Ada;2
335;14388;Tidak Ada;2
335;14389;Tidak Ada;2
370;15882;mayoritas;2
335;14401;Tidak Ada;2
335;14402;Tidak Ada;2
335;14403;Tidak Ada;2
359;15391;Tidak Ada;2
359;15392;Tidak Ada;2
359;15393;Tidak Ada;2
359;15394;Tidak Ada;2
359;15395;Tidak Ada;2
359;15396;Tidak Ada;2
199;8681;Tidak Ada;2
199;8682;Tidak Ada;2
199;8683;Tidak Ada;2
199;8684;Tidak Ada;2
199;8685;Tidak Ada;2
370;15884;Tidak Ada;2
370;15885;Tidak Ada;2
199;8686;5,1 juta jiwa, 5,3 juta jiwa;2
370;15886;Tidak Ada;2
199;8687;28,9 ribu orang dan 129,6 orang;2
370;15887;Tidak Ada;2
199;8688;1,1 juta orang menjadi 570,6 ribu orang;2
370;15888;Tidak Ada;2
199;8689;Tidak Ada;2
199;8690;Tidak Ada;2
43;2051;Tidak Ada;2
359;15376;Tidak Ada;2
43;2052;Tidak Ada;2
43;2053;Tidak Ada;2
359;15377;Tidak Ada;2
43;2054;Tidak Ada;2
43;2055;Tidak Ada;2
43;2056;Tidak Ada;2
199;8691;Tidak Ada;2
43;2039;Tidak Ada;2
199;8692;Tidak Ada;2
199;8693;Tidak Ada;2
199;8694;Tidak Ada;2
43;2040;Tidak Ada;2
43;2041;Tidak Ada;2
43;2042;Tidak Ada;2
27;1270;Tidak Ada;2
43;2043;Tidak Ada;2
43;2044;Tidak Ada;2
27;1271;0%;2
27;1272;Tidak Ada;2
43;2045;Tidak Ada;2
43;2046;Tidak Ada;2
27;1235;Tidak Ada;2
27;1236;Tidak Ada;2
43;2047;Tidak Ada;2
27;1237;Tidak Ada;2
43;2048;Tidak Ada;2
75;3249;Tidak Ada;2
27;1238;Tidak Ada;2
359;15378;Tidak Ada;2
75;3250;Tidak Ada;2
27;1239;Tidak Ada;2
359;15379;30,2 persen;2
27;1240;Tidak Ada;2
27;1241;Tidak Ada;2
359;15381;Tidak Ada;2
27;1242;Tidak Ada;2
75;3251;Tidak Ada;2
359;15383;Tidak Ada;2
27;1243;Tidak Ada;2
75;3252;Tidak Ada;2
359;15387;Tidak Ada;2
359;15388;Tidak Ada;2
75;3219;Tidak Ada;2
27;1244;Tidak Ada;2
359;15389;Tidak Ada;2
27;1245;Tidak Ada;2
75;3220;Tidak Ada;2
27;1246;Tidak Ada;2
75;3221;Tidak Ada;2
75;3222;Tidak Ada;2
27;1247;Tidak Ada;2
75;3223;Tidak Ada;2
27;1248;Tidak Ada;2
75;3224;Tidak Ada;2
359;15390;Tidak Ada;2
75;3225;Tidak Ada;2
351;15115;Tidak Ada;2
27;1249;Tidak Ada;2
351;15116;Tidak Ada;2
351;15117;Tidak Ada;2
75;3226;Tidak Ada;2
27;1250;Tidak Ada;2
75;3227;Tidak Ada;2
75;3228;Tidak Ada;2
351;15118;Tidak Ada;2
75;3229;Tidak Ada;2
351;15119;Tidak Ada;2
351;15120;Tidak Ada;2
351;15121;kapasitas 5-15 orang;2
75;3230;Tidak Ada;2
351;15122;kapal;2
351;15122;pulau;2
75;3231;Tidak Ada;2
48;2191;Tidak Ada;2
351;15123;tarif mulai Rp8 juta;2
75;3232;Tidak Ada;2
75;3233;Tidak Ada;2
351;15124;Tidak Ada;2
351;15085;Tidak Ada;2
351;15086;Tidak Ada;2
351;15087;Tidak Ada;2
48;2192;Tidak Ada;2
5951;249804;Tidak Ada;2
5951;249805;Tidak Ada;2
199;8695;Tidak Ada;2
199;8696;Tidak Ada;2
5951;249806;Tidak Ada;2
5951;249807;Tidak Ada;2
5951;249808;Tidak Ada;2
5951;249809;Tidak Ada;2
5951;249810;Tidak Ada;2
48;2193;Tidak Ada;2
5951;249811;Tidak Ada;2
5951;249812;Tidak Ada;2
5951;249813;Tidak Ada;2
5951;249814;Tidak Ada;2
5951;249815;Tidak Ada;2
48;2194;Tidak Ada;2
5951;249816;Tidak Ada;2
5951;249817;Tidak Ada;2
5951;249818;Tidak Ada;2
5951;249819;Tidak Ada;2
5951;249820;Tidak Ada;2
370;15883;Tidak Ada;2
5951;249821;Tidak Ada;2
5951;249822;Tidak Ada;2
370;15889;Tidak Ada;2
370;15890;Tidak Ada;2
370;15842;Tidak Ada;2
48;2195;Tidak Ada;2
48;2196;Tidak Ada;2
5951;249823;Tidak Ada;2
5951;249824;Tidak Ada;2
5951;249825;Tidak Ada;2
5951;249826;Tidak Ada;2
5951;249827;Tidak Ada;2
5951;249828;Tidak Ada;2
5951;249829;Tidak Ada;2
5951;249830;Tidak Ada;2
5951;249831;Tidak Ada;2
5951;249832;Tidak Ada;2
370;15843;Tidak Ada;2
5951;249833;Tidak Ada;2
370;15844;Tidak Ada;2
5951;249834;Tidak Ada;2
370;15845;Tidak Ada;2
5951;249835;Tidak Ada;2
5951;249836;Tidak Ada;2
5951;249837;Tidak Ada;2
370;15846;50 ribu;2
5951;249838;Tidak Ada;2
370;15847;Tidak Ada;2
5951;249839;Tidak Ada;2
5951;249840;Tidak Ada;2
5951;249841;Tidak Ada;2
5951;249842;Tidak Ada;2
370;15848;Tidak Ada;2
5951;249843;Tidak Ada;2
370;15849;Tidak Ada;2
5951;249844;Tidak Ada;2
370;15850;Tidak Ada;2
370;15851;Tidak Ada;2
370;15852;Tidak Ada;2
370;15853;Tidak Ada;2
370;15854;Tidak Ada;2
370;15855;Tidak Ada;2
370;15856;Tidak Ada;2
5951;249845;Tidak Ada;2
370;15857;Tidak Ada;2
5951;249846;Tidak Ada;2
370;15858;Tidak Ada;2
5951;249847;Tidak Ada;2
370;15859;Tidak Ada;2
370;15860;Tidak Ada;2
5951;249848;Tidak Ada;2
370;15861;Tidak Ada;2
5951;249849;Tidak Ada;2
370;15862;Tidak Ada;2
5951;249850;Tidak Ada;2
370;15863;Tidak Ada;2
370;15864;Tidak Ada;2
370;15865;Tidak Ada;2
370;15866;Tidak Ada;2
370;15867;103 menit;2
370;15867;sembilan hari;2
370;15867;100 ribu;2
370;15868;Tidak Ada;2
370;15869;Tidak Ada;2
370;15870;Tidak Ada;2
370;15871;Tidak Ada;2
370;15872;Tidak Ada;2
199;8697;Tidak Ada;2
370;15873;Tidak Ada;2
370;15874;Tidak Ada;2
199;8698;Tidak Ada;2
370;15875;Tidak Ada;2
370;15876;Tidak Ada;2
370;15877;Tidak Ada;2
199;8699;satu dari sembilan;2
370;15878;Tidak Ada;2
199;8700;375 anak;2
370;15879;Tidak Ada;2
199;8701;Tidak Ada;2
370;15880;Tidak Ada;2
199;8702;tiga provinsi;2
370;15881;Tidak Ada;2
372;16052;Tidak Ada;2
372;16053;Tidak Ada;2
372;16054;Tidak Ada;2
372;16055;Tidak Ada;2
372;16056;Tidak Ada;2
372;16057;Tidak Ada;2
372;16058;Tidak Ada;2
372;16001;Tidak Ada;2
372;16002;Tidak Ada;2
372;16003;Tidak Ada;2
372;16004;Tidak Ada;2
372;16005;Tidak Ada;2
372;16006;Tidak Ada;2
372;16007;Tidak Ada;2
372;16008;Tidak Ada;2
372;16009;Tidak Ada;2
372;16010;Tidak Ada;2
372;16011;Tidak Ada;2
372;16012;Tidak Ada;2
372;16013;Tidak Ada;2
372;16014;Tidak Ada;2
372;16015;Tidak Ada;2
372;16016;20 x 8 meter;2
372;16016;30 cm;2
199;8703;30 ribu orang dan 2.000;2
199;8704;Tidak Ada;2
199;8705;Tidak Ada;2
199;8706;Tidak Ada;2
199;8707;Tidak Ada;2
199;8707;Tidak Ada;2
199;8708;Tidak Ada;2
199;8709;Tidak Ada;2
5965;250375;Tidak Ada;2
5965;250376;Tidak Ada;2
5965;250377;Tidak Ada;2
5965;250378;Tidak Ada;2
5965;250379;Tidak Ada;2
5965;250380;Tidak Ada;2
5965;250381;Tidak Ada;2
5965;250382;Tidak Ada;2
5965;250383;Tidak Ada;2
5965;250384;Tidak Ada;2
5965;250385;Tidak Ada;2
5965;250386;Tidak Ada;2
5965;250387;Tidak Ada;2
5965;250388;Tidak Ada;2
5965;250389;Tidak Ada;2
5965;250390;Tidak Ada;2
5965;250391;Tidak Ada;2
5965;250392;Tidak Ada;2
5965;250393;Tidak Ada;2
5965;250394;Tidak Ada;2
5965;250395;Tidak Ada;2
5965;250396;Tidak Ada;2
5965;250397;Tidak Ada;2
5965;250398;Tidak Ada;2
5965;250399;Tidak Ada;2
5965;250400;Tidak Ada;2
5965;250401;Tidak Ada;2
5965;250402;Tidak Ada;2
5965;250403;Tidak Ada;2
5965;250404;Tidak Ada;2
5965;250405;Tidak Ada;2
5965;250406;Tidak Ada;2
5965;250407;Tidak Ada;2
5965;250408;Tidak Ada;2
5965;250409;Tidak Ada;2
5965;250410;Tidak Ada;2
5960;250192;Tidak Ada;2
5960;250193;Tidak Ada;2
5960;250194;Tidak Ada;2
5960;250195;Tidak Ada;2
5960;250196;Tidak Ada;2
5960;250197;Tidak Ada;2
5960;250198;Tidak Ada;2
5960;250199;Tidak Ada;2
5960;250200;Tidak Ada;2
5960;250201;Tidak Ada;2
5960;250202;Tidak Ada;2
5960;250203;Tidak Ada;2
5960;250204;Tidak Ada;2
5960;250205;Tidak Ada;2
5960;250206;Tidak Ada;2
262;11385;Tidak Ada;2
262;11386;Tidak Ada;2
262;11387;Tidak Ada;2
262;11388;Tidak Ada;2
222;9449;Tidak Ada;2
262;11389;Tidak Ada;2
262;11390;Tidak Ada;2
262;11391;Tidak Ada;2
262;11392;Tidak Ada;2
351;15088;Tidak Ada;2
351;15089;Tidak Ada;2
207;9014;Tidak Ada;2
207;9015;Tidak Ada;2
207;9016;Tidak Ada;2
207;8987;Tidak Ada;2
207;8988;Tidak Ada;2
207;8989;Tidak Ada;2
207;8990;Tidak Ada;2
207;8991;Tidak Ada;2
207;8992;Tidak Ada;2
207;8993;Tidak Ada;2
207;8994;Tidak Ada;2
207;8995;Tidak Ada;2
207;8996;Tidak Ada;2
207;8997;Tidak Ada;2
207;8998;Tidak Ada;2
207;8999;Tidak Ada;2
207;9000;Tidak Ada;2
207;9001;Tidak Ada;2
207;9002;Tidak Ada;2
207;9003;Tidak Ada;2
207;9004;Tidak Ada;2
35;1577;tiga;2
267;11617;Tidak Ada;2
207;9005;Tidak Ada;2
207;9006;Tidak Ada;2
35;1578;tujuh;2
200;8748;Tidak Ada;2
267;11617;Tidak Ada;2
35;1579;Tidak Ada;2
200;8749;Tidak Ada;2
267;11618;Tidak Ada;2
267;11618;Tidak Ada;2
200;8750;Tidak Ada;2
35;1580;Tidak Ada;2
200;8751;Tidak Ada;2
267;11619;Tidak Ada;2
35;1581;Tidak Ada;2
267;11619;Tidak Ada;2
35;1582;20MP;2
267;11620;Tidak Ada;2
200;8752;Tidak Ada;2
35;1583;Tidak Ada;2
35;1584;Tidak Ada;2
200;8753;Tidak Ada;2
267;11620;Tidak Ada;2
35;1585;Tidak Ada;2
200;8754;Tidak Ada;2
35;1586;Tidak Ada;2
71;3134;Tidak Ada;2
267;11621;Tidak Ada;2
267;11621;Tidak Ada;2
200;8755;Tidak Ada;2
35;1587;Tidak Ada;2
35;1588;300;2
200;8728;Tidak Ada;2
200;8729;Tidak Ada;2
35;1589;Tidak Ada;2
267;11592;Tidak Ada;2
200;8730;Tidak Ada;2
267;11592;Tidak Ada;2
98;4070;Tidak Ada;2
35;1590;Tidak Ada;2
200;8731;Tidak Ada;2
35;1591;setahun;2
200;8732;Tidak Ada;2
200;8733;Tidak Ada;2
267;11593;Tidak Ada;2
192;8370;Tidak Ada;2
267;11593;Tidak Ada;2
200;8734;Tidak Ada;2
192;8371;Tidak Ada;2
192;8372;Tidak Ada;2
267;11595;Tidak Ada;2
200;8735;Tidak Ada;2
267;11595;Tidak Ada;2
192;8373;Tidak Ada;2
200;8736;Tidak Ada;2
267;11596;Tidak Ada;2
267;11596;Tidak Ada;2
192;8374;Tidak Ada;2
200;8737;Tidak Ada;2
98;4071;Tidak Ada;2
192;8375;Tidak Ada;2
192;8375;Tidak Ada;2
267;11597;Tidak Ada;2
200;8738;Tidak Ada;2
192;8376;Tidak Ada;2
267;11597;Tidak Ada;2
98;4072;Tidak Ada;2
200;8739;Tidak Ada;2
267;11600;Tidak Ada;2
98;4073;Tidak Ada;2
200;8740;Tidak Ada;2
267;11601;Tidak Ada;2
192;8377;Tidak Ada;2
267;11600;Tidak Ada;2
98;4025;Tidak Ada;2
200;8741;Tidak Ada;2
200;8742;Tidak Ada;2
192;8378;Tidak Ada;2
267;11603;Tidak Ada;2
267;11603;Tidak Ada;2
192;8379;Tidak Ada;2
200;8743;Tidak Ada;2
98;4027;Tidak Ada;2
192;8380;6;2
267;11604;Tidak Ada;2
192;8380;6;2
192;8381;260;2
267;11605;Tidak Ada;2
98;4028;Tidak Ada;2
267;11606;Tidak Ada;2
192;8382;Tidak Ada;2
98;4029;Tidak Ada;2
267;11608;Tidak Ada;2
98;4030;Tidak Ada;2
267;11610;Tidak Ada;2
192;8383;Tidak Ada;2
267;11622;Tidak Ada;2
98;4031;Tidak Ada;2
192;8384;Tidak Ada;2
98;4032;Tidak Ada;2
98;4032;Tidak Ada;2
267;11623;Tidak Ada;2
192;8385;Tidak Ada;2
98;4033;200;2
267;11624;Tidak Ada;2
98;4035;Tidak Ada;2
267;11625;Tidak Ada;2
98;4036;Tidak Ada;2
98;4037;Tidak Ada;2
267;11626;Tidak Ada;2
192;8386;251;2
192;8387;Tidak Ada;2
98;4040;Tidak Ada;2
267;11627;Tidak Ada;2
192;8388;90;2
267;11628;Tidak Ada;2
267;11629;Tidak Ada;2
267;11604;Tidak Ada;2
192;8389;Tidak Ada;2
267;11630;Tidak Ada;2
98;4041;Tidak Ada;2
267;11627;Tidak Ada;2
267;11632;Tidak Ada;2
192;8390;Tidak Ada;2
98;4042;Tidak Ada;2
192;8391;Tidak Ada;2
98;4043;Tidak Ada;2
192;8392;Tidak Ada;2
203;8869;Tidak Ada;2
98;4044;Tidak Ada;2
98;4045;Tidak Ada;2
98;4046;Tidak Ada;2
203;8870;Tidak Ada;2
192;8393;50;2
98;4047;Tidak Ada;2
98;4048;Tidak Ada;2
192;8394;Tidak Ada;2
98;4049;Tidak Ada;2
203;8871;Tidak Ada;2
98;4050;Tidak Ada;2
203;8872;Tidak Ada;2
98;4051;Tidak Ada;2
98;4052;Tidak Ada;2
98;4053;Tidak Ada;2
98;4054;Tidak Ada;2
98;4055;Tidak Ada;2
192;8395;Tidak Ada;2
203;8873;Tidak Ada;2
203;8874;Tidak Ada;2
284;12246;Tidak Ada;2
284;12247;Tidak Ada;2
284;12248;Tidak Ada;2
284;12249;Tidak Ada;2
284;12250;Tidak Ada;2
284;12251;Tidak Ada;2
289;12407;Tidak Ada;2
289;12408;Tidak Ada;2
289;12409;Tidak Ada;2
289;12410;Tidak Ada;2
289;12411;Tidak Ada;2
289;12412;Tidak Ada;2
289;12413;Tidak Ada;2
200;8744;Tidak Ada;2
200;8745;Tidak Ada;2
200;8746;Tidak Ada;2
200;8747;Tidak Ada;2
204;8942;Tidak Ada;2
204;8943;Tidak Ada;2
204;8902;Tidak Ada;2
204;8903;Tidak Ada;2
204;8904;Tidak Ada;2
204;8905;Tidak Ada;2
204;8906;Tidak Ada;2
204;8907;Tidak Ada;2
98;4056;Tidak Ada;2
98;4057;Tidak Ada;2
98;4058;Tidak Ada;2
98;4059;Tidak Ada;2
98;4060;Tidak Ada;2
98;4061;Tidak Ada;2
98;4062;Tidak Ada;2
98;4064;Tidak Ada;2
98;4065;Tidak Ada;2
98;4066;Tidak Ada;2
98;4067;Tidak Ada;2
98;4068;Tidak Ada;2
98;4069;Tidak Ada;2
139;5944;Tidak Ada;2
147;6365;Tidak Ada;2
147;6366;Tidak Ada;2
147;6367;Tidak Ada;2
147;6371;Tidak Ada;2
147;6372;Tidak Ada;2
147;6320;Tidak Ada;2
147;6321;Tidak Ada;2
147;6322;Tidak Ada;2
147;6323;Tidak Ada;2
147;6324;Tidak Ada;2
147;6326;Tidak Ada;2
244;10622;satu mesin Electronic Data Capture (EDC);2
289;12414;Tidak Ada;2
289;12415;Tidak Ada;2
289;12416;Tidak Ada;2
289;12417;Tidak Ada;2
289;12418;Tidak Ada;2
289;12419;Tidak Ada;2
289;12420;Tidak Ada;2
289;12421;Tidak Ada;2
289;12422;Tidak Ada;2
289;12423;Tidak Ada;2
289;12424;Tidak Ada;2
289;12425;Tidak Ada;2
289;12426;Tidak Ada;2
289;12427;Tidak Ada;2
244;10623;Tidak Ada;2
244;10624;Enam BUMN;2
289;12428;Tidak Ada;2
289;12429;Tidak Ada;2
244;10625;Tidak Ada;2
289;12430;Tidak Ada;2
289;12431;Tidak Ada;2
289;12432;Tidak Ada;2
293;12534;Tidak Ada;2
293;12535;Tidak Ada;2
293;12536;Tidak Ada;2
293;12537;Tidak Ada;2
293;12538;Tidak Ada;2
293;12539;Tidak Ada;2
293;12540;Tidak Ada;2
293;12540;Tidak Ada;2
293;12541;Tidak Ada;2
293;12542;Tidak Ada;2
293;12543;Tidak Ada;2
293;12544;Tidak Ada;2
293;12545;Tidak Ada;2
293;12546;Tidak Ada;2
293;12547;Tidak Ada;2
293;12548;Tidak Ada;2
244;10626;enam bank;2
244;10627;Tidak Ada;2
244;10628;satu;2
244;10629;Tidak Ada;2
244;10630;400 ribu;2
244;10630;200 ribu;2
244;10630;120 ribu;2
244;10630;100 ribu;2
244;10631;enam perusahaan;2
244;10631;10 ribu;2
244;10632;4.400 mesin;2
244;10632;1.500 mesin;2
244;10633;Tidak Ada;2
244;10634;Tidak Ada;2
244;10635;0;2
244;10636;Tidak Ada;2
244;10637;2,5 persen;2
244;10637;3 persen;2
244;10638;1 persen;2
244;10639;Tidak Ada;2
204;8908;Tidak Ada;2
204;8909;Tidak Ada;2
204;8910;Tidak Ada;2
204;8911;Tidak Ada;2
204;8912;Tidak Ada;2
204;8913;Tidak Ada;2
204;8914;Tidak Ada;2
204;8915;Tidak Ada;2
204;8916;Tidak Ada;2
204;8917;Tidak Ada;2
204;8918;Tidak Ada;2
75;3234;Tidak Ada;2
75;3235;Tidak Ada;2
75;3236;Tidak Ada;2
75;3237;Tidak Ada;2
75;3238;Tidak Ada;2
75;3239;Tidak Ada;2
75;3240;Tidak Ada;2
75;3241;Tidak Ada;2
75;3242;Tidak Ada;2
75;3243;Tidak Ada;2
75;3244;Tidak Ada;2
75;3245;Tidak Ada;2
192;8396;Tidak Ada;2
147;6327;Tidak Ada;2
147;6328;Tidak Ada;2
147;6329;Tidak Ada;2
147;6331;Tidak Ada;2
147;6332;Tidak Ada;2
147;6333;Tidak Ada;2
147;6334;Tidak Ada;2
147;6335;Tidak Ada;2
147;6336;Tidak Ada;2
147;6337;Tidak Ada;2
147;6338;Tidak Ada;2
147;6339;Tidak Ada;2
147;6340;Tidak Ada;2
147;6341;Tidak Ada;2
147;6342;Tidak Ada;2
147;6343;Tidak Ada;2
147;6344;Tidak Ada;2
147;6345;30 meter;2
147;6346;Tidak Ada;2
113;4617;Tidak Ada;2
113;4618;Tidak Ada;2
76;3256;Tidak Ada;2
76;3257;Tidak Ada;2
76;3258;Tidak Ada;2
76;3259;Tidak Ada;2
76;3260;Tidak Ada;2
76;3261;Tidak Ada;2
76;3262;13;2
76;3263;Tidak Ada;2
76;3264;31;2
76;3265;Tidak Ada;2
76;3266;Tidak Ada;2
76;3267;Tidak Ada;2
76;3268;Tidak Ada;2
76;3269;Tidak Ada;2
76;3270;Tidak Ada;2
76;3271;Tidak Ada;2
76;3272;Tidak Ada;2
76;3273;Tidak Ada;2
76;3274;Tidak Ada;2
76;3275;Tidak Ada;2
76;3276;Tidak Ada;2
76;3277;58;2
76;3278;Tidak Ada;2
113;4619;Tidak Ada;2
113;4620;Tidak Ada;2
113;4621;170 kilometer;2
113;4622;lebar 50-150;2
113;4623;Tidak Ada;2
113;4624;Tidak Ada;2
113;4625;Tidak Ada;2
113;4626;Tidak Ada;2
113;4627;Tidak Ada;2
113;4628;Rp5;2
113;4629;Rp5000 per orang;2
113;4630;20 menit;2
113;4631;Tidak Ada;2
113;4632;Tidak Ada;2
113;4633;Tidak Ada;2
113;4634;Tidak Ada;2
113;4635;Tidak Ada;2
113;4636;Tidak Ada;2
113;4637;Tidak Ada;2
113;4638;Tidak Ada;2
113;4639;Dua pantai;2
113;4640;dua pantai;2
113;4641;Pertama;2
113;4642;Tidak Ada;2
113;4643;Tidak Ada;2
113;4644;Tidak Ada;2
113;4645;Tidak Ada;2
113;4646;Tidak Ada;2
113;4647;Tidak Ada;2
113;4648;Tidak Ada;2
113;4649;Tidak Ada;2
113;4650;Tidak Ada;2
113;4651;Tidak Ada;2
113;4652;Tidak Ada;2
113;4653;Tidak Ada;2
113;4654;Tidak Ada;2
114;4655;Tidak Ada;2
114;4656;Tidak Ada;2
114;4657;Tidak Ada;2
204;8919;Tidak Ada;2
204;8920;Tidak Ada;2
27;1251;Tidak Ada;2
27;1252;Tidak Ada;2
27;1253;Tidak Ada;2
27;1254;Tidak Ada;2
27;1255;Tidak Ada;2
5894;247711;Tidak Ada;2
27;1256;Tidak Ada;2
27;1257;Tidak Ada;2
27;1258;Tidak Ada;2
27;1259;Tidak Ada;2
5894;247712;Tidak Ada;2
27;1260;Tidak Ada;2
27;1261;Tidak Ada;2
5894;247713;Tidak Ada;2
27;1262;90;2
5894;247714;Tidak Ada;2
27;1263;Tidak Ada;2
27;1264;Tidak Ada;2
5894;247715;Tidak Ada;2
5894;247716;Tidak Ada;2
5894;247717;Tidak Ada;2
5894;247718;Tidak Ada;2
5894;247719;Tidak Ada;2
5894;247720;Tidak Ada;2
5894;247721;Tidak Ada;2
5894;247722;Tidak Ada;2
5905;248110;Sembilan;2
5894;247723;Tidak Ada;2
5894;247724;Tidak Ada;2
5894;247725;Tidak Ada;2
5905;248111;Tidak Ada;2
5894;247726;Tidak Ada;2
5905;248112;Tidak Ada;2
5894;247727;Tidak Ada;2
5894;247728;Tidak Ada;2
5894;247729;Tidak Ada;2
5894;247730;Tidak Ada;2
5894;247731;Tidak Ada;2
5894;247732;Tidak Ada;2
5894;247733;Tidak Ada;2
5894;247734;Tidak Ada;2
5894;247735;Tidak Ada;2
5894;247736;Tidak Ada;2
5905;248113;23;2
5894;247737;Tidak Ada;2
5894;247738;Tidak Ada;2
5894;247739;Tidak Ada;2
5905;248114;Tidak Ada;2
5905;248115;Tidak Ada;2
5905;248116;Tidak Ada;2
5894;247740;Tidak Ada;2
5905;248117;Tidak Ada;2
5894;247741;Tidak Ada;2
5894;247742;Tidak Ada;2
5905;248118;Tidak Ada;2
5905;248119;Tidak Ada;2
5894;247743;Tidak Ada;2
5894;247744;Tidak Ada;2
5905;248120;Tidak Ada;2
5905;248121;Tidak Ada;2
5905;248122;Tidak Ada;2
5905;248123;Tidak Ada;2
5905;248124;Tidak Ada;2
5905;248125;Tidak Ada;2
5905;248126;Tidak Ada;2
114;4658;Tidak Ada;2
114;4659;Tidak Ada;2
114;4660;Tidak Ada;2
306;13123;Tidak Ada;2
306;13124;Tidak Ada;2
306;13125;Tidak Ada;2
114;4661;Tidak Ada;2
114;4662;Tidak Ada;2
114;4663;Tidak Ada;2
5905;248127;Tidak Ada;2
5905;248128;Tidak Ada;2
5905;248129;Tidak Ada;2
114;4664;Tidak Ada;2
5905;248130;Tidak Ada;2
114;4665;Tidak Ada;2
5905;248131;Tidak Ada;2
114;4666;Tidak Ada;2
5894;247745;Tidak Ada;2
5894;247746;Tidak Ada;2
114;4667;Tidak Ada;2
5894;247747;Tidak Ada;2
5894;247748;Tidak Ada;2
5894;247749;Tidak Ada;2
5894;247750;Tidak Ada;2
5894;247751;Tidak Ada;2
5894;247752;Tidak Ada;2
114;4668;Tidak Ada;2
5894;247753;Tidak Ada;2
114;4669;Tidak Ada;2
5894;247754;Tidak Ada;2
5897;247830;Tidak Ada;2
5894;247755;Tidak Ada;2
5894;247756;Tidak Ada;2
5897;247831;Tidak Ada;2
5894;247757;Tidak Ada;2
114;4670;Tidak Ada;2
5897;247832;Tidak Ada;2
5894;247758;Tidak Ada;2
114;4671;Tidak Ada;2
114;4672;Tidak Ada;2
5903;248065;Tidak Ada;2
114;4673;Tidak Ada;2
5897;247833;Tidak Ada;2
5903;248066;Tidak Ada;2
75;3246;Tidak Ada;2
5897;247834;Tidak Ada;2
5903;248067;Tidak Ada;2
114;4674;Tidak Ada;2
5903;248068;Tidak Ada;2
5903;248069;Tidak Ada;2
114;4675;Tidak Ada;2
75;3247;Tidak Ada;2
5897;247835;Tidak Ada;2
5903;248070;Tidak Ada;2
5903;248071;Tidak Ada;2
114;4676;Tidak Ada;2
5897;247836;Tidak Ada;2
75;3248;Tidak Ada;2
5903;248072;Tidak Ada;2
5903;248073;Tidak Ada;2
5903;248074;Tidak Ada;2
5897;247837;Tidak Ada;2
5903;248075;Tidak Ada;2
213;9231;Tidak Ada;2
5897;247838;Tidak Ada;2
5872;246890;Tidak Ada;2
5872;246891;Tidak Ada;2
213;9232;Tidak Ada;2
5872;246892;Tidak Ada;2
252;10977;Tidak Ada;2
5872;246893;Tidak Ada;2
5959;250185;Tidak Ada;2
252;10978;Tidak Ada;2
5872;246894;Tidak Ada;2
5872;246895;Tidak Ada;2
252;10979;Tidak Ada;2
5959;250186;Tidak Ada;2
114;4677;Tidak Ada;2
252;10980;Tidak Ada;2
114;4678;Tidak Ada;2
5959;250187;Tidak Ada;2
5872;246896;Tidak Ada;2
5872;246897;Tidak Ada;2
252;10981;Tidak Ada;2
5872;246898;Tidak Ada;2
5872;246899;Tidak Ada;2
252;10982;Tidak Ada;2
114;4679;Tidak Ada;2
5872;246900;Tidak Ada;2
252;10983;Tidak Ada;2
5872;246901;Tidak Ada;2
5959;250188;Tidak Ada;2
5872;246902;Tidak Ada;2
252;10984;Tidak Ada;2
5959;250189;Tidak Ada;2
5872;246903;Tidak Ada;2
252;10985;Tidak Ada;2
114;4680;Tidak Ada;2
5872;246904;Tidak Ada;2
5872;246905;Tidak Ada;2
114;4681;Tidak Ada;2
5872;246906;Tidak Ada;2
5959;250190;Tidak Ada;2
252;10986;Tidak Ada;2
5959;250191;Tidak Ada;2
5959;250155;Tidak Ada;2
252;10987;Tidak Ada;2
114;4682;Tidak Ada;2
5959;250156;Tidak Ada;2
252;10988;Tidak Ada;2
252;10989;Tidak Ada;2
5959;250157;Tidak Ada;2
252;10990;Tidak Ada;2
252;10991;Tidak Ada;2
5959;250158;Tidak Ada;2
252;10992;Tidak Ada;2
252;10993;Tidak Ada;2
5959;250159;Tidak Ada;2
252;10994;Tidak Ada;2
252;10995;Tidak Ada;2
5959;250161;Tidak Ada;2
114;4683;Tidak Ada;2
252;10996;Tidak Ada;2
114;4684;Tidak Ada;2
5959;250162;Tidak Ada;2
252;10997;Tidak Ada;2
114;4685;Tidak Ada;2
252;10998;Tidak Ada;2
114;4686;Tidak Ada;2
252;10999;Tidak Ada;2
114;4687;Tidak Ada;2
252;11000;Tidak Ada;2
114;4688;Tidak Ada;2
252;11001;Tidak Ada;2
114;4689;Tidak Ada;2
252;11002;Tidak Ada;2
252;11003;Tidak Ada;2
114;4690;Tidak Ada;2
252;11004;Tidak Ada;2
114;4691;Tidak Ada;2
252;11005;Tidak Ada;2
114;4692;Tidak Ada;2
252;11006;Tidak Ada;2
116;4711;Tidak Ada;2
252;11007;Tidak Ada;2
252;11008;Tidak Ada;2
5959;250163;Tidak Ada;2
116;4712;Tidak Ada;2
5959;250164;Tidak Ada;2
252;11009;Tidak Ada;2
252;11010;Tidak Ada;2
116;4713;Tidak Ada;2
5959;250165;Tidak Ada;2
116;4714;Tidak Ada;2
116;4715;Tidak Ada;2
5959;250166;Tidak Ada;2
116;4716;Tidak Ada;2
116;4717;Tidak Ada;2
116;4718;Tidak Ada;2
116;4719;Tidak Ada;2
116;4720;Tidak Ada;2
5897;247839;48 kg;2
5897;247840;56 kg;2
244;10640;Tidak Ada;2
244;10641;Tidak Ada;2
244;10642;Tidak Ada;2
244;10643;Tidak Ada;2
244;10644;ganda;2
244;10645;Tidak Ada;2
244;10646;Tidak Ada;2
244;10647;Tidak Ada;2
244;10648;Tidak Ada;2
244;10649;Tidak Ada;2
244;10650;ganda;2
5967;250456;Tidak Ada;2
5967;250457;Setengah;2
5967;250457;Delapan;2
5967;250458;Tidak Ada;2
5967;250459;15,49 persen;2
5967;250460;53,41 persen;2
5967;250461;424 triliun;2
5967;250462;Tidak Ada;2
5967;250463;351 triliun;2
5967;250464;Tidak Ada;2
5967;250465;Tidak Ada;2
5967;250466;Tidak Ada;2
5967;250467;351 triliun;2
5967;250468;17,63 persen;2
5967;250469;Tidak Ada;2
5967;250470;22,24 persen;2
5967;250470;15,57 persen;2
5967;250470;9,44 persen;2
5967;250470;26,85 persen;2
5967;250471;dua;2
5967;250471;13,08 persen;2
5967;250471;29,75 persen;2
5967;250472;Tidak Ada;2
5967;250473;572,3 triliun;2
5967;250473;16,4 persen;2
5967;250474;Tidak Ada;2
71;3135;Tidak Ada;2
71;3136;Tidak Ada;2
71;3137;Tidak Ada;2
71;3138;Tidak Ada;2
71;3139;Tidak Ada;2
71;3140;Tidak Ada;2
71;3141;Tidak Ada;2
71;3142;Tidak Ada;2
71;3114;Tidak Ada;2
71;3115;Tidak Ada;2
71;3116;Tidak Ada;2
71;3117;Tidak Ada;2
71;3118;Tidak Ada;2
71;3119;Tidak Ada;2
71;3120;Tidak Ada;2
71;3121;lebih dari 4500;2
71;3122;Tidak Ada;2
71;3123;Tidak Ada;2
71;3124;Tidak Ada;2
71;3125;Tidak Ada;2
141;6037;Tidak Ada;2
71;3126;Tidak Ada;2
71;3126;Tidak Ada;2
71;3127;Tidak Ada;2
71;3128;94%;2
141;6038;Tidak Ada;2
71;3129;1;2
71;3129;1000;2
71;3130;Tidak Ada;2
71;3131;Tidak Ada;2
71;3132;Tidak Ada;2
71;3133;Tidak Ada;2
5926;248930;317;2
5926;248931;lima;2
5926;248932;Tidak Ada;2
141;6039;Tidak Ada;2
5926;248933;Tidak Ada;2
5926;248934;9,71;2
5926;248934;0,4;2
5926;248935;Tidak Ada;2
141;6040;Tidak Ada;2
141;6041;Tidak Ada;2
5926;248936;5 emas, 2 perak, dan 5 perunggu.;2
141;6042;Tidak Ada;2
141;6043;Tidak Ada;2
5926;248937;Tidak Ada;2
5926;248892;62 Kg;2
141;6044;Tidak Ada;2
5926;248893;311 Kg;2
5926;248894;Tidak Ada;2
5926;248897;Tidak Ada;2
5926;248898;62 kg;2
5926;248899;total skor angkatan 311 (141 kg snatch dan 170 kg clean and jerk).;2
5926;248900;skor 299 (133 kg snatch dan 166 kg clean and jerk);2
5926;248900;skor 298 (136 kg snatch dan 162 kg clean and jerk).;2
5926;248901;Tidak Ada;2
5926;248902;Tidak Ada;2
5926;248903;lima mendali emas;2
5926;248904;Tidak Ada;2
5926;248904;Tidak Ada;2
5926;248905;Tidak Ada;2
5926;248906;Tidak Ada;2
5926;248906;Tidak Ada;2
5926;248907;tujuh perak dan 13 perunggu;2
5926;248908;Tidak Ada;2
141;6045;Tidak Ada;2
141;6046;Tidak Ada;2
141;5966;Tidak Ada;2
141;5967;Tidak Ada;2
5926;248909;Tidak Ada;2
5926;248910;dua kali perunggu;2
141;5968;Tidak Ada;2
141;5969;40;2
141;5970;Tidak Ada;2
5967;250475;16,4 persen;2
5967;250476;572,3 triliun;2
5967;250477;Tidak Ada;2
5967;250478;Tidak Ada;2
76;3279;Tidak Ada;2
5967;250479;Tidak Ada;2
76;3280;Tidak Ada;2
5967;250480;Tidak Ada;2
5967;250481;Tidak Ada;2
203;8875;Tidak Ada;2
203;8876;Tidak Ada;2
5967;250482;Tidak Ada;2
203;8877;Tidak Ada;2
203;8878;Tidak Ada;2
203;8879;Tidak Ada;2
5967;250483;Tidak Ada;2
203;8880;Tidak Ada;2
203;8881;Tidak Ada;2
293;12549;Tidak Ada;2
203;8882;Tidak Ada;2
293;12550;Tidak Ada;2
203;8883;Tidak Ada;2
203;8884;Tidak Ada;2
5967;250484;Tidak Ada;2
293;12551;Tidak Ada;2
293;12552;Tidak Ada;2
203;8885;Tidak Ada;2
293;12553;Tidak Ada;2
203;8886;30;2
5967;250485;16 persen;2
293;12554;Tidak Ada;2
203;8887;Tidak Ada;2
293;12555;Tidak Ada;2
203;8888;10 juta;2
203;8888;Tidak Ada;2
293;12556;Tidak Ada;2
203;8889;8,5 juta;2
5967;250486;Tidak Ada;2
293;12557;Tidak Ada;2
293;12558;Tidak Ada;2
203;8890;Tidak Ada;2
293;12559;Tidak Ada;2
203;8891;Tidak Ada;2
293;12560;Tidak Ada;2
203;8892;Tidak Ada;2
76;3281;Tidak Ada;2
293;12561;Tidak Ada;2
293;12562;Tidak Ada;2
76;3282;Tidak Ada;2
293;12563;Tidak Ada;2
5967;250487;Tidak Ada;2
293;12564;Tidak Ada;2
76;3283;Tidak Ada;2
294;12565;Tidak Ada;2
76;3284;Tidak Ada;2
294;12566;Tidak Ada;2
203;8893;Tidak Ada;2
203;8894;15;2
294;12567;Tidak Ada;2
203;8895;Tidak Ada;2
294;12569;Tidak Ada;2
96;4016;Tidak Ada;2
294;12570;Tidak Ada;2
203;8896;Tidak Ada;2
141;5971;Tidak Ada;2
294;12572;Tidak Ada;2
141;5972;Tidak Ada;2
5967;250488;Tidak Ada;2
203;8897;Tidak Ada;2
96;4017;Tidak Ada;2
294;12573;Tidak Ada;2
203;8898;Tidak Ada;2
294;12574;Tidak Ada;2
203;8899;Tidak Ada;2
96;4018;Tidak Ada;2
294;12575;Tidak Ada;2
203;8900;Tidak Ada;2
96;4019;Tidak Ada;2
203;8901;Tidak Ada;2
5919;248647;Tidak Ada;2
5919;248648;Tidak Ada;2
96;4020;Tidak Ada;2
5919;248616;Tidak Ada;2
5919;248617;Tidak Ada;2
5919;248618;Tidak Ada;2
5919;248619;Tidak Ada;2
5919;248620;Tidak Ada;2
5919;248621;116;2
96;4021;Tidak Ada;2
5919;248622;Tidak Ada;2
5919;248623;Tidak Ada;2
294;12576;Tidak Ada;2
5919;248624;Tidak Ada;2
5919;248625;Tidak Ada;2
5919;248626;Tidak Ada;2
96;3965;Tidak Ada;2
96;3966;Tidak Ada;2
96;3967;Tidak Ada;2
5919;248627;Tidak Ada;2
294;12577;Tidak Ada;2
96;3968;Tidak Ada;2
5919;248628;Tidak Ada;2
96;3969;Tidak Ada;2
5919;248629;Tidak Ada;2
294;12578;Tidak Ada;2
5919;248630;Tidak Ada;2
96;3970;Tidak Ada;2
5919;248631;Tidak Ada;2
5919;248632;Tidak Ada;2
5919;248633;Tidak Ada;2
96;3971;Tidak Ada;2
5919;248635;Tidak Ada;2
294;12579;Tidak Ada;2
96;3972;Tidak Ada;2
294;12580;Tidak Ada;2
96;3973;Tidak Ada;2
96;3974;Tidak Ada;2
294;12581;Tidak Ada;2
294;12582;Tidak Ada;2
294;12583;Tidak Ada;2
96;3975;Tidak Ada;2
294;12584;Tidak Ada;2
96;3976;Tidak Ada;2
96;3977;Tidak Ada;2
96;3978;Tidak Ada;2
96;3979;Tidak Ada;2
96;3980;Tidak Ada;2
96;3981;Tidak Ada;2
96;3982;Tidak Ada;2
96;3983;Tidak Ada;2
96;3984;Tidak Ada;2
96;3985;Tidak Ada;2
96;3986;Tidak Ada;2
96;3988;Tidak Ada;2
96;3989;Tidak Ada;2
109;4462;13 film;2
5895;247789;Tidak Ada;2
109;4463;Tidak Ada;2
109;4464;Tidak Ada;2
5895;247759;Tidak Ada;2
5895;247760;0.88 %;2
5895;247760;52.11 point;2
5895;247760;level 5.944,30;2
5895;247761;0.12 %;2
5895;247761;7,11 poin;2
5895;247761;5.899,30;2
96;3990;Tidak Ada;2
5895;247762;5.959,91;2
5895;247762;5.899,30;2
109;4465;dua wirausahawan;2
96;3991;Tidak Ada;2
96;3992;10%;2
109;4466;Tidak Ada;2
5895;247763;378.344 kali;2
5895;247763;7,33 Trilliun;2
96;3993;5.829;2
5895;247764;157;2
5895;247764;213;2
5895;247764;229;2
5895;247765;2.54 persen;2
5895;247765;2,4 persen;2
5895;247766;2,17 persen;2
5895;247767;0,77 persen;2
5895;247768;2,77 Trilliun;2
5895;247772;2,62 Trilliun;2
5895;247776;Tidak Ada;2
5895;247777;Tidak Ada;2
5895;247778;Tidak Ada;2
5895;247779;0,53;2
5895;247779;1,24;2
5895;247779;-0,13;2
5895;247780;Tidak Ada;2
5895;247781;-0,86;2
5895;247781;0,25 persen;2
5895;247781;1,80 persen;2
5895;247782;Rp14;2
5895;247785;Rp14.568,00;2
5895;247785;Rp14.578,00;2
5895;247788;Tidak Ada;2
109;4467;Tidak Ada;2
5898;247906;Tidak Ada;2
5898;247856;Tidak Ada;2
109;4468;Tidak Ada;2
5898;247857;Tidak Ada;2
5898;247858;Tidak Ada;2
5898;247859;Rp700;2
5898;247860;Rp1;2
5898;247863;Tidak Ada;2
5898;247866;Tidak Ada;2
5898;247867;rp1.000 per kilogram;2
5898;247869;Tidak Ada;2
5898;247870;Tidak Ada;2
5898;247871;Tidak Ada;2
109;4469;Tidak Ada;2
5898;247872;Tidak Ada;2
109;4470;Tidak Ada;2
5898;247873;Tidak Ada;2
5898;247874;Tidak Ada;2
109;4471;Tidak Ada;2
109;4472;Tidak Ada;2
5898;247875;Rp1.600 per kilogram;2
5898;247875;Rp800 per kilogram;2
5898;247877;Tidak Ada;2
109;4473;Tidak Ada;2
5898;247879;Tidak Ada;2
5898;247880;Tidak Ada;2
5898;247881;rp760;2
5898;247881;rp2.000 per kilogram;2
5898;247883;Tidak Ada;2
5898;247883;Tidak Ada;2
5898;247884;85 kilogram;2
5898;247884;Rp65.000 per tombong atau keranjang anyaman bambu;2
5898;247886;Tidak Ada;2
109;4474;Tidak Ada;2
5898;247890;Tidak Ada;2
109;4475;Tidak Ada;2
5898;247891;Rp14 juta per tahun;2
5898;247892;Tidak Ada;2
5898;247893;Tidak Ada;2
3;119;meter;2
3;120;Tidak Ada;2
3;121;Tidak Ada;2
3;122;Tidak Ada;2
3;123;Tidak Ada;2
3;124;Tidak Ada;2
3;125;Tidak Ada;2
3;126;Tidak Ada;2
3;127;Tidak Ada;2
3;128;300;2
3;128;juta;2
3;129;Tidak Ada;2
3;130;Tidak Ada;2
351;15090;Tidak Ada;2
3;131;Tidak Ada;2
351;15091;40.728 hektare;2
351;15092;Tidak Ada;2
3;132;Tidak Ada;2
351;15094;Tidak Ada;2
5898;247894;rp4.1 juta per 100 meter;2
3;133;2.2;2
3;133;1.7;2
109;4476;Tidak Ada;2
4;184;100;2
4;184;Tidak Ada;2
109;4477;Tidak Ada;2
4;185;50;2
4;185;50;2
4;185;5;2
4;185;0;2
4;185;"kilometer,""";2
4;185;50 kilometer;2
5898;247895;Tidak Ada;2
109;4478;Tidak Ada;2
5898;247896;Tidak Ada;2
115;4693;Tidak Ada;2
5898;247897;Tidak Ada;2
5898;247901;rp170.000 per tombong;2
5898;247901;rp70.000;2
5898;247901;rp75.000 per tombong;2
4;186;Tidak Ada;2
4;187;Tidak Ada;2
5898;247903;Tidak Ada;2
115;4694;Tidak Ada;2
4;188;Tidak Ada;2
4;189;Tidak Ada;2
115;4695;Tidak Ada;2
4;190;Tidak Ada;2
5898;247904;Tidak Ada;2
4;191;Tidak Ada;2
115;4696;Tidak Ada;2
5901;248011;Tidak Ada;2
4;192;Tidak Ada;2
4;134;Tidak Ada;2
5901;248012;Tidak Ada;2
4;135;Tidak Ada;2
4;136;Tidak Ada;2
5901;248013;Tidak Ada;2
4;137;Tidak Ada;2
115;4697;460 buah;2
115;4697;lorong dua;2
115;4698;Tidak Ada;2
5901;248015;Tidak Ada;2
115;4699;Tidak Ada;2
5901;248016;Tidak Ada;2
115;4700;Tidak Ada;2
115;4701;Tidak Ada;2
5901;248017;Tidak Ada;2
5901;248018;Tidak Ada;2
115;4702;Tidak Ada;2
192;8397;Tidak Ada;2
115;4703;Tidak Ada;2
5901;248019;Tidak Ada;2
115;4704;Tidak Ada;2
192;8398;Tidak Ada;2
115;4705;350 orang;2
306;13126;Tidak Ada;2
306;13127;Tidak Ada;2
115;4706;Tidak Ada;2
306;13128;Tidak Ada;2
306;13129;Tidak Ada;2
306;13130;Tidak Ada;2
115;4707;1.000 tahun lebih;2
306;13131;Tidak Ada;2
115;4708;Tidak Ada;2
306;13132;Tidak Ada;2
306;13133;Tidak Ada;2
306;13134;Tidak Ada;2
306;13135;Tidak Ada;2
306;13136;Tidak Ada;2
306;13137;Tidak Ada;2
115;4709;Tidak Ada;2
306;13138;2.5;2
306;13138;3;2
306;13139;Tidak Ada;2
115;4710;Tidak Ada;2
306;13140;empat;2
306;13141;800;2
306;13142;Tidak Ada;2
5901;248020;Tidak Ada;2
116;4721;ke-20;2
5901;247991;Ratusan;2
306;13143;dua;2
306;13144;Tidak Ada;2
306;13145;Tidak Ada;2
306;13146;3,5;2
116;4722;Tidak Ada;2
116;4723;Tidak Ada;2
116;4724;130-142 cm;2
122;5172;Tidak Ada;2
116;4725;Tidak Ada;2
5901;247992;Tidak Ada;2
122;5173;Tidak Ada;2
5901;247993;Tidak Ada;2
122;5174;Tidak Ada;2
5901;247994;Tidak Ada;2
122;5175;24 kali;2
122;5175;empat kali;2
5901;247995;Tidak Ada;2
122;5176;20 pertandingan;2
122;5177;Tidak Ada;2
116;4726;Tidak Ada;2
122;5178;Tidak Ada;2
116;4727;Tidak Ada;2
122;5179;Tidak Ada;2
122;5180;Tidak Ada;2
122;5181;2-2;2
116;4728;Tidak Ada;2
122;5142;5-1;2
116;4729;Tidak Ada;2
116;4730;1001 kuda;2
116;4731;Tidak Ada;2
116;4732;1001 kuda;2
5958;250140;Tidak Ada;2
116;4733;Tidak Ada;2
116;4734;Tidak Ada;2
116;4735;Tidak Ada;2
116;4736;1001 kuda;2
5958;250142;Tidak Ada;2
5958;250144;Tidak Ada;2
5958;250145;Tidak Ada;2
5958;250120;Tidak Ada;2
116;4737;Tidak Ada;2
116;4738;Tidak Ada;2
116;4739;dua ekor;2
116;4740;Tidak Ada;2
5959;250167;Tidak Ada;2
5959;250168;Tidak Ada;2
5959;250169;Tidak Ada;2
116;4741;Tidak Ada;2
5959;250170;Tidak Ada;2
5958;250121;Tidak Ada;2
5959;250171;Tidak Ada;2
116;4742;Tidak Ada;2
5959;250172;Tidak Ada;2
5958;250122;Tidak Ada;2
5959;250173;Tidak Ada;2
204;8921;Tidak Ada;2
5959;250174;Tidak Ada;2
5958;250123;Tidak Ada;2
116;4743;Tidak Ada;2
5959;250175;Tidak Ada;2
5958;250126;Tidak Ada;2
204;8922;Tidak Ada;2
5959;250176;Tidak Ada;2
204;8923;Tidak Ada;2
5958;250128;Tidak Ada;2
5958;250129;Tidak Ada;2
204;8924;Tidak Ada;2
5959;250177;Tidak Ada;2
204;8925;Tidak Ada;2
204;8926;Tidak Ada;2
5958;250130;Tidak Ada;2
5958;250133;Tidak Ada;2
5959;250178;Tidak Ada;2
204;8927;Tidak Ada;2
5959;250179;Tidak Ada;2
204;8928;Tidak Ada;2
204;8929;Tidak Ada;2
5958;250134;Tidak Ada;2
5959;250180;Tidak Ada;2
5936;249260;Tidak Ada;2
204;8930;Tidak Ada;2
5959;250181;Tidak Ada;2
5936;249267;7 SR;2
5959;250182;Tidak Ada;2
204;8931;Tidak Ada;2
5936;249268;80 persen;2
204;8932;Tidak Ada;2
5959;250183;Tidak Ada;2
204;8933;Tidak Ada;2
5936;249270;Tidak Ada;2
5959;250184;Tidak Ada;2
5936;249271;Tidak Ada;2
204;8934;Tidak Ada;2
5955;250035;Tidak Ada;2
204;8935;Tidak Ada;2
5936;249284;Tidak Ada;2
5955;250036;Tidak Ada;2
204;8936;Tidak Ada;2
5936;249288;Tidak Ada;2
204;8937;Tidak Ada;2
5936;249295;Tidak Ada;2
204;8938;Tidak Ada;2
5955;250037;Tidak Ada;2
5962;250296;Tidak Ada;2
204;8939;Tidak Ada;2
5962;250297;Tidak Ada;2
204;8940;Tidak Ada;2
5962;250267;Tidak Ada;2
5955;250038;Tidak Ada;2
204;8941;Tidak Ada;2
5955;250039;Tidak Ada;2
201;8827;Tidak Ada;2
201;8828;Tidak Ada;2
201;8829;Tidak Ada;2
5955;250040;Tidak Ada;2
201;8830;Tidak Ada;2
5962;250268;Tidak Ada;2
201;8756;Tidak Ada;2
5955;250041;Tidak Ada;2
201;8757;Tidak Ada;2
5962;250269;Tidak Ada;2
117;4744;Tidak Ada;2
5962;250270;Tidak Ada;2
5955;250042;Tidak Ada;2
5962;250271;Tidak Ada;2
5962;250272;Tidak Ada;2
5955;250043;Tidak Ada;2
5962;250273;Tidak Ada;2
117;4745;Tidak Ada;2
5962;250274;Tidak Ada;2
5962;250275;Tidak Ada;2
5955;249995;Tidak Ada;2
5962;250276;Tidak Ada;2
5962;250277;Tidak Ada;2
5955;249996;Tidak Ada;2
5962;250278;Tidak Ada;2
5955;249997;Tidak Ada;2
5962;250282;Tidak Ada;2
5955;249998;Tidak Ada;2
5962;250283;Tidak Ada;2
5955;249999;Tidak Ada;2
5962;250286;Tidak Ada;2
5955;250000;Tidak Ada;2
5962;250287;Tidak Ada;2
117;4746;Tidak Ada;2
5955;250001;Tidak Ada;2
5955;250003;Tidak Ada;2
117;4747;Tidak Ada;2
117;4748;Tidak Ada;2
5955;250004;Tidak Ada;2
5955;250005;Tidak Ada;2
5955;250007;Tidak Ada;2
117;4749;Tidak Ada;2
5955;250008;Tidak Ada;2
5955;250009;Tidak Ada;2
5955;250010;Tidak Ada;2
117;4750;Tidak Ada;2
5955;250011;Tidak Ada;2
5955;250011;Tidak Ada;2
117;4751;Tidak Ada;2
5955;250012;Tidak Ada;2
117;4752;Tidak Ada;2
5955;250013;Tidak Ada;2
5955;250014;Tidak Ada;2
5955;250016;Tidak Ada;2
117;4753;90 persen;2
5955;250017;Tidak Ada;2
5955;250018;Tidak Ada;2
117;4754;Tidak Ada;2
5955;250019;Tidak Ada;2
5955;250020;Tidak Ada;2
117;4755;Tidak Ada;2
5955;250022;Tidak Ada;2
5955;250023;Tidak Ada;2
5955;250024;Tidak Ada;2
5955;250025;Tidak Ada;2
5955;250026;Tidak Ada;2
117;4756;Tidak Ada;2
5955;250027;Tidak Ada;2
5955;250028;Tidak Ada;2
5955;250029;Tidak Ada;2
5955;250030;Tidak Ada;2
306;13147;Tidak Ada;2
306;13148;Tidak Ada;2
306;13149;Tidak Ada;2
306;13150;Tidak Ada;2
306;13151;Tidak Ada;2
306;13152;Tidak Ada;2
306;13153;Tidak Ada;2
312;13407;Tidak Ada;2
312;13408;Tidak Ada;2
312;13409;Tidak Ada;2
192;8399;Tidak Ada;2
192;8400;Tidak Ada;2
192;8401;Tidak Ada;2
192;8402;Tidak Ada;2
192;8403;Tidak Ada;2
192;8404;Tidak Ada;2
192;8405;Tidak Ada;2
351;15095;Tidak Ada;2
351;15096;Tidak Ada;2
351;15097;tiga meter;2
351;15098;Tidak Ada;2
351;15099;Tidak Ada;2
351;15100;Tidak Ada;2
351;15101;Tidak Ada;2
351;15102;Tidak Ada;2
222;9450;Tidak Ada;2
222;9451;Tidak Ada;2
222;9452;Tidak Ada;2
222;9453;Tidak Ada;2
222;9454;Tidak Ada;2
141;5973;Tidak Ada;2
222;9455;Tidak Ada;2
141;5974;Tidak Ada;2
141;5975;Tidak Ada;2
141;5976;Tidak Ada;2
141;5977;Tidak Ada;2
141;5978;Tidak Ada;2
141;5979;Tidak Ada;2
141;5980;45 orang;2
141;5981;Tidak Ada;2
222;9456;Tidak Ada;2
222;9457;Tidak Ada;2
222;9458;Tidak Ada;2
222;9459;Tidak Ada;2
141;5982;Tidak Ada;2
141;5983;Tidak Ada;2
222;9460;Tidak Ada;2
222;9461;Tidak Ada;2
222;9462;Tidak Ada;2
222;9463;Tidak Ada;2
222;9464;30 ribu;2
222;9465;50 ribu;2
222;9466;15 ribu;2
222;9467;50 ribu;2
222;9468;lima puluh ribu;2
222;9469;Tidak Ada;2
141;5984;Tidak Ada;2
141;5985;Tidak Ada;2
117;4757;Tidak Ada;2
117;4758;Tidak Ada;2
117;4759;Tidak Ada;2
117;4760;Tidak Ada;2
117;4761;Tidak Ada;2
117;4762;Tidak Ada;2
117;4763;20 tahun;2
117;4764;Tidak Ada;2
117;4765;Tidak Ada;2
117;4766;Tidak Ada;2
117;4767;Tidak Ada;2
117;4768;Tidak Ada;2
117;4769;Tidak Ada;2
117;4770;Tidak Ada;2
117;4771;Tidak Ada;2
117;4772;Tidak Ada;2
5926;248912;Tidak Ada;2
5926;248913;Tidak Ada;2
117;4773;Tidak Ada;2
5926;248914;130 kg;2
5926;248914;135 kg;2
117;4774;Tidak Ada;2
5926;248915;160 kg;2
5926;248915;165 kg.;2
5926;248916;Tidak Ada;2
5926;248918;Tidak Ada;2
117;4775;Tidak Ada;2
5926;248920;Tidak Ada;2
5926;248921;Tidak Ada;2
117;4776;Tidak Ada;2
5926;248922;166 Kg;2
5926;248923;179 kg;2
5926;248923;311 kg;2
117;4777;Tidak Ada;2
5926;248926;170 kg;2
5926;248926;180 kg;2
5926;248928;Tidak Ada;2
5926;248929;Tidak Ada;2
117;4778;Tidak Ada;2
117;4779;Tidak Ada;2
117;4780;Tidak Ada;2
123;5209;Tidak Ada;2
123;5210;Tidak Ada;2
5816;244358;Tidak Ada;2
5816;244360;Tidak Ada;2
5816;244361;Tidak Ada;2
5816;244362;Tidak Ada;2
123;5211;Tidak Ada;2
5816;244363;Tidak Ada;2
5816;244364;Tidak Ada;2
5816;244365;Tidak Ada;2
5816;244366;Tidak Ada;2
4;138;Tidak Ada;2
5816;244367;Tidak Ada;2
123;5212;Tidak Ada;2
5816;244368;Tidak Ada;2
4;139;dua;2
123;5213;ke-5;2
5816;244338;Tidak Ada;2
5816;244339;Tidak Ada;2
5816;244340;Tidak Ada;2
123;5214;Tidak Ada;2
5816;244341;Tidak Ada;2
4;140;Tidak Ada;2
4;141;3;2
4;141;4;2
5919;248636;Tidak Ada;2
123;5215;Tidak Ada;2
5816;244342;Tidak Ada;2
5919;248637;Tidak Ada;2
5816;244343;Tidak Ada;2
5919;248638;Tidak Ada;2
123;5216;20 ribu;2
123;5216;105 layar;2
5816;244344;96 persen;2
5816;244344;Tidak Ada;2
5816;244345;Tidak Ada;2
123;5217;Tidak Ada;2
5816;244346;Tidak Ada;2
5816;244347;Tidak Ada;2
123;5218;7 penghargaan;2
5816;244348;Tidak Ada;2
123;5219;Tidak Ada;2
5816;244349;Tidak Ada;2
4;142;9;2
4;142;6;2
4;142;96;2
4;142;8;2
4;142;5;2
4;142;85;2
123;5220;Tidak Ada;2
5816;244350;12 persen;2
5816;244351;Tidak Ada;2
123;5221;Tidak Ada;2
5816;244352;Tidak Ada;2
5816;244353;Tidak Ada;2
123;5222;Tidak Ada;2
5816;244354;108 karyawan;2
5816;244354;30 jam per minggu;2
5816;244354;138 pasangan;2
5816;244354;105 manager;2
5816;244354;Tidak Ada;2
123;5223;Tidak Ada;2
5816;244355;Tidak Ada;2
5816;244356;Tidak Ada;2
5816;244357;Tidak Ada;2
123;5224;Tidak Ada;2
123;5225;Tidak Ada;2
123;5226;Tidak Ada;2
123;5227;Tidak Ada;2
123;5228;Tidak Ada;2
123;5229;Tidak Ada;2
123;5230;keenam;2
123;5231;Tidak Ada;2
123;5232;Tidak Ada;2
123;5233;Tidak Ada;2
123;5234;Tidak Ada;2
123;5235;Tidak Ada;2
123;5236;Tidak Ada;2
123;5237;Tidak Ada;2
123;5238;Tidak Ada;2
123;5239;Tidak Ada;2
141;5986;Tidak Ada;2
5952;249851;Tidak Ada;2
5953;249904;Tidak Ada;2
5854;246119;Tidak Ada;2
5854;246120;Tidak Ada;2
5854;246121;Tidak Ada;2
5854;246122;Tidak Ada;2
5854;246123;Tidak Ada;2
45;2100;Tidak Ada;2
5854;246124;Tidak Ada;2
45;2101;Tidak Ada;2
5854;246125;Tidak Ada;2
5854;246126;Tidak Ada;2
45;2102;Tidak Ada;2
5854;246127;Tidak Ada;2
5854;246128;Tidak Ada;2
5854;246129;Tidak Ada;2
5854;246130;Tidak Ada;2
45;2103;Tidak Ada;2
5854;246131;Tidak Ada;2
45;2104;Tidak Ada;2
5854;246132;Tidak Ada;2
45;2105;Tidak Ada;2
5854;246133;Tidak Ada;2
5854;246134;Tidak Ada;2
45;2106;16 meter;2
45;2106;2-5 meter per detik;2
45;2106;2 megawatt;2
5854;246135;Tidak Ada;2
45;2107;Tidak Ada;2
5854;246136;Tidak Ada;2
5854;246137;Tidak Ada;2
5854;246138;Tidak Ada;2
5854;246139;Tidak Ada;2
5854;246140;Tidak Ada;2
45;2108;20 megawatt;2
5854;246141;Tidak Ada;2
5955;250031;Tidak Ada;2
5854;246142;Tidak Ada;2
5854;246143;Tidak Ada;2
5955;250032;Tidak Ada;2
45;2109;Tidak Ada;2
5854;246144;Tidak Ada;2
5955;250033;Tidak Ada;2
5955;250034;Tidak Ada;2
5854;246145;Tidak Ada;2
5961;250257;Tidak Ada;2
5854;246146;Tidak Ada;2
5961;250258;Tidak Ada;2
5854;246147;Tidak Ada;2
5854;246148;Tidak Ada;2
45;2110;Tidak Ada;2
5961;250259;Tidak Ada;2
5854;246149;Tidak Ada;2
5854;246150;Tidak Ada;2
5961;250260;Tidak Ada;2
5854;246151;Tidak Ada;2
5961;250261;Tidak Ada;2
5961;250264;Tidak Ada;2
5854;246152;Tidak Ada;2
5854;246153;Tidak Ada;2
5961;250265;Tidak Ada;2
5854;246154;Tidak Ada;2
5854;246155;Tidak Ada;2
5961;250227;Tidak Ada;2
5854;246156;Tidak Ada;2
5961;250228;Tidak Ada;2
5854;246157;Tidak Ada;2
5961;250229;Tidak Ada;2
5854;246158;Tidak Ada;2
5961;250230;Tidak Ada;2
5854;246159;Tidak Ada;2
5961;250231;Tidak Ada;2
5961;250232;Tidak Ada;2
5854;246160;Tidak Ada;2
5854;246161;Tidak Ada;2
5961;250233;Tidak Ada;2
5854;246162;Tidak Ada;2
5961;250234;Tidak Ada;2
5854;246163;Tidak Ada;2
5854;246164;Tidak Ada;2
5854;246165;Tidak Ada;2
5961;250237;Tidak Ada;2
5854;246166;Tidak Ada;2
5854;246167;Tidak Ada;2
5854;246168;Tidak Ada;2
5854;246169;Tidak Ada;2
5854;246170;Tidak Ada;2
5854;246171;Tidak Ada;2
5961;250238;Tidak Ada;2
5961;250239;Tidak Ada;2
123;5240;Tidak Ada;2
123;5241;Tidak Ada;2
123;5242;Tidak Ada;2
123;5243;20 ribu;2
123;5243;105 layar;2
123;5244;500 ribu;2
123;5244;2,6 juta;2
123;5244;4 juta penonton;2
123;5244;4 juta;2
123;5245;200 ribu penonton;2
123;5245;200 ribu;2
123;5246;Tidak Ada;2
123;5247;Tidak Ada;2
123;5248;Tidak Ada;2
123;5249;Tidak Ada;2
123;5250;Tidak Ada;2
123;5251;Tidak Ada;2
123;5252;Tidak Ada;2
123;5253;Tidak Ada;2
123;5254;Tidak Ada;2
123;5255;Tidak Ada;2
123;5256;Tidak Ada;2
123;5257;Tidak Ada;2
123;5258;Tidak Ada;2
123;5259;Tidak Ada;2
123;5260;Tidak Ada;2
123;5261;Tidak Ada;2
123;5262;Tidak Ada;2
136;5720;ke-19;2
136;5720;ke-20;2
136;5721;Tidak Ada;2
136;5722;51 trofi;2
136;5723;Tidak Ada;2
136;5724;ke-20th;2
136;5725;Tidak Ada;2
136;5726;Tidak Ada;2
136;5727;Tidak Ada;2
136;5728;Tidak Ada;2
136;5729;Tidak Ada;2
136;5730;Tidak Ada;2
136;5731;Tidak Ada;2
136;5732;Tidak Ada;2
136;5733;Tidak Ada;2
5813;244251;beberapa;2
5813;244254;Tidak Ada;2
5813;244255;sangat tinggi;2
5813;244256;Tidak Ada;2
5813;244257;Tidak Ada;2
5813;244260;Tidak Ada;2
5813;244219;Tidak Ada;2
5813;244220;Tidak Ada;2
5813;244221;Tidak Ada;2
5813;244224;Tidak Ada;2
5813;244225;Tidak Ada;2
5813;244226;Tidak Ada;2
4;143;Tidak Ada;2
5813;244228;Tidak Ada;2
5813;244229;Tidak Ada;2
5813;244230;Tidak Ada;2
5813;244232;Tidak Ada;2
5813;244234;Tidak Ada;2
5813;244235;sedikit;2
5813;244236;Tidak Ada;2
5813;244237;Tidak Ada;2
5813;244239;Tidak Ada;2
5813;244242;Tidak Ada;2
5813;244243;Tidak Ada;2
5813;244244;Tidak Ada;2
5813;244249;Tidak Ada;2
5813;244250;Tidak Ada;2
5848;245921;mayoritas;2
5848;245922;Tidak Ada;2
5848;245923;Tidak Ada;2
5848;245926;tiga;2
5848;245899;Tidak Ada;2
5848;245900;Tidak Ada;2
5848;245901;Tidak Ada;2
5848;245902;Tidak Ada;2
5848;245903;Tidak Ada;2
5848;245904;205;2
222;9470;Tidak Ada;2
222;9471;Tidak Ada;2
222;9472;Tidak Ada;2
222;9473;Tidak Ada;2
222;9474;Tidak Ada;2
222;9475;Tidak Ada;2
222;9476;2016;2
222;9477;Tidak Ada;2
222;9478;Tidak Ada;2
222;9479;20;2
222;9479;60;2
222;9480;Tidak Ada;2
222;9481;dua;2
222;9482;Tidak Ada;2
222;9483;Tidak Ada;2
222;9484;Tidak Ada;2
222;9486;Tidak Ada;2
222;9487;Tidak Ada;2
255;11065;Tidak Ada;2
255;11067;Tidak Ada;2
255;11068;Tidak Ada;2
255;11069;Tidak Ada;2
255;11070;Tidak Ada;2
255;11071;Tidak Ada;2
255;11072;Tidak Ada;2
255;11073;Tidak Ada;2
255;11020;Tidak Ada;2
255;11021;Tidak Ada;2
255;11023;Tidak Ada;2
255;11024;Tidak Ada;2
255;11025;Tidak Ada;2
255;11026;Tidak Ada;2
255;11027;Tidak Ada;2
255;11028;Tidak Ada;2
255;11029;Tidak Ada;2
255;11030;Tidak Ada;2
255;11031;Tidak Ada;2
255;11032;Tidak Ada;2
255;11033;Tidak Ada;2
255;11036;Tidak Ada;2
255;11037;Tidak Ada;2
255;11038;Tidak Ada;2
255;11039;Tidak Ada;2
255;11041;Tidak Ada;2
255;11042;Tidak Ada;2
255;11044;Tidak Ada;2
255;11045;Tidak Ada;2
255;11046;Tidak Ada;2
255;11047;Tidak Ada;2
255;11048;Tidak Ada;2
255;11050;Tidak Ada;2
