id_orang;id_berita;id_kalimat;nama_orang;isCorrect;isValid
1;15;590;Tidak Ada;1;1
2;15;579;Tidak Ada;1;1
3;15;580;Tidak Ada;1;1
4;15;581;Tidak Ada;1;1
5;15;583;Tidak Ada;1;1
6;15;587;Tidak Ada;1;1
7;15;588;Tidak Ada;1;1
8;15;590;Tidak Ada;1;1
9;15;590;Tidak Ada;1;1
10;3;92;Tidak Ada;1;1
11;3;93;Tidak Ada;1;1
12;3;94;Tidak Ada;1;1
13;15;579;Tidak Ada;1;1
14;3;95;Tidak Ada;1;1
15;3;96;Tidak Ada;1;1
16;3;97;Tidak Ada;1;1
17;15;590;Tidak Ada;1;1
18;15;579;Tidak Ada;1;1
19;15;580;Tidak Ada;1;1
20;15;581;Tidak Ada;1;1
21;15;583;Tidak Ada;1;1
22;15;587;Tidak Ada;1;1
23;15;588;Tidak Ada;1;1
24;3;92;Tidak Ada;1;1
25;3;93;Tidak Ada;1;1
26;3;94;Tidak Ada;1;1
27;3;95;Tidak Ada;1;1
28;3;96;Tidak Ada;1;1
29;3;97;Tidak Ada;1;1
30;3;97;Tidak Ada;1;1
31;15;590;Tidak Ada;1;1
32;15;590;Tidak Ada;1;1
33;15;590;Tidak Ada;1;1
34;23;851;Marc Marquez;1;1
35;3;98;Tidak Ada;1;1
36;3;99;Tidak Ada;1;1
37;3;100;Jonfis Fandy;1;1
38;3;100;Jonfis Fandy;1;1
39;3;100;Jonfis Fandy;1;1
40;3;101;Tidak Ada;1;1
41;3;102;Tidak Ada;1;1
42;3;103;Tidak Ada;1;1
43;3;104;Tidak Ada;1;1
44;3;105;Tidak Ada;1;1
45;15;590;Tidak Ada;1;1
46;15;590;Tidak Ada;1;1
47;15;579;Tidak Ada;1;1
48;3;106;Tidak Ada;1;1
49;15;580;Tidak Ada;1;1
50;15;581;Tidak Ada;1;1
51;3;107;Tidak Ada;1;1
52;3;107;Tidak Ada;1;1
53;15;583;Tidak Ada;1;1
54;3;108;Tidak Ada;1;1
55;15;587;Tidak Ada;1;1
56;3;109;Tidak Ada;1;1
57;3;109;Tidak Ada;1;1
58;3;110;Tidak Ada;1;1
59;3;110;Tidak Ada;1;1
60;3;110;Tidak Ada;1;1
61;15;588;Tidak Ada;1;1
62;3;111;Jonfis;1;1
63;3;111;Jonfis;1;1
64;3;92;Tidak Ada;1;1
65;3;112;Arie Galaxy;1;1
66;3;113;Harpit;1;1
67;3;113;Harpit;1;1
68;3;114;Tidak Ada;1;1
69;3;114;Tidak Ada;1;1
70;3;115;Tidak Ada;1;1
71;3;116;Arie Galaxy;1;1
72;3;116;Arie Galaxy;1;1
73;3;117;Arie;1;1
74;3;117;Arie;1;1
75;3;118;Arie;1;1
76;3;118;Arie;1;1
77;109;4445;Tidak Ada;1;1
78;109;4446;Tidak Ada;1;1
79;109;4447;Tidak Ada;1;1
80;21;777;Tidak Ada;1;1
81;21;778;Tidak Ada;1;1
82;21;779;Tidak Ada;1;1
83;21;780;Tidak Ada;1;1
84;21;781;Joanne Simons;1;1
85;21;782;Tidak Ada;1;1
86;22;842;Nirwono;1;1
87;21;783;Tidak Ada;1;1
88;21;784;Tidak Ada;1;1
89;21;784;Tidak Ada;1;1
90;21;785;Tidak Ada;1;1
91;21;785;Tidak Ada;1;1
92;21;785;Tidak Ada;1;1
93;21;785;Tidak Ada;1;1
94;21;786;Tidak Ada;1;1
95;21;787;Tidak Ada;1;1
96;21;787;Tidak Ada;1;1
97;21;788;Tidak Ada;1;1
98;21;789;Tidak Ada;1;1
99;21;789;Tidak Ada;1;1
100;21;790;Tidak Ada;1;1
101;21;790;Tidak Ada;1;1
102;21;790;Tidak Ada;1;1
103;21;791;Tidak Ada;1;1
104;21;792;Tidak Ada;1;1
105;21;793;Tidak Ada;1;1
106;21;794;Mikiki;1;1
107;21;795;Tidak Ada;1;1
108;21;796;Tidak Ada;1;1
109;21;797;Simons;1;1
110;21;797;Tidak Ada;1;1
111;21;798;Tidak Ada;1;1
112;21;798;Tidak Ada;1;1
113;21;799;Tidak Ada;1;1
114;21;799;Tidak Ada;1;1
115;21;799;Tidak Ada;1;1
116;21;799;Tidak Ada;1;1
117;21;800;Tidak Ada;1;1
118;21;801;Tidak Ada;1;1
119;21;802;Tidak Ada;1;1
120;23;852;Marc Marquez;1;1
121;23;853;Tidak Ada;1;1
122;23;854;Marquez;1;1
123;23;855;Tidak Ada;1;1
124;23;856;Marquez;1;1
125;23;857;Mike Hailwood;1;1
126;23;858;Marquez;1;1
127;23;859;Valentino Rossi;1;1
128;23;859;Valentino Rossi;1;1
129;23;860;Marquez;1;1
130;23;860;Giacomo Agostini;1;1
131;109;4445;Tidak Ada;1;1
132;109;4446;Tidak Ada;1;1
133;109;4447;Tidak Ada;1;1
134;109;4448;Tidak Ada;1;1
135;109;4449;Tidak Ada;1;1
136;23;861;Marquez;1;1
137;109;4450;Tole Madna;1;1
138;109;4451;Alfred Munzer;1;1
139;23;862;Marquez;1;1
140;109;4452;Alfred Munzer;1;1
141;109;4453;Alfred;1;1
142;109;4453;Mima Saina;1;1
143;109;4453;Mima Saina;1;1
144;23;863;Agostini;1;1
145;23;864;Marquez;1;1
146;23;865;Tidak Ada;1;1
147;23;866;Tidak Ada;1;1
148;23;867;Marquez;1;1
149;23;867;Andrea Dovizioso;1;1
150;23;868;Marquez;1;1
151;23;868;Johann Zarco;1;1
152;23;869;Marquez;1;1
153;35;1566;Tidak Ada;1;1
154;35;1567;Tidak Ada;1;1
155;35;1568;Tidak Ada;1;1
156;35;1569;Tidak Ada;1;1
157;197;8572;Tidak Ada;1;1
158;22;843;Tidak Ada;1;1
159;22;844;Tidak Ada;1;1
160;22;845;Tidak Ada;1;1
161;22;846;Nirwono;1;1
162;22;846;Sandiaga;1;1
163;22;846;Sandiaga;1;1
164;23;870;Marquez;1;1
165;23;871;Marquez;1;1
166;197;8572;Tidak Ada;1;1
167;197;8573;Tidak Ada;1;1
168;197;8574;Tidak Ada;1;1
169;197;8575;Tidak Ada;1;1
170;23;872;Marquez;1;1
171;23;872;Dani Pedrosa;1;1
172;23;872;Zarco;1;1
173;22;847;Geraard Jeffrey Zacharias Rantung;1;1
174;22;847;Sandi;1;1
175;197;8578;Tidak Ada;1;1
176;197;8579;Tidak Ada;1;1
177;197;8580;Tidak Ada;1;1
178;197;8581;Tidak Ada;1;1
179;22;848;Tidak Ada;1;1
180;23;873;Marquez;1;1
181;23;873;Jorge Lorenzo;1;1
182;23;873;Dovizioso;1;1
183;22;849;Tidak Ada;1;1
184;100;4134;Tidak Ada;1;1
185;23;874;Marquez;1;1
186;199;8666;Tidak Ada;1;1
187;199;8666;Tidak Ada;1;1
188;22;850;Sandiaga;1;1
189;199;8667;Tidak Ada;1;1
190;199;8668;Tidak Ada;1;1
191;199;8669;Tidak Ada;1;1
192;199;8669;Tidak Ada;1;1
193;199;8669;Tidak Ada;1;1
194;199;8670;Tidak Ada;1;1
195;199;8670;Tidak Ada;1;1
196;199;8670;Tidak Ada;1;1
197;199;8670;Tidak Ada;1;1
198;199;8670;Tidak Ada;1;1
199;199;8670;Tidak Ada;1;1
200;199;8671;Justin Forsyth;1;1
201;199;8671;Justin Forsyth;1;1
202;199;8671;Justin Forsyth;1;1
203;199;8671;Justin Forsyth;1;1
204;199;8671;Justin Forsyth;1;1
205;199;8671;Justin Forsyth;1;1
206;199;8672;Tidak Ada;1;1
207;199;8672;Tidak Ada;1;1
208;199;8673;Yohana Susana Yembise;1;1
209;199;8673;Yohana Susana Yembise;1;1
210;199;8674;Tidak Ada;1;1
211;199;8675;Tidak Ada;1;1
212;199;8675;Tidak Ada;1;1
213;199;8675;Tidak Ada;1;1
214;199;8675;Tidak Ada;1;1
215;199;8676;Tidak Ada;1;1
216;22;810;Sandiaga Uno;1;1
217;199;8677;Tidak Ada;1;1
218;199;8678;Tidak Ada;1;1
219;199;8679;Tidak Ada;1;1
220;199;8680;Tidak Ada;1;1
221;199;8680;Tidak Ada;1;1
222;199;8680;Tidak Ada;1;1
223;199;8680;Tidak Ada;1;1
224;199;8681;Tidak Ada;1;1
225;199;8681;Tidak Ada;1;1
226;199;8682;Tidak Ada;1;1
227;199;8683;Tidak Ada;1;1
228;199;8684;Tidak Ada;1;1
229;199;8684;Tidak Ada;1;1
230;199;8684;Tidak Ada;1;1
231;199;8684;Tidak Ada;1;1
232;199;8684;Tidak Ada;1;1
233;199;8684;Tidak Ada;1;1
234;199;8684;Tidak Ada;1;1
235;199;8684;Tidak Ada;1;1
236;199;8684;Tidak Ada;1;1
237;199;8684;Tidak Ada;1;1
238;199;8685;Tidak Ada;1;1
239;199;8685;Tidak Ada;1;1
240;199;8686;Tidak Ada;1;1
241;199;8686;Tidak Ada;1;1
242;199;8687;Tidak Ada;1;1
243;199;8687;Tidak Ada;1;1
244;199;8687;Tidak Ada;1;1
245;199;8688;Tidak Ada;1;1
246;199;8688;Tidak Ada;1;1
247;199;8688;Tidak Ada;1;1
248;199;8689;Tidak Ada;1;1
249;199;8690;Tidak Ada;1;1
250;199;8691;Tidak Ada;1;1
251;199;8692;Tidak Ada;1;1
252;199;8692;Tidak Ada;1;1
253;199;8693;Tidak Ada;1;1
254;199;8693;Tidak Ada;1;1
255;199;8694;Tidak Ada;1;1
256;199;8694;Tidak Ada;1;1
257;199;8695;Tidak Ada;1;1
258;199;8695;Tidak Ada;1;1
259;22;811;Tidak Ada;1;1
260;199;8696;Tidak Ada;1;1
261;22;812;Sandiaga;1;1
262;22;812;Sandiaga;1;1
263;199;8697;Tidak Ada;1;1
264;199;8697;Tidak Ada;1;1
265;22;813;Sandiaga Uno;1;1
266;22;813;Anies Baswedan;1;1
267;199;8698;Lenny N;1;1
268;199;8698;Lenny N;1;1
269;199;8698;Lenny N;1;1
270;199;8699;Rosalin;1;1
271;199;8699;Rosalin;1;1
272;22;814;Sandiaga;1;1
273;199;8699;Rosalin;1;1
274;199;8700;Tidak Ada;1;1
275;199;8700;Tidak Ada;1;1
276;199;8701;Tidak Ada;1;1
277;199;8702;Tidak Ada;1;1
278;199;8703;Tidak Ada;1;1
279;199;8704;Dian Kartika Sari;1;1
280;22;815;Sandi;1;1
281;199;8705;Tidak Ada;1;1
282;199;8706;Tidak Ada;1;1
283;199;8706;Tidak Ada;1;1
284;199;8706;Tidak Ada;1;1
285;199;8707;Tidak Ada;1;1
286;199;8708;Tidak Ada;1;1
287;199;8709;Tidak Ada;1;1
288;199;8710;Tidak Ada;1;1
289;199;8711;Dian;1;1
290;199;8711;Dian;1;1
291;199;8712;Tidak Ada;1;1
292;199;8712;Tidak Ada;1;1
293;199;8713;Tidak Ada;1;1
294;22;816;Tidak Ada;1;1
295;199;8714;Tidak Ada;1;1
296;199;8714;Tidak Ada;1;1
297;22;817;Tidak Ada;1;1
298;199;8715;Tidak Ada;1;1
299;199;8716;Tidak Ada;1;1
300;199;8717;Lenny;1;1
301;199;8718;Tidak Ada;1;1
302;199;8719;Tidak Ada;1;1
303;199;8720;Tidak Ada;1;1
304;199;8721;Lenny;1;1
305;199;8722;Tidak Ada;1;1
306;199;8723;Tidak Ada;1;1
307;199;8724;Tidak Ada;1;1
308;199;8725;Tidak Ada;1;1
309;199;8726;Tidak Ada;1;1
310;199;8727;Dian;1;1
311;215;9293;Tidak Ada;1;1
312;22;818;Tidak Ada;1;1
313;22;819;Tidak Ada;1;1
314;199;8666;Tidak Ada;1;1
315;199;8667;Tidak Ada;1;1
316;199;8668;Tidak Ada;1;1
317;199;8669;Tidak Ada;1;1
318;215;9263;Setya Novanto;1;1
319;215;9263;Setya Novanto;1;1
320;199;8670;Tidak Ada;1;1
321;199;8671;Justin Forsyth;1;1
322;215;9264;Setya Novanto;1;1
323;199;8672;Tidak Ada;1;1
324;199;8673;Yohana Susana Yembise;1;1
325;199;8673;Yohana Susana Yembise;1;1
326;199;8674;;1;1
327;199;8675;Tidak Ada;1;2
328;215;9265;Setnov;1;1
329;199;8676;Tidak Ada;1;2
330;215;9266;Setnov;1;1
331;215;9267;Tidak Ada;1;1
332;199;8677;Tidak Ada;1;2
333;199;8678;Tidak Ada;1;2
334;215;9268;Setnov;1;1
335;215;9269;Setnov;1;1
336;215;9270;Setnov;1;1
337;199;8679;Tidak Ada;1;1
338;215;9271;Setnov;1;1
339;215;9272;Setnov;1;1
340;199;8680;Tidak Ada;1;2
341;215;9273;Setnov;1;1
342;199;8681;Tidak Ada;1;1
343;215;9274;Fredrich Yunadi;1;1
344;199;8682;Tidak Ada;1;1
345;215;9275;Setnov;1;1
346;21;803;Tidak Ada;1;1
347;21;804;Tidak Ada;1;1
348;21;804;Tidak Ada;1;1
349;21;805;Tidak Ada;1;1
350;21;806;Tidak Ada;1;1
351;21;807;Tidak Ada;1;1
352;21;808;Tidak Ada;1;1
353;21;809;Mikiki;1;1
354;179;7695;Tidak Ada;1;1
355;179;7696;Tidak Ada;1;1
356;179;7697;Tidak Ada;1;1
357;179;7698;Tidak Ada;1;1
358;179;7698;Tidak Ada;1;1
359;179;7699;Tidak Ada;1;1
360;179;7700;Tidak Ada;1;1
361;179;7701;Tidak Ada;1;1
362;179;7702;Muhammad Aidi;1;1
363;179;7703;Aidi;1;1
364;179;7704;Jonathan Kibak;1;1
365;179;7705;Tidak Ada;1;1
366;179;7706;Tidak Ada;1;1
367;215;9276;Setnov;1;1
368;179;7707;Tidak Ada;1;1
369;179;7707;Tidak Ada;1;1
370;179;7708;Tidak Ada;1;1
371;215;9277;Setnov;1;1
372;215;9277;Tidak Ada;1;1
373;215;9278;Setnov;1;1
374;215;9280;Tidak Ada;1;1
375;179;7709;Tidak Ada;1;1
376;179;7710;Kibak;1;1
377;179;7711;Tidak Ada;1;1
378;179;7712;Hendrik Wanmang;1;1
379;179;7713;Tidak Ada;1;1
380;179;7714;Tidak Ada;1;1
381;179;7715;Tidak Ada;1;1
382;179;7716;Briptu Berry Pratama;1;1
383;179;7717;Brigadir Firman;1;1
384;179;7718;Firman;1;1
385;179;7719;Tidak Ada;1;2
386;3;98;Tidak Ada;1;1
387;179;7720;Hendrik Wanmang;1;1
388;179;7720;Hendrik Wanmang;1;2
389;3;99;Tidak Ada;1;1
390;179;7721;Tidak Ada;1;2
391;179;7722;Ilame Tabuni;1;1
392;179;7722;Yuliana Waker;1;1
393;179;7723;Wanmang;1;1
394;179;7724;Tidak Ada;1;1
395;179;7725;Tidak Ada;1;1
396;179;7726;Tito Karnavian;1;2
397;179;7726;Tito Karnavian;1;2
398;179;7727;;1;2
399;179;7728;Tidak Ada;1;2
400;179;7729;Tidak Ada;1;2
401;179;7730;Tidak Ada;1;2
402;179;7731;Tito;1;2
403;179;7732;Tidak Ada;1;2
404;179;7733;Tidak Ada;1;2
405;179;7734;Tidak Ada;1;2
406;179;7735;Munafrizal Manan;1;2
407;179;7735;Tidak Ada;1;2
408;179;7736;Tidak Ada;1;2
409;179;7737;Tidak Ada;1;2
410;179;7738;Munafrizal;1;2
411;179;7739;Tidak Ada;1;2
412;179;7740;Tidak Ada;1;2
413;197;8582;Tidak Ada;1;2
414;197;8583;Tidak Ada;1;2
415;197;8584;Tidak Ada;1;2
416;197;8585;Tidak Ada;1;2
417;197;8586;Tidak Ada;1;2
418;197;8587;Tidak Ada;1;2
419;197;8588;Tidak Ada;1;2
420;197;8589;Tidak Ada;1;2
421;100;4135;Tidak Ada;1;2
422;197;8590;whiempy;1;2
423;197;8591;Tidak Ada;1;2
424;197;8592;Tidak Ada;1;2
425;197;8593;Tidak Ada;1;2
426;22;820;Syarief;1;2
427;22;821;Tidak Ada;1;2
428;197;8594;Tidak Ada;1;2
429;197;8595;Tidak Ada;1;2
430;197;8596;Tidak Ada;1;2
431;197;8597;Tidak Ada;1;2
432;197;8598;Tidak Ada;1;2
433;197;8599;Tidak Ada;1;2
434;197;8600;Tidak Ada;1;2
435;197;8601;Tidak Ada;1;2
436;197;8602;Tidak Ada;1;2
437;197;8603;Tidak Ada;1;2
438;197;8604;Tidak Ada;1;2
439;197;8605;Tidak Ada;1;2
440;197;8606;Tidak Ada;1;2
441;197;8607;Tidak Ada;1;2
442;206;8948;Tidak Ada;1;2
443;22;823;Tidak Ada;1;2
444;195;8538;Fredrich;1;2
445;206;8949;Tidak Ada;1;2
446;206;8950;Tidak Ada;1;2
447;100;4136;Rodrigo Duterte;1;2
448;206;8951;Tidak Ada;1;2
449;206;8952;Tidak Ada;1;2
450;206;8953;Tidak Ada;1;2
451;195;8539;Fredrich;1;2
452;206;8957;Prabu Brawijaya VI;1;2
453;195;8539;Fredrich;1;2
454;195;8540;Tidak Ada;1;2
455;22;824;Tidak Ada;1;2
456;206;8958;Tidak Ada;1;2
457;206;8959;Tidak Ada;1;2
458;195;8541;Markus Nari;1;2
459;195;8541;Novanto;1;2
460;206;8960;Tidak Ada;1;2
461;195;8541;Miryam S Haryani;1;2
462;206;8961;Tidak Ada;1;2
463;206;8962;Tidak Ada;1;2
464;195;8506;Setya Novanto;1;2
465;195;8507;Tidak Ada;1;2
466;206;8963;Tidak Ada;1;2
467;195;8508;Setya Novanto;1;2
468;195;8509;Hilman Mattauch;1;2
469;195;8509;Setya Novanto;1;2
470;195;8510;Febri Diansyah;1;2
471;195;8510;Hilman;1;2
472;195;8510;Novanto;1;2
473;195;8511;Hilman;1;2
474;206;8964;Tidak Ada;1;2
475;195;8512;Setnov;1;2
476;195;8512;Febri;1;2
477;206;8965;Tidak Ada;1;2
478;195;8513;Tidak Ada;1;2
479;100;4136;Lee Hsien Loong;1;2
480;206;8966;Tidak Ada;1;2
481;30;1362;Tidak Ada;1;2
482;195;8514;Tidak Ada;1;2
483;195;8515;Tidak Ada;1;2
484;30;1363;Tidak Ada;1;2
485;30;1364;Tidak Ada;1;2
486;206;8967;Tidak Ada;1;2
487;195;8516;Hilman;1;2
488;30;1365;Tidak Ada;1;2
489;206;8968;Tidak Ada;1;2
490;206;8969;Tidak Ada;1;2
491;195;8517;Fredrich Yunardi;1;2
492;195;8517;Novanto;1;2
493;30;1366;Tidak Ada;1;2
494;195;8518;Fredrich;1;2
495;30;1367;Tidak Ada;1;2
496;195;8519;Fredrich;1;2
497;195;8520;JK;1;2
498;195;8520;Tidak Ada;1;2
499;30;1368;Tidak Ada;1;2
500;195;8521;Novanto;1;2
501;195;8521;JK;1;2
502;206;8970;Tidak Ada;1;2
503;195;8522;Fredrich;1;2
504;30;1369;Tidak Ada;1;2
505;195;8522;Novanto;1;2
506;195;8523;Thomas Tampubolon;1;2
507;206;8971;Tidak Ada;1;2
508;195;8523;Fredrich;1;2
509;206;8972;Tidak Ada;1;2
510;206;8973;Tidak Ada;1;2
511;22;825;Tidak Ada;1;2
512;195;8524;Tidak Ada;1;2
513;195;8525;Tidak Ada;1;2
514;206;8974;Tidak Ada;1;2
515;30;1370;Tidak Ada;1;2
516;195;8526;Tidak Ada;1;2
517;30;1371;Tidak Ada;1;2
518;195;8527;Tidak Ada;1;2
519;195;8529;Fredrich;1;2
520;195;8531;Fredrich;1;2
521;195;8531;Novanto;1;2
522;195;8532;Tidak Ada;1;2
523;195;8533;Tidak Ada;1;2
524;30;1372;Tidak Ada;1;2
525;195;8534;Thomas;1;2
526;30;1373;Tidak Ada;1;2
527;195;8535;Fredrich;1;2
528;206;8975;Tidak Ada;1;2
529;195;8536;Fredrich;1;2
530;195;8536;Novanto;1;2
531;206;8976;Tidak Ada;1;2
532;195;8536;Petrus Selestinus;1;2
533;30;1374;Tidak Ada;1;2
534;195;8537;Tidak Ada;1;2
535;206;8977;Tidak Ada;1;2
536;188;8169;Tidak Ada;1;2
537;30;1375;Dr Richard Paulson;1;2
538;206;8978;Tidak Ada;1;2
539;188;8170;Tidak Ada;1;2
540;30;1376;Tidak Ada;1;2
541;188;8171;Tidak Ada;1;2
542;30;1377;Tidak Ada;1;2
543;30;1378;Tidak Ada;1;2
544;188;8172;Tidak Ada;1;2
545;206;8979;Tidak Ada;1;2
546;30;1379;Tidak Ada;1;2
547;188;8173;Tidak Ada;1;2
548;188;8149;Tidak Ada;1;2
549;30;1380;Paulson;1;2
550;206;8980;Tidak Ada;1;2
551;188;8150;Tidak Ada;1;2
552;30;1381;Tidak Ada;1;2
553;206;8981;Tidak Ada;1;2
554;30;1382;Tidak Ada;1;2
555;206;8982;Tidak Ada;1;2
556;30;1383;Tidak Ada;1;2
557;30;1384;Tidak Ada;1;2
558;206;8983;Tidak Ada;1;2
559;30;1385;Tidak Ada;1;2
560;206;8984;Tidak Ada;1;2
561;30;1386;Tidak Ada;1;2
562;206;8985;Tidak Ada;1;2
563;188;8151;Tidak Ada;1;2
564;30;1387;Tidak Ada;1;2
565;206;8986;Tidak Ada;1;2
566;188;8152;Tidak Ada;1;2
567;22;826;Tidak Ada;1;2
568;217;9323;Tidak Ada;1;2
569;30;1388;Tidak Ada;1;2
570;188;8153;Tidak Ada;1;2
571;30;1389;Tidak Ada;1;2
572;217;9324;Tidak Ada;1;2
573;188;8154;Tidak Ada;1;2
574;188;8155;Tidak Ada;1;2
575;217;9325;Tidak Ada;1;2
576;30;1390;Tidak Ada;1;2
577;217;9326;Tidak Ada;1;2
578;30;1391;Tidak Ada;1;2
579;188;8156;Tidak Ada;1;2
580;217;9327;Tidak Ada;1;2
581;188;8157;Tidak Ada;1;2
582;217;9328;Tidak Ada;1;2
583;188;8158;Tidak Ada;1;2
584;30;1392;Tidak Ada;1;2
585;217;9330;Tidak Ada;1;2
586;188;8159;Tidak Ada;1;2
587;188;8160;Tidak Ada;1;2
588;30;1393;Tidak Ada;1;2
589;188;8161;Tidak Ada;1;2
590;188;8162;Tidak Ada;1;2
592;188;8163;Tidak Ada;1;2
593;188;8164;Tidak Ada;1;2
594;188;8165;Tidak Ada;1;2
595;188;8166;Tidak Ada;1;2
596;188;8167;Tidak Ada;1;2
597;30;1394;Tidak Ada;1;2
598;188;8168;Tidak Ada;1;2
599;210;9099;Tidak Ada;1;2
600;30;1395;Tidak Ada;1;2
601;210;9108;Tidak Ada;1;2
602;210;9079;Tidak Ada;1;2
603;210;9080;Tidak Ada;1;2
604;30;1396;Tidak Ada;1;2
605;210;9081;Batman;1;2
606;210;9081;Superman;1;2
607;210;9081;Wonder Woman;1;2
608;210;9081;Aquaman;1;2
609;210;9081;Flash;1;2
610;210;9082;Tidak Ada;1;2
611;30;1397;Tidak Ada;1;2
612;210;9083;Tidak Ada;1;2
613;210;9084;Tidak Ada;1;2
614;30;1398;Tidak Ada;1;2
615;30;1399;Tidak Ada;1;2
616;30;1400;Masagus Robin;1;2
617;210;9085;Tidak Ada;1;2
618;210;9086;Zack Snyder;1;2
619;210;9087;Tidak Ada;1;2
620;30;1401;Tidak Ada;1;2
621;30;1402;Tidak Ada;1;2
622;45;2090;Tidak Ada;1;2
623;45;2091;Tidak Ada;1;2
624;45;2092;Rida Mulyana;1;2
625;45;2094;Tidak Ada;1;2
626;45;2095;Tidak Ada;1;2
627;45;2096;Rida;1;2
628;45;2097;Tidak Ada;1;2
629;45;2098;Tidak Ada;1;2
630;45;2099;Tidak Ada;1;2
631;215;9281;Setnov;1;2
632;215;9282;Setnov;1;2
633;215;9283;Tidak Ada;1;2
634;215;9284;Setnov;1;2
635;215;9285;Setnov;1;2
636;215;9286;Tidak Ada;1;2
637;215;9287;Setnov;1;2
638;215;9288;Anang Sugiana Sudihardjo;1;2
639;215;9288;Andi Agustinus;1;2
640;215;9288;Irman;1;2
641;215;9288;Sugiharto;1;2
642;215;9288;Markus Nari;1;2
643;215;9290;Miryam S.;1;2
644;215;9291;Haryani;1;2
645;285;12272;Tillerson--yang;1;2
646;211;9109;Indra Sjafri;1;2
647;211;9110;Indra Sjafri;1;2
648;211;9111;Tidak Ada;1;2
649;211;9112;Tidak Ada;1;2
650;211;9113;Edy Rahmayadi;1;2
651;211;9113;Tidak Ada;1;2
652;211;9114;Indra Sjafri;1;2
653;211;9115;Edy Rahmayadi;1;2
654;211;9115;Tidak Ada;1;2
655;211;9116;Tidak Ada;1;2
656;211;9117;Edy;1;2
657;211;9117;Giampiero Ventura;1;2
658;240;10479;Abhan;1;2
659;240;10479;Mochammad Afifuddin;1;2
660;240;10479;Ratna Dewi Pettalolo;1;2
661;211;9118;Tidak Ada;1;2
662;211;9119;Indra;1;2
663;211;9119;Tidak Ada;1;2
664;211;9120;Edy;1;2
665;211;9120;Indra;1;2
666;211;9121;Ratu Tisha Destria;1;2
667;211;9121;Tidak Ada;1;2
668;211;9122;Indra;1;2
669;211;9122;Tidak Ada;1;2
670;211;9123;Tisha;1;2
671;211;9123;Tisha;1;2
672;211;9124;Tidak Ada;1;2
673;211;9125;Indra;1;2
674;211;9125;Tisha;1;2
675;211;9126;Indra;1;2
676;211;9127;Indra;1;2
677;211;9128;Tisha;1;2
678;211;9129;Tidak Ada;1;2
679;211;9130;Tidak Ada;1;2
680;211;9131;Indra;1;2
681;211;9132;Tidak Ada;1;2
682;211;9133;Tidak Ada;1;2
683;211;9134;Indra;1;2
684;211;9135;Simon McMenemy;1;2
685;211;9135;Milomir Seslija;1;2
686;211;9135;Rudy Eka Priyambada;1;2
687;211;9136;Tidak Ada;1;2
688;211;9137;Tidak Ada;1;2
689;211;9138;Tidak Ada;1;2
690;211;9139;Miguel Gandia;1;2
691;211;9139;Indra;1;2
692;211;9139;Antonic Dejan3;1;2
693;211;9139;Milomir Seslija4;1;2
694;211;9139;Raja Isa5;1;2
695;211;9139;Simon McMenemy6;1;2
696;211;9139;Wolfgang Pikal7;1;2
697;211;9139;Abdul Manaf;1;2
698;211;9139;Iwan Setiawan;1;2
699;211;9139;Tidak Ada;1;2
700;211;9140;Tidak Ada;1;2
701;211;9141;Indra;1;2
702;211;9142;Tidak Ada;1;2
703;211;9143;Tidak Ada;1;2
704;211;9144;Tidak Ada;1;2
705;211;9145;Indra;1;2
706;211;9146;Tidak Ada;1;2
707;211;9147;Tidak Ada;1;2
708;285;12273;Tillerson;1;2
709;285;12274;Tillerson;1;2
710;285;12277;Chris Lewa;1;2
711;285;12277;Tillerson;1;2
712;23;851;Marc Marquez;1;2
713;285;12278;Tidak Ada;1;2
714;285;12279;Tidak Ada;1;2
715;285;12280;Tidak Ada;1;2
716;23;852;Marc Marquez;1;2
717;23;853;Tidak Ada;1;2
718;285;12255;Tillerson;1;2
719;285;12255;Tidak Ada;1;2
720;23;854;Marquez;1;2
721;23;855;Tidak Ada;1;2
722;23;856;Marquez;1;2
723;199;8683;Tidak Ada;1;2
724;285;12256;Tidak Ada;1;2
725;285;12257;Tidak Ada;1;2
726;199;8684;Tidak Ada;1;2
727;23;857;Mike Hailwood;1;2
728;23;858;Marquez;1;2
729;199;8685;Tidak Ada;1;2
730;285;12258;Tillerson;1;2
731;23;859;Valentino Rossi;1;2
732;285;12259;Tidak Ada;1;2
733;109;4454;Alfred;1;2
734;109;4454;Gisele Munzer;1;2
735;23;860;Marquez;1;2
736;199;8686;Tidak Ada;1;2
737;23;860;Mick Doohan;1;2
738;23;860;Giacomo Agostini;1;2
739;109;4455;Bobby;1;2
740;285;12260;Tidak Ada;1;2
741;23;861;Marquez;1;2
742;23;862;Marquez;1;2
743;23;863;Agostini;1;2
744;285;12261;Tillerson;1;2
745;285;12262;Tillerson;1;2
746;285;12263;Tillerson;1;2
747;285;12264;Tidak Ada;1;2
748;285;12265;Tidak Ada;1;2
749;285;12266;Tillerson;1;2
750;285;12267;Tidak Ada;1;2
751;285;12268;Tidak Ada;1;2
752;285;12269;Tidak Ada;1;2
753;285;12270;Tillerson;1;2
754;285;12271;Barack Obama;1;2
755;310;13336;Bobby Nasution;1;2
756;310;13299;Tidak Ada;1;2
757;310;13300;Kahiyang Ayu;1;2
758;310;13300;Jokowi;1;2
759;310;13301;Bobby Nasution;1;2
760;310;13301;Erwin Nasution;1;2
761;310;13302;Kahiyang;1;2
762;310;13302;Bobby Nasution;1;2
763;310;13303;Bobby Afif Nasution;1;2
764;310;13304;Tidak Ada;1;2
765;310;13305;Tidak Ada;1;2
766;310;13306;Bobby;1;2
767;310;13307;Bobby;1;2
768;310;13307;Inge Amalia Nasution;1;2
769;310;13307;Poppy Dewinta Nasution;1;2
770;310;13308;Tidak Ada;1;2
771;310;13309;Tidak Ada;1;2
772;310;13310;Tidak Ada;1;2
773;211;9148;Indra;1;2
774;211;9148;Tidak Ada;1;2
775;109;4456;Monique Rijkers;1;2
776;109;4456;Alfred Munzer;1;2
777;310;13312;Tidak Ada;1;2
778;109;4456;penyintas holocaust;1;2
779;109;4456;Tidak Ada;1;2
780;211;9149;Tidak Ada;1;2
781;211;9150;Tidak Ada;1;2
782;109;4457;Tidak Ada;1;2
783;15;579;Tidak Ada;1;2
784;35;1570;Tidak Ada;1;2
785;35;1570;Tidak Ada;1;2
786;35;1570;Tidak Ada;1;2
787;310;13313;Tidak Ada;1;2
788;211;9151;Indra;1;2
789;310;13314;Bobby;1;2
790;109;4458;Tidak Ada;1;2
791;240;10480;Tidak Ada;1;2
792;310;13315;Tidak Ada;1;2
793;199;8666;Tidak Ada;1;2
794;211;9152;Tidak Ada;1;2
795;15;580;Tidak Ada;1;2
796;15;580;Tidak Ada;1;2
797;240;10481;Tidak Ada;1;2
798;310;13316;Tidak Ada;1;2
799;310;13317;Kahiyang;1;2
800;310;13318;Bobby;1;2
801;109;4459;Alfred Munzer;1;2
802;211;9153;Hussein Afash;1;2
803;211;9153;Tidak Ada;1;2
804;109;4459;Tidak Ada;1;2
805;310;13319;Tidak Ada;1;2
806;211;9154;Tidak Ada;1;2
807;240;10482;Presiden;1;2
808;310;13321;Kahiyang Ayu;1;2
809;211;9155;Indra;1;2
810;211;9155;Luis Milla;1;2
811;199;8667;Tidak Ada;1;2
812;15;581;Tidak Ada;1;2
813;109;4460;Tidak Ada;1;2
814;211;9156;Indra;1;2
815;310;13323;Tidak Ada;1;2
816;211;9157;Indra;1;2
817;211;9158;Giampiero Ventura;1;2
818;310;13324;Kahiyang;1;2
819;310;13324;Bobby;1;2
820;211;9159;Tidak Ada;1;2
821;240;10483;Tidak Ada;1;2
822;310;13325;Tidak Ada;1;2
823;211;9160;Tidak Ada;1;2
824;109;4461;Tidak Ada;1;2
825;310;13326;Tidak Ada;1;2
826;211;9161;Tidak Ada;1;2
827;240;10484;Tidak Ada;1;2
828;211;9162;Indra;1;2
829;211;9163;Tidak Ada;1;2
830;240;10485;Tidak Ada;1;2
831;211;9164;Tidak Ada;1;2
832;310;13327;Kahiyang;1;2
833;310;13327;Bobby;1;2
834;211;9165;Tidak Ada;1;2
835;211;9166;Indra;1;2
836;240;10486;Tidak Ada;1;2
837;211;9167;Indra;1;2
838;310;13328;Bobby;1;2
839;15;583;Tidak Ada;1;2
840;310;13329;Kahiyang;1;2
841;15;587;Badan Pusat Statistik;1;2
842;15;587;Tidak Ada;1;2
843;211;9168;Tidak Ada;1;2
844;240;10487;Fritz Edward Siregar;1;2
845;211;9169;Tidak Ada;1;2
846;211;9170;Tidak Ada;1;2
847;310;13330;Tidak Ada;1;2
848;240;10488;Tidak Ada;1;2
849;310;13331;Bobby;1;2
850;310;13331;Kahiyang;1;2
851;15;588;Tidak Ada;1;2
852;211;9171;Tidak Ada;1;2
853;240;10489;Tidak Ada;1;2
854;211;9172;Tidak Ada;1;2
855;310;13332;Kahiyang;1;2
856;211;9173;Yoyok P.;1;2
857;240;10490;Tidak Ada;1;2
858;211;9174;Widianto;1;2
859;3;92;Tidak Ada;1;2
860;310;13333;Bobby;1;2
861;310;13333;Jokowi;1;2
862;240;10491;Fritz;1;2
863;214;9233;Sri Mulyani;1;2
864;310;13334;Tidak Ada;1;2
865;240;10492;Tidak Ada;1;2
866;3;93;para pelaku komunitas otomotif;1;2
867;3;93;Tidak Ada;1;2
868;310;13335;Bobby;1;2
869;3;94;Tidak Ada;1;2
870;3;94;Tidak Ada;1;2
871;3;95;Tidak Ada;1;2
872;292;12497;Tidak Ada;1;2
873;3;96;Honda Prospek Motor;1;2
874;3;96;(HPM);1;2
875;3;96;Honda Prospek Motor (HPM);1;2
876;292;12498;Tidak Ada;1;2
877;292;12499;Tidak Ada;1;2
878;292;12500;Tidak Ada;1;2
879;3;97;Tidak Ada;1;2
880;23;851;Marc Marquez;1;2
881;292;12501;Tidak Ada;1;2
882;214;9234;Tidak Ada;1;2
883;3;98;Tidak Ada;1;2
884;214;9235;Tidak Ada;1;2
885;292;12502;Tidak Ada;1;2
886;292;12502;Tidak Ada;1;2
887;214;9236;Sri Mulyani Indrawati;1;2
888;214;9237;Tidak Ada;1;2
889;292;12503;Thomas Lo;1;2
890;214;9238;Tidak Ada;1;2
891;3;99;Tidak Ada;1;2
892;214;9239;Tidak Ada;1;2
893;214;9240;Tidak Ada;1;2
894;292;12504;Tidak Ada;1;2
895;3;100;Jonfis Fandy;1;2
896;214;9241;Tidak Ada;1;2
897;292;12505;Lo Sciuto;1;2
898;214;9242;Tidak Ada;1;2
899;240;10493;Tidak Ada;1;2
900;292;12506;Tidak Ada;1;2
901;214;9243;Tidak Ada;1;2
902;292;12507;Tidak Ada;1;2
903;292;12507;Tidak Ada;1;2
904;240;10494;Tjahjo Kumolo;1;2
905;292;12508;Tidak Ada;1;2
906;3;101;Tidak Ada;1;2
907;214;9244;Tidak Ada;1;2
908;240;10495;Tidak Ada;1;2
909;3;102;Tidak Ada;1;2
910;292;12509;Tidak Ada;1;2
911;292;12509;Tidak Ada;1;2
912;214;9245;Tidak Ada;1;2
913;214;9246;Tidak Ada;1;2
914;214;9247;Tidak Ada;1;2
915;292;12510;Tidak Ada;1;2
916;292;12510;Tidak Ada;1;2
917;214;9248;Sri Mulyani;1;2
918;292;12511;Tidak Ada;1;2
919;214;9249;Tidak Ada;1;2
920;292;12512;Tidak Ada;1;2
921;214;9250;Tidak Ada;1;2
922;292;12513;Tidak Ada;1;2
923;214;9251;Tidak Ada;1;2
924;214;9252;Tidak Ada;1;2
925;292;12514;Tidak Ada;1;2
926;292;12514;Tidak Ada;1;2
927;214;9253;Tidak Ada;1;2
928;292;12515;Zack;1;2
929;214;9254;Tidak Ada;1;2
930;214;9255;Tidak Ada;1;2
931;292;12516;Zack;1;2
932;214;9256;Tidak Ada;1;2
933;292;12517;Tidak Ada;1;2
934;292;12517;Tidak Ada;1;2
935;214;9257;Tidak Ada;1;2
936;214;9258;Yustinus Prastowo;1;2
937;214;9258;Tidak Ada;1;2
938;292;12518;Tidak Ada;1;2
939;214;9259;Yustinus;1;2
940;292;12519;Tidak Ada;1;2
941;214;9260;Tidak Ada;1;2
942;292;12520;Tidak Ada;1;2
943;292;12520;Tidak Ada;1;2
944;292;12521;Tidak Ada;1;2
945;292;12521;Tidak Ada;1;2
946;292;12521;Tidak Ada;1;2
947;292;12521;Tidak Ada;1;2
948;292;12521;Tidak Ada;1;2
949;292;12522;Tidak Ada;1;2
950;292;12523;Tidak Ada;1;2
951;292;12524;Tidak Ada;1;2
952;292;12525;Tidak Ada;1;2
953;292;12526;Tidak Ada;1;2
954;292;12526;Tidak Ada;1;2
955;292;12527;Tidak Ada;1;2
956;292;12528;Tidak Ada;1;2
957;292;12529;Tidak Ada;1;2
958;292;12530;Tidak Ada;1;2
959;292;12531;Tidak Ada;1;2
960;292;12532;Tidak Ada;1;2
961;292;12533;Lo Sciuto;1;2
962;267;11612;Mugabe;1;2
963;267;11613;Mugabe;1;2
964;267;11614;Mugabe;1;2
965;267;11615;Zanu-PF;1;2
966;267;11616;Zanu-PF;1;2
967;267;11616;Patrick Chinamasa;1;2
968;27;1265;Tidak Ada;1;2
969;240;10496;Tito Karnavian;1;2
970;240;10497;Tito;1;2
971;240;10497;Tidak Ada;1;2
972;240;10498;Tidak Ada;1;2
973;240;10499;Tito;1;2
974;240;10500;Tidak Ada;1;2
975;240;10501;Tito;1;2
976;240;10502;Tidak Ada;1;2
977;240;10503;Tidak Ada;1;2
978;240;10504;Tidak Ada;1;2
979;240;10505;Tidak Ada;1;2
980;240;10506;Tidak Ada;1;2
981;240;10507;Tidak Ada;1;2
982;240;10508;Tidak Ada;1;2
983;240;10509;Tidak Ada;1;2
984;242;10538;Tidak Ada;1;2
985;100;4137;Tidak Ada;1;2
986;100;4138;Duterte;1;2
987;100;4139;Tidak Ada;1;2
988;100;4140;Tidak Ada;1;2
989;100;4141;Tidak Ada;1;2
990;100;4142;Tidak Ada;1;2
991;100;4143;Tidak Ada;1;2
992;27;1266;Tidak Ada;1;2
993;100;4144;Tidak Ada;1;2
994;100;4145;Tidak Ada;1;2
995;100;4146;Tidak Ada;1;2
996;100;4147;Tidak Ada;1;2
997;100;4148;Tidak Ada;1;2
998;43;2049;Tidak Ada;1;2
999;43;2050;Tidak Ada;1;2
1000;214;9261;Tidak Ada;1;2
1001;214;9262;Tidak Ada;1;2
1002;219;9375;Aas Asikin Idat;1;2
1003;219;9376;Tidak Ada;1;2
1004;219;9377;Tidak Ada;1;2
1005;219;9378;Tidak Ada;1;2
1006;219;9379;Tidak Ada;1;2
1007;219;9380;Tidak Ada;1;2
1008;219;9381;Fajar Harry Sampurno;1;2
1009;219;9382;Tidak Ada;1;2
1010;219;9383;Tidak Ada;1;2
1011;219;9384;Harry;1;2
1012;219;9385;Ricky Gunawa;1;2
1013;219;9385;Fajar Harry Sampurno;1;2
1014;219;9386;Tidak Ada;1;2
1015;219;9387;Tidak Ada;1;2
1016;219;9388;Ahmad Redi;1;2
1017;219;9388;Tidak Ada;1;2
1018;219;9389;Redi;1;2
1019;219;9390;Tidak Ada;1;2
1020;219;9391;Agus Pambagio;1;2
1021;219;9391;Tidak Ada;1;2
1022;219;9392;Agus;1;2
1023;219;9392;Tidak Ada;1;2
1024;219;9393;Tidak Ada;1;2
1025;219;9394;Agus;1;2
1026;219;9395;Agus;1;2
1027;219;9396;Tidak Ada;1;2
1028;219;9397;Inas Nasrullah Zubir;1;2
1029;219;9397;Tidak Ada;1;2
1030;219;9398;Inas;1;2
1031;219;9399;Inas;1;2
1032;219;9400;Tidak Ada;1;2
1033;219;9401;Tidak Ada;1;2
1034;219;9402;Hambra;1;2
1035;219;9402;Tidak Ada;1;2
1036;219;9403;Tidak Ada;1;2
1037;219;9404;Hambra;1;2
1038;219;9404;Tidak Ada;1;2
1039;219;9405;Hambra;1;2
1040;219;9406;Tidak Ada;1;2
1041;219;9407;Tidak Ada;1;2
1042;219;9408;Tidak Ada;1;2
1043;35;1571;Tidak Ada;1;2
1044;35;1572;Tidak Ada;1;2
1045;35;1573;Tidak Ada;1;2
1046;35;1574;Tidak Ada;1;2
1047;22;827;Syarief;1;2
1048;22;828;Tidak Ada;1;2
1049;22;829;Nirwono Yoga;1;2
1050;22;831;Nirwono;1;2
1051;22;832;Tidak Ada;1;2
1052;22;833;Tidak Ada;1;2
1053;100;4149;Tidak Ada;1;2
1054;100;4150;Tidak Ada;1;2
1055;100;4151;Tidak Ada;1;2
1056;100;4152;Tidak Ada;1;2
1057;100;4153;Tidak Ada;1;2
1058;100;4154;Tidak Ada;1;2
1059;100;4155;Hanif Dhakiri;1;2
1060;242;10539;Tidak Ada;1;2
1061;100;4156;Tidak Ada;1;2
1062;242;10540;Tidak Ada;1;2
1063;242;10541;Nigel Sielegar;1;2
1064;242;10542;Nigel;1;2
1065;22;834;Tidak Ada;1;2
1066;242;10543;Tidak Ada;1;2
1067;22;835;Tidak Ada;1;2
1068;107;4367;Tidak Ada;1;2
1069;242;10544;Tidak Ada;1;2
1070;242;10545;Niegel;1;2
1071;107;4368;Tidak Ada;1;2
1072;107;4369;Tidak Ada;1;2
1073;107;4370;Tidak Ada;1;2
1074;242;10546;Tidak Ada;1;2
1075;242;10547;Niegel;1;2
1076;242;10548;Tidak Ada;1;2
1077;107;4371;Tidak Ada;1;2
1078;242;10549;Tidak Ada;1;2
1079;242;10550;Tidak Ada;1;2
1080;242;10551;Tidak Ada;1;2
1081;242;10552;Tidak Ada;1;2
1082;242;10553;Tidak Ada;1;2
1083;242;10554;Tidak Ada;1;2
1084;242;10555;Tidak Ada;1;2
1085;107;4372;Tidak Ada;1;2
1086;242;10556;Tidak Ada;1;2
1087;107;4373;Tidak Ada;1;2
1088;107;4374;Tidak Ada;1;2
1089;107;4375;Tidak Ada;1;2
1090;107;4376;Tidak Ada;1;2
1091;107;4377;Tidak Ada;1;2
1092;242;10557;Niegel;1;2
1093;107;4378;Tidak Ada;1;2
1094;242;10558;Tidak Ada;1;2
1095;107;4379;Tidak Ada;1;2
1096;107;4380;Tidak Ada;1;2
1097;107;4381;Tidak Ada;1;2
1098;107;4382;Tidak Ada;1;2
1099;22;836;Tidak Ada;1;2
1100;107;4383;Tidak Ada;1;2
1101;107;4384;Tidak Ada;1;2
1102;107;4385;Tidak Ada;1;2
1103;107;4386;Tidak Ada;1;2
1104;107;4387;Tidak Ada;1;2
1105;22;837;Tidak Ada;1;2
1106;107;4388;Tidak Ada;1;2
1107;107;4389;Tidak Ada;1;2
1108;107;4390;Tidak Ada;1;2
1109;107;4391;Jusri Pulubuhu;1;2
1110;22;838;Tidak Ada;1;2
1111;107;4392;Tidak Ada;1;2
1112;22;839;Tidak Ada;1;2
1113;107;4393;Tidak Ada;1;2
1114;22;840;Nirwono;1;2
1115;107;4394;Jusri;1;2
1116;107;4395;Tidak Ada;1;2
1117;107;4396;Tidak Ada;1;2
1118;107;4397;Tidak Ada;1;2
1119;107;4398;Jusri;1;2
1120;107;4399;Tidak Ada;1;2
1121;107;4400;Tidak Ada;1;2
1122;22;841;Tidak Ada;1;2
1123;107;4401;Jusri Pulubuhu;1;2
1124;113;4602;Tidak Ada;1;2
1125;113;4603;Tidak Ada;1;2
1126;31;1443;Tidak Ada;1;2
1127;113;4604;Tidak Ada;1;2
1128;31;1444;Tidak Ada;1;2
1129;31;1445;Tidak Ada;1;2
1130;31;1403;Tidak Ada;1;2
1131;31;1404;Tidak Ada;1;2
1132;31;1405;Tidak Ada;1;2
1133;31;1406;Tidak Ada;1;2
1134;31;1407;Tidak Ada;1;2
1135;31;1408;Tidak Ada;1;2
1136;31;1409;Tidak Ada;1;2
1137;31;1410;Shereene Idriss;1;2
1138;31;1410;Joshua Zeichner;1;2
1139;31;1410;Lily Talakoub;1;2
1140;113;4605;Tidak Ada;1;2
1141;113;4606;Tidak Ada;1;2
1142;113;4607;Nasution;1;2
1143;113;4607;Lubis;1;2
1144;113;4607;Pulungan;1;2
1145;113;4607;Harahap;1;2
1146;31;1411;Tidak Ada;1;2
1147;113;4607;Siregar;1;2
1148;113;4607;Rangkuti;1;2
1149;113;4607;Daulay;1;2
1150;31;1412;Tidak Ada;1;2
1151;113;4607;Tidak Ada;1;2
1152;31;1413;Tidak Ada;1;2
1153;31;1414;dr. Melyarna Putri;1;2
1154;31;1415;Tidak Ada;1;2
1155;113;4608;Tidak Ada;1;2
1156;113;4609;Tidak Ada;1;2
1157;113;4610;Tidak Ada;1;2
1158;113;4611;Tidak Ada;1;2
1159;113;4612;Tidak Ada;1;2
1160;113;4613;Tidak Ada;1;2
1161;113;4614;Tidak Ada;1;2
1162;113;4615;Tidak Ada;1;2
1163;113;4616;Tidak Ada;1;2
1164;199;8668;Tidak Ada;1;2
1165;199;8669;Tidak Ada;1;2
1166;199;8670;Tidak Ada;1;2
1167;199;8671;Justin Forsyth;1;2
1168;199;8672;Tidak Ada;1;2
1169;199;8673;Yohana Susana Yembise;1;2
1170;199;8674;Tidak Ada;1;2
1171;199;8675;Tidak Ada;1;2
1172;199;8676;Tidak Ada;1;2
1173;199;8677;Tidak Ada;1;2
1174;199;8678;Tidak Ada;1;2
1175;199;8679;Tidak Ada;1;2
1176;199;8680;Tidak Ada;1;2
1177;31;1416;Tidak Ada;1;2
1178;31;1417;Tidak Ada;1;2
1179;31;1418;Zeichner;1;2
1180;31;1419;Tidak Ada;1;2
1181;31;1420;Tidak Ada;1;2
1182;23;864;Marquez;1;2
1183;23;865;Tidak Ada;1;2
1184;23;866;Tidak Ada;1;2
1185;23;867;Marquez;1;2
1186;23;868;Marquez;1;2
1187;23;868;Johann Zarco;1;2
1188;23;869;Marquez;1;2
1189;23;870;Marquez;1;2
1190;23;871;Marquez;1;2
1191;23;872;Marquez;1;2
1192;23;872;Zarco;1;2
1193;23;872;Dani Pedrosa;1;2
1194;23;873;Marquez;1;2
1195;23;873;Jorge Lorenzo;1;2
1196;23;873;Dovizioso;1;2
1197;23;874;Marquez;1;2
1198;23;874;Lorenzo;1;2
1199;23;874;Dovizioso;1;2
1200;23;875;Marquez;1;2
1201;23;875;Pedrosa;1;2
1202;23;875;Zarco;1;2
1203;23;875;Tidak Ada;1;2
1204;23;875;Tidak Ada;1;2
1205;23;876;Tidak Ada;1;2
1206;23;877;Marquez;1;2
1207;23;877;Dovizioso;1;2
1208;23;878;Dovizioso;1;2
1209;23;879;Lorenzo;1;2
1210;23;880;Lorenzo;1;2
1211;23;880;Dovizioso;1;2
1212;23;880;Dovi;1;2
1213;23;881;Tidak Ada;1;2
1214;23;882;Marquez;1;2
1215;23;882;Dovi;1;2
1216;23;883;Marquez;1;2
1217;23;884;Dovi;1;2
1218;23;884;Marquez;1;2
1219;23;885;Tidak Ada;1;2
1220;23;886;Tidak Ada;1;2
1221;23;887;Tidak Ada;1;2
1222;23;888;Marquez;1;2
1223;23;888;Dovi;1;2
1224;23;889;Maverick Vinales;1;2
1225;23;890;Dovi;1;2
1226;23;891;Tidak Ada;1;2
1227;23;892;Tidak Ada;1;2
1228;23;893;Tidak Ada;1;2
1229;23;894;Tidak Ada;1;2
1230;23;895;Dovi;1;2
1231;23;896;Zarco;1;2
1232;23;896;Zarco;1;2
1233;23;896;Pedrosa;1;2
1234;23;897;Tidak Ada;1;2
1235;23;898;Pedrosa;1;2
1236;23;899;Tidak Ada;1;2
1237;23;900;Marc;1;2
1238;23;901;Tidak Ada;1;2
1239;23;902;Marc;1;2
1240;23;903;Pedrosa;1;2
1241;23;904;Zarco;1;2
1242;23;905;Tidak Ada;1;2
1243;23;906;Zarco;1;2
1244;23;907;Tidak Ada;1;2
1245;23;908;Tidak Ada;1;2
1246;23;909;Zarco;1;2
1247;23;910;Marc Marquez;1;2
1248;23;910;Franco Morbidelli;1;2
1249;23;910;Joan Mir;1;2
1250;23;910;Johann Zarco;1;2
1251;23;910;Francesco Bagnaia;1;2
1252;31;1421;Tidak Ada;1;2
1253;31;1422;Talakoub;1;2
1254;242;10559;Tidak Ada;1;2
1255;242;10560;Tidak Ada;1;2
1256;242;10561;Tidak Ada;1;2
1257;31;1423;Tidak Ada;1;2
1258;31;1424;Tidak Ada;1;2
1259;242;10562;Tidak Ada;1;2
1260;242;10563;Tidak Ada;1;2
1261;242;10564;Tidak Ada;1;1
1262;242;10565;Tidak Ada;1;1
1263;242;10566;Tidak Ada;1;1
1264;306;13154;Tidak Ada;1;1
1265;242;10567;Tidak Ada;1;1
1266;242;10568;Tidak Ada;1;1
1267;242;10569;Tidak Ada;1;1
1268;242;10570;Tidak Ada;1;1
1269;31;1425;Tidak Ada;1;1
1270;31;1426;Tidak Ada;1;2
1271;31;1427;Tidak Ada;1;1
1272;242;10571;Tidak Ada;1;2
1273;242;10572;Tidak Ada;1;1
1274;242;10573;Tidak Ada;1;1
1275;242;10574;Tidak Ada;1;1
1276;306;13114;Tidak Ada;1;1
1277;242;10575;Tidak Ada;1;1
1278;31;1428;Tidak Ada;1;1
1279;306;13115;Tidak Ada;1;1
1280;31;1429;Tidak Ada;1;1
1281;242;10576;Tidak Ada;1;1
1282;31;1430;Tidak Ada;1;1
1283;306;13116;Tidak Ada;1;1
1284;242;10577;Tidak Ada;1;1
1285;242;10578;Tidak Ada;1;1
1286;242;10579;Tidak Ada;1;1
1287;242;10580;Tidak Ada;1;1
1288;242;10581;Tidak Ada;1;1
1289;31;1431;Tidak Ada;1;1
1290;242;10582;Tidak Ada;1;1
1291;242;10583;Tidak Ada;1;1
1292;242;10584;Tidak Ada;1;1
1293;242;10585;Tidak Ada;1;1
1294;242;10586;Tidak Ada;1;1
1295;306;13117;Tidak Ada;1;1
1296;242;10587;Tidak Ada;1;1
1297;242;10588;Tidak Ada;1;2
1298;306;13118;Tidak Ada;1;1
1299;306;13119;Tidak Ada;1;1
1300;306;13120;Tidak Ada;1;1
1301;31;1432;Tidak Ada;1;2
1302;31;1433;Tidak Ada;1;1
1303;31;1434;Tidak Ada;1;2
1304;31;1435;Tidak Ada;1;2
1305;31;1436;Tidak Ada;1;2
1306;31;1437;Tidak Ada;1;2
1307;31;1438;Talakoub;1;2
1308;31;1439;Tidak Ada;1;2
1309;31;1440;Tidak Ada;1;2
1310;31;1441;Tidak Ada;1;2
1311;31;1442;Tidak Ada;1;2
1312;24;911;Tidak Ada;1;2
1313;24;912;Tidak Ada;1;2
1314;335;14390;Tidak Ada;1;2
1315;24;913;Tidak Ada;1;2
1316;24;914;Simon McMenemy;1;2
1317;24;915;Tidak Ada;1;2
1318;24;916;Tidak Ada;1;2
1319;24;917;Tidak Ada;1;2
1320;24;918;Ilija Spasojevic;1;2
1321;24;919;Tidak Ada;1;2
1322;24;920;Tidak Ada;1;2
1323;24;921;Ramdani Lestaluhu;1;2
1324;24;922;McMenemy;1;2
1325;24;923;Tidak Ada;1;2
1326;24;924;Tidak Ada;1;2
1327;24;925;Tidak Ada;1;2
1328;24;926;Tidak Ada;1;2
1329;24;927;Tidak Ada;1;2
1330;199;8687;Tidak Ada;1;2
1331;199;8688;Tidak Ada;1;2
1332;199;8689;Tidak Ada;1;2
1333;199;8690;Tidak Ada;1;2
1334;335;14391;Tidak Ada;1;2
1335;199;8691;Tidak Ada;1;2
1336;199;8692;Tidak Ada;1;2
1337;199;8693;Tidak Ada;1;2
1338;199;8694;Tidak Ada;1;2
1339;335;14392;Tidak Ada;1;2
1340;199;8695;Tidak Ada;1;2
1341;199;8696;Tidak Ada;1;2
1342;335;14393;Tidak Ada;1;2
1343;335;14394;Tidak Ada;1;2
1344;199;8697;Tidak Ada;1;2
1345;199;8697;Tidak Ada;1;2
1346;335;14395;Tidak Ada;1;2
1347;199;8698;Lenny N;1;2
1348;199;8698;Lenny N;1;2
1349;199;8699;Rosalin;1;2
1350;335;14396;Tidak Ada;1;2
1351;199;8700;Tidak Ada;1;2
1352;335;14398;Tidak Ada;1;2
1353;199;8701;Tidak Ada;1;2
1354;199;8702;Tidak Ada;1;2
1355;199;8703;Tidak Ada;1;2
1356;199;8704;Dian Kartika Sari;1;2
1357;199;8705;Tidak Ada;1;2
1358;199;8706;Tidak Ada;1;2
1359;199;8707;Tidak Ada;1;2
1360;335;14399;Tidak Ada;1;2
1361;199;8708;Tidak Ada;1;2
1362;199;8709;Tidak Ada;1;2
1363;335;14400;Tidak Ada;1;2
1364;199;8710;Tidak Ada;1;2
1365;335;14358;Model;1;2
1366;199;8711;Dian;1;2
1367;199;8712;Tidak Ada;1;2
1368;335;14359;Tidak Ada;1;2
1369;199;8713;Tidak Ada;1;2
1370;335;14360;Tidak Ada;1;2
1371;335;14361;Tidak Ada;1;2
1372;207;9007;Lies;1;2
1373;207;9008;Lies;1;2
1374;207;9009;Lies;1;2
1375;207;9010;Tidak Ada;1;2
1376;207;9011;Lies;1;2
1377;335;14362;Tidak Ada;1;2
1378;207;9012;Tidak Ada;1;2
1379;207;9013;Tidak Ada;1;2
1380;335;14363;Tidak Ada;1;2
1381;199;8714;Tidak Ada;1;2
1382;199;8715;Tidak Ada;1;2
1383;199;8716;Tidak Ada;1;2
1384;335;14364;Tidak Ada;1;2
1385;199;8717;Lenny;1;2
1386;199;8718;Tidak Ada;1;2
1387;199;8719;Tidak Ada;1;2
1388;335;14365;Tidak Ada;1;2
1389;199;8720;Tidak Ada;1;2
1390;199;8721;Lenny;1;2
1391;335;14366;Sukaca Purwokardjono;1;2
1392;199;8722;Tidak Ada;1;2
1393;199;8723;Tidak Ada;1;2
1394;199;8724;Tidak Ada;1;2
1395;335;14367;Tidak Ada;1;2
1396;199;8725;Tidak Ada;1;2
1397;199;8726;Tidak Ada;1;2
1398;335;14368;Tidak Ada;1;2
1399;199;8727;Dian;1;2
1400;335;14369;Tidak Ada;1;2
1401;335;14370;Tidak Ada;1;2
1402;335;14371;Tidak Ada;1;2
1403;215;9293;Tidak Ada;1;2
1404;215;9263;Setya Novanto;1;2
1405;335;14372;Stanley Wijaya;1;2
1406;43;2051;Tidak Ada;1;2
1407;215;9264;Setya Novanto;1;2
1408;335;14373;Tidak Ada;1;2
1409;215;9265;Setnov;1;2
1410;35;1575;Tidak Ada;1;2
1411;306;13121;Tidak Ada;1;2
1412;306;13122;Tidak Ada;1;2
1413;27;1267;Tidak Ada;1;2
1414;27;1268;Tidak Ada;1;2
1415;27;1269;Tidak Ada;1;2
1416;335;14374;Tidak Ada;1;2
1417;335;14375;Tidak Ada;1;2
1418;335;14376;Tidak Ada;1;2
1419;335;14377;Tidak Ada;1;2
1420;335;14378;Tidak Ada;1;2
1421;335;14379;Tidak Ada;1;2
1422;335;14379;Tidak Ada;1;2
1423;335;14380;Tidak Ada;1;2
1424;335;14381;Tidak Ada;1;2
1425;335;14384;Tidak Ada;1;2
1426;335;14385;Tidak Ada;1;2
1427;335;14386;Tidak Ada;1;2
1428;335;14387;Tidak Ada;1;2
1429;335;14388;Tidak Ada;1;2
1430;335;14389;Tidak Ada;1;2
1431;335;14401;Tidak Ada;1;2
1432;370;15882;Asma;1;2
1433;335;14402;Sukaca Purwokardjono;1;2
1434;370;15883;Asma;1;2
1435;335;14403;Tidak Ada;1;2
1436;359;15391;Tidak Ada;1;2
1437;359;15392;Tidak Ada;1;2
1438;359;15393;Tidak Ada;1;2
1439;359;15394;Tidak Ada;1;2
1440;359;15395;Tidak Ada;1;2
1441;359;15396;Tidak Ada;1;2
1442;199;8681;Tidak Ada;1;2
1443;199;8682;Tidak Ada;1;2
1444;199;8683;Tidak Ada;1;2
1445;199;8684;Tidak Ada;1;2
1446;199;8685;Tidak Ada;1;2
1447;370;15884;Ratna Sarumpaet;1;2
1448;370;15885;Atiqah Hasiholan;1;2
1449;199;8686;Tidak Ada;1;2
1450;370;15886;Tidak Ada;1;2
1451;199;8687;Tidak Ada;1;2
1452;370;15887;Tidak Ada;1;2
1453;199;8688;Tidak Ada;1;2
1454;370;15888;Ratna Sarumpaet;1;2
1455;370;15888;Adyla Rafa Naura Ayu;1;2
1456;199;8689;Tidak Ada;1;2
1457;199;8690;Tidak Ada;1;2
1458;359;15376;Tidak Ada;1;2
1459;43;2052;Tidak Ada;1;2
1460;43;2053;Tidak Ada;1;2
1461;359;15377;Tidak Ada;1;2
1462;43;2054;Tidak Ada;1;2
1463;43;2055;Tidak Ada;1;2
1464;43;2056;Tidak Ada;1;2
1465;199;8691;Tidak Ada;1;2
1466;199;8691;Tidak Ada;1;2
1467;43;2039;Tidak Ada;1;2
1468;199;8692;Tidak Ada;1;2
1469;199;8693;Tidak Ada;1;2
1470;43;2040;Benteng Willem I;1;2
1471;199;8694;Tidak Ada;1;2
1472;43;2041;Tidak Ada;1;2
1473;43;2042;Tidak Ada;1;2
1474;27;1270;Tidak Ada;1;2
1475;43;2043;Tidak Ada;1;2
1476;27;1271;Tidak Ada;1;2
1477;43;2044;Tidak Ada;1;2
1478;27;1272;Tidak Ada;1;2
1479;43;2045;Tidak Ada;1;2
1480;27;1235;Tidak Ada;1;2
1481;43;2046;Tidak Ada;1;2
1482;27;1236;Tidak Ada;1;2
1483;43;2047;Tidak Ada;1;2
1484;27;1237;Tidak Ada;1;2
1485;43;2048;Tidak Ada;1;2
1486;27;1238;Tidak Ada;1;2
1487;75;3249;Tidak Ada;1;2
1488;75;3250;Daniel;1;2
1489;359;15378;Tidak Ada;1;2
1490;27;1239;Tidak Ada;1;2
1491;27;1240;Tidak Ada;1;2
1492;359;15379;Tidak Ada;1;2
1493;27;1241;Tidak Ada;1;2
1494;27;1242;Tidak Ada;1;2
1495;359;15381;Tidak Ada;1;2
1496;27;1243;Tidak Ada;1;2
1497;359;15383;Tidak Ada;1;2
1498;75;3251;Tidak Ada;1;2
1499;75;3252;Tidak Ada;1;2
1500;359;15387;Tidak Ada;1;2
1501;75;3219;Tatang Sulaiman;1;2
1502;359;15388;Tidak Ada;1;2
1503;75;3219;Condro Kirono;1;2
1504;75;3219;Kahiyang Ayu;1;2
1505;75;3219;Bobby Nasution;1;2
1506;27;1244;Tidak Ada;1;2
1507;27;1245;Tidak Ada;1;2
1508;75;3220;Jokowi Widodo;1;2
1509;359;15389;Tidak Ada;1;2
1510;75;3220;Kahiyang Ayu;1;2
1511;75;3220;Muhammad Bobby Afif Nasution;1;2
1512;27;1246;Tidak Ada;1;2
1513;75;3221;Tidak Ada;1;2
1514;27;1247;Tidak Ada;1;2
1515;75;3222;Tidak Ada;1;2
1516;75;3223;Daniel Darryan;1;2
1517;27;1248;Tidak Ada;1;2
1518;27;1249;Tidak Ada;1;2
1519;75;3224;Kahiyang-Bobby;1;2
1520;359;15390;Tidak Ada;1;2
1521;75;3225;Daniel;1;2
1522;75;3225;Jokowi;1;2
1523;351;15115;Tidak Ada;1;2
1524;351;15116;Tidak Ada;1;2
1525;75;3226;Kahiyang-Bobby.;1;2
1526;351;15117;Tidak Ada;1;2
1527;27;1250;Tidak Ada;1;2
1528;75;3227;Tidak Ada;1;2
1529;75;3228;Tidak Ada;1;2
1530;351;15118;Tidak Ada;1;2
1531;75;3229;Tidak Ada;1;2
1532;351;15119;Tidak Ada;1;2
1533;351;15120;Tidak Ada;1;2
1534;75;3230;Daniel Darryan;1;2
1535;75;3230;Jokowi;1;2
1536;351;15121;Tidak Ada;1;2
1537;351;15122;Tidak Ada;1;2
1538;48;2191;Tidak Ada;1;2
1539;75;3231;Faisol;1;2
1540;75;3231;Daniel;1;2
1541;75;3232;Faisol;1;2
1542;351;15123;Tidak Ada;1;2
1543;75;3233;Daniel;1;2
1544;351;15124;Tidak Ada;1;2
1545;351;15085;Tidak Ada;1;2
1546;351;15086;Tidak Ada;1;2
1547;351;15087;Tidak Ada;1;2
1548;5951;249804;Anthony Sinisuka Ginting;1;2
1549;5951;249804;Shi Yuqi;1;2
1550;5951;249804;Tidak Ada;1;2
1551;5951;249805;Tidak Ada;1;2
1552;199;8695;Tidak Ada;1;2
1553;199;8696;Tidak Ada;1;2
1554;5951;249806;Tidak Ada;1;2
1555;5951;249807;Anthony Sinisuka Ginting;1;2
1556;5951;249808;Anthony;1;2
1557;5951;249809;Tidak Ada;1;2
1558;5951;249810;Tidak Ada;1;2
1559;48;2192;Tidak Ada;1;2
1560;5951;249811;Tidak Ada;1;2
1561;48;2193;Tidak Ada;1;2
1562;5951;249812;Tidak Ada;1;2
1563;48;2194;Yohan Yahya;1;2
1564;48;2194;Indra Prabowo;1;2
1565;5951;249813;Tidak Ada;1;2
1566;5951;249814;Tidak Ada;1;2
1567;5951;249815;Tidak Ada;1;2
1568;5951;249816;Tidak Ada;1;2
1569;5951;249817;Tidak Ada;1;2
1570;5951;249818;Tidak Ada;1;2
1571;5951;249819;Tidak Ada;1;2
1572;5951;249820;Tidak Ada;1;2
1573;5951;249821;Tidak Ada;1;2
1574;370;15889;Panjul Williams;1;2
1575;370;15889;Alfian;1;2
1576;5951;249822;Tidak Ada;1;2
1577;370;15889;Dedy Ilyas;1;2
1578;370;15890;Naura;1;2
1579;48;2195;Tidak Ada;1;2
1580;370;15842;Tidak Ada;1;2
1581;48;2196;Tidak Ada;1;2
1582;5951;249823;Tidak Ada;1;2
1583;5951;249824;Tidak Ada;1;2
1584;5951;249825;Tidak Ada;1;2
1585;5951;249826;Tidak Ada;1;2
1586;5951;249827;Nurul Paramitha;1;2
1587;5951;249828;Tidak Ada;1;2
1588;5951;249829;Mitha;1;2
1589;5951;249830;Tidak Ada;1;2
1590;5951;249831;Tidak Ada;1;2
1591;5951;249832;Tidak Ada;1;2
1592;370;15843;Tidak Ada;1;2
1593;5951;249833;Tidak Ada;1;2
1594;370;15844;Tidak Ada;1;2
1595;5951;249834;Tidak Ada;1;2
1596;370;15845;Windi Ningsih;1;2
1597;5951;249835;Tidak Ada;1;2
1598;5951;249836;Tidak Ada;1;2
1599;5951;249837;Tidak Ada;1;2
1600;370;15846;Tidak Ada;1;2
1601;370;15846;Tidak Ada;1;2
1602;5951;249838;Tidak Ada;1;2
1603;370;15847;Seto Mulyadi;1;2
1604;5951;249839;Tidak Ada;1;2
1605;5951;249840;Tidak Ada;1;2
1606;5951;249841;Tidak Ada;1;2
1607;5951;249842;Tidak Ada;1;2
1608;370;15848;Tidak Ada;1;2
1609;5951;249843;Tidak Ada;1;2
1610;370;15849;Tidak Ada;1;2
1611;5951;249844;Tidak Ada;1;2
1612;370;15850;Tidak Ada;1;2
1613;370;15851;Eugene;1;2
1614;370;15852;Lasja F;1;2
1615;370;15853;Susatyo;1;2
1616;370;15854;Tidak Ada;1;2
1617;370;15855;Tidak Ada;1;2
1618;5951;249845;Tidak Ada;1;2
1619;370;15856;Tidak Ada;1;2
1620;5951;249846;Tidak Ada;1;2
1621;370;15857;Lasja;1;2
1622;370;15858;Adyla Rafa Naura Ayu;1;2
1623;5951;249847;Tidak Ada;1;2
1624;370;15859;Naura;1;2
1625;5951;249848;Tidak Ada;1;2
1626;370;15860;Tidak Ada;1;2
1627;370;15861;Naura;1;2
1628;5951;249849;Tidak Ada;1;2
1629;370;15862;Baldy Mulya Putra;1;2
1630;370;15862;Baldy Mulya Putra;1;2
1631;5951;249850;Tidak Ada;1;2
1632;370;15863;Tidak Ada;1;2
1633;370;15864;Baldy;1;2
1634;370;15865;Tidak Ada;1;2
1635;370;15865;Tidak Ada;1;2
1636;370;15866;Naura;1;2
1637;370;15867;Tidak Ada;1;2
1638;370;15868;Fauzan Zidni;1;2
1639;370;15869;Eugene Panji;1;2
1640;370;15870;Tidak Ada;1;2
1641;370;15871;Tidak Ada;1;2
1642;199;8697;Tidak Ada;1;2
1643;370;15872;Fauzan;1;2
1644;370;15873;Eugene;1;2
1645;370;15874;Basuki Tjahaja Purnama;1;2
1646;199;8698;Tidak Ada;1;2
1647;370;15874;Ahok;1;2
1648;370;15875;Tidak Ada;1;2
1649;370;15876;Eugene Panji;1;2
1650;199;8699;Rosalin;1;2
1651;370;15877;Ahok;1;2
1652;370;15878;Eugene;1;2
1653;199;8700;Tidak Ada;1;2
1654;370;15879;Asma Nadia;1;2
1655;199;8701;Tidak Ada;1;2
1656;370;15880;Asma;1;2
1657;199;8702;Tidak Ada;1;2
1658;370;15881;Asma;1;2
1659;372;16052;Tidak Ada;1;2
1660;372;16053;Tidak Ada;1;2
1661;372;16054;Tidak Ada;1;2
1662;372;16055;Tidak Ada;1;2
1663;372;16056;Tidak Ada;1;2
1664;372;16057;Tidak Ada;1;2
1665;372;16058;Berto Tukan;1;2
1666;372;16001;Siti Adiyati;1;2
1667;372;16002;Tidak Ada;1;2
1668;372;16003;Tidak Ada;1;2
1669;372;16004;Tidak Ada;1;2
1670;372;16005;Tidak Ada;1;2
1671;372;16006;Tidak Ada;1;2
1672;372;16007;Siti Adiyati;1;2
1673;372;16008;Tidak Ada;1;2
1674;372;16009;Tidak Ada;1;2
1675;372;16010;Agus Dermawan T;1;2
1676;372;16010;Siti Adyati Subangun;1;2
1677;372;16011;Tidak Ada;1;2
1678;372;16012;Tidak Ada;1;2
1679;372;16013;Dermawan T;1;2
1680;372;16014;Tidak Ada;1;2
1681;372;16015;Tidak Ada;1;2
1682;372;16016;Tidak Ada;1;2
1683;199;8703;Tidak Ada;1;2
1684;199;8704;Dian Kartika Sari;1;2
1685;199;8705;Tidak Ada;1;2
1686;199;8706;Tidak Ada;1;2
1687;199;8707;Tidak Ada;1;2
1688;199;8708;Tidak Ada;1;2
1689;199;8709;Tidak Ada;1;2
1690;5965;250375;Gatot Nurmantyo;1;2
1691;5965;250376;Gatot Nurmantyo;1;2
1692;5965;250377;Gatot Nurmantyo;1;2
1693;5965;250377;Tidak Ada;1;2
1694;5965;250378;Gatot Nurmantyo;1;2
1695;5965;250379;Prabowo-Sandiaga;1;2
1696;5965;250380;Dondi Rivaldi;1;2
1697;5965;250381;Donsi;1;2
1698;5965;250382;Jokowi;1;2
1699;5965;250382;Tidak Ada;1;2
1700;5965;250382;Tidak Ada;1;2
1701;5965;250382;Tidak Ada;1;2
1702;5965;250383;Tidak Ada;1;2
1703;5965;250384;Gatot Nurmantyo;1;2
1704;5965;250385;Gatot Nurmantyo;1;2
1705;5965;250386;Jokowi-Maruf;1;2
1706;5965;250387;Prabowo-Sandiaga;1;2
1707;5965;250388;Rama Yumatha;1;2
1708;5965;250389;Jokowi;1;2
1709;5965;250390;Tidak Ada;1;2
1710;5965;250391;Tidak Ada;1;2
1711;5965;250392;Gatot;1;2
1712;5965;250393;Gatot;1;2
1713;5965;250394;Gatot;1;2
1714;5965;250395;Gatot;1;2
1715;5965;250396;Gatot;1;2
1716;5965;250397;Jokowi-Maâ€™ruf;1;2
1717;5965;250398;Gatot;1;2
1718;5965;250399;Bambang;1;2
1719;5965;250399;Jokowi;1;2
1720;5965;250400;Jokowi-Maruf;1;2
1721;5965;250401;Moeldoko;1;2
1722;5965;250401;Gatot Nurmantyo;1;2
1723;5965;250402;Moeldoko;1;2
1724;5965;250403;Prabowo;1;2
1725;5965;250403;Gatot;1;2
1726;5965;250404;Jazuli Juwaini;1;2
1727;5965;250405;Jazuli;1;2
1728;5965;250405;Prabowo-Sandiaga;1;2
1729;5965;250406;Djoko Santoso;1;2
1730;5965;250406;Agus Harimurti Yudhoyono;1;2
1731;5965;250407;Ray Rangkuti;1;2
1732;5965;250408;Ray;1;2
1733;5965;250409;Tidak Ada;1;2
1734;5965;250410;Ray;1;2
1735;5960;250192;Idrus Marham;1;2
1736;5960;250193;Idrus Marham;1;2
1737;5960;250193;Joko Widodo;1;2
1738;5960;250194;Idrus;1;2
1739;5960;250195;Idrus;1;2
1740;5960;250196;Idrus;1;2
1741;5960;250197;Tidak Ada;1;2
1742;5960;250198;Idrus;1;2
1743;5960;250199;Idrus;1;2
1744;5960;250200;Idrus;1;2
1745;5960;250201;Idrus;1;2
1746;5960;250202;Idrus;1;2
1747;5960;250203;Tidak Ada;1;2
1748;5960;250204;Idrus;1;2
1749;5960;250204;Khofifah Indar Parawansa;1;2
1750;5960;250205;Idrus;1;2
1751;5960;250205;Joko Widodo;1;2
1752;5960;250206;Idrus;1;2
1753;5960;250206;Setya Novanto;1;2
1754;262;11385;Tidak Ada;1;2
1755;262;11386;Tidak Ada;1;2
1756;262;11387;Tidak Ada;1;1
1757;262;11388;Tidak Ada;1;1
1758;222;9449;Tidak Ada;1;1
1759;262;11389;Tidak Ada;1;1
1760;262;11390;Tidak Ada;1;1
1761;262;11391;Tidak Ada;1;1
1762;262;11392;Tidak Ada;1;1
1763;351;15088;Tidak Ada;1;1
1764;351;15089;Tidak Ada;1;1
1765;207;9014;Tidak Ada;1;2
1766;207;9015;Tidak Ada;1;1
1767;207;9016;Lies;1;1
1768;207;8987;Tidak Ada;1;1
1769;207;8988;Anies Baswedan;1;1
1770;207;8989;Ahok;1;1
1771;207;8989;Anies;1;1
1772;207;8990;Anies Baswedan;1;1
1773;207;8991;Anies;1;1
1774;207;8992;Anies;1;2
1775;207;8993;Ahok;1;2
1776;207;8994;Ahok;1;2
1777;207;8995;Ahok;1;2
1778;207;8996;Ahok;1;2
1779;207;8997;Anies;1;2
1780;207;8998;Anies;1;2
1781;207;8999;Tidak Ada;1;2
1782;207;9000;Anies;1;2
1783;207;9001;Anies;1;2
1784;207;9002;Tidak Ada;1;2
1785;207;9003;Tidak Ada;1;2
1786;267;11617;Tidak Ada;1;2
1787;267;11617;Mnagagwa;1;2
1788;207;9004;Tidak Ada;1;2
1789;35;1576;Tidak Ada;1;2
1790;207;9005;Lies Marcoes;1;2
1791;207;9005;Anies;1;2
1792;35;1577;Tidak Ada;1;2
1793;207;9006;Lies;1;2
1794;267;11618;Tidak Ada;1;2
1795;200;8748;Tidak Ada;1;2
1796;35;1578;Tidak Ada;1;2
1797;200;8749;Setnov;1;2
1798;200;8749;Tidak Ada;1;2
1799;35;1579;Tidak Ada;1;2
1800;267;11618;Tidak Ada;1;2
1801;200;8750;Setnov;1;2
1802;35;1580;Tidak Ada;1;2
1803;267;11619;Mnagagwa;1;2
1804;200;8751;Tidak Ada;1;2
1805;267;11619;mugabe;1;2
1806;267;11619;Mnagagwa;1;2
1807;35;1581;Tidak Ada;1;2
1808;71;3134;Tidak Ada;1;2
1809;200;8752;friedrick;1;2
1810;267;11620;Mnagagwa;1;2
1811;35;1582;Tidak Ada;1;2
1812;35;1583;Tidak Ada;1;2
1813;200;8753;Tidak Ada;1;2
1814;267;11620;Mnagagwa;1;2
1815;267;11621;Mnagagwa;1;2
1816;35;1584;Tidak Ada;1;2
1817;267;11621;Mugabe;1;2
1818;200;8754;Tidak Ada;1;2
1819;35;1585;Tidak Ada;1;2
1820;267;11621;Mugabe;1;2
1821;267;11621;Mnagagwa;1;2
1822;200;8755;Mahfud MD;1;2
1823;267;11621;Tidak Ada;1;2
1824;35;1586;Tidak Ada;1;2
1825;35;1587;Tidak Ada;1;2
1826;98;4070;Tidak Ada;1;2
1827;200;8728;Fredrich Yunadi;1;2
1828;200;8728;FY;1;2
1829;200;8728;Setnov;1;2
1830;200;8728;Tidak Ada;1;2
1831;267;11592;Robert Mugabe;1;2
1832;267;11592;Tidak Ada;1;2
1833;35;1588;Bruce Banerdt;1;2
1834;200;8729;Setnov;1;2
1835;35;1589;Banerdt;1;2
1836;267;11592;Robert Mugabe;1;2
1837;200;8730;Tidak Ada;1;2
1838;35;1590;Tidak Ada;1;2
1839;200;8731;FY;1;2
1840;267;11593;Robert Mugabe;1;2
1841;267;11593;Robert Mugabe;1;2
1842;200;8732;Tidak Ada;1;2
1843;267;11593;Robert Mugabe;1;2
1844;35;1591;Tidak Ada;1;2
1845;200;8733;Tidak Ada;1;2
1846;192;8370;Tidak Ada;1;2
1847;200;8734;Tidak Ada;1;2
1848;192;8371;Tidak Ada;1;2
1849;267;11595;Robert Gabriel Mugabe;1;2
1850;200;8735;FY;1;2
1851;192;8372;Tidak Ada;1;2
1852;267;11595;Robert Gabriel Mugabe;1;2
1853;267;11596;Tidak Ada;1;2
1854;98;4071;Tidak Ada;1;2
1855;200;8736;Tidak Ada;1;2
1856;192;8373;Tidak Ada;1;2
1857;267;11596;Tidak Ada;1;2
1858;200;8737;FY;1;2
1859;192;8374;Tidak Ada;1;2
1860;200;8738;Setnov;1;2
1861;267;11597;Tidak Ada;1;2
1862;98;4072;Tidak Ada;1;2
1863;192;8375;Tidak Ada;1;2
1864;267;11597;Mugabe;1;2
1865;200;8739;FY;1;2
1866;192;8376;Tidak Ada;1;2
1867;200;8739;Setnov;1;2
1868;267;11600;Tidak Ada;1;2
1869;98;4073;Tidak Ada;1;2
1870;200;8740;Tidak Ada;1;2
1871;98;4025;Tidak Ada;1;2
1872;267;11601;Julian Mtukudzi;1;2
1873;267;11600;Tidak Ada;1;2
1874;192;8377;Tidak Ada;1;2
1875;200;8741;Tidak Ada;1;2
1876;200;8742;Tidak Ada;1;2
1877;192;8378;Tidak Ada;1;2
1878;267;11603;Mugabe;1;2
1879;267;11603;Mugabe;1;2
1880;192;8379;Tidak Ada;1;2
1881;200;8743;Tidak Ada;1;2
1882;98;4027;Tidak Ada;1;2
1883;267;11604;Tidak Ada;1;2
1884;98;4028;Tidak Ada;1;2
1885;192;8380;Tidak Ada;1;2
1886;267;11605;Mugabe;1;2
1887;192;8380;Tidak Ada;1;2
1888;192;8380;Tidak Ada;1;2
1889;192;8381;Tidak Ada;1;2
1890;267;11606;Tidak Ada;1;2
1891;98;4029;Tidak Ada;1;2
1892;267;11608;Mugabe;1;2
1893;98;4030;Tidak Ada;1;2
1894;192;8382;Tidak Ada;1;2
1895;267;11610;Mugabe;1;2
1896;192;8383;Erik Gulbranson;1;2
1897;267;11622;Mnagagwa;1;2
1898;98;4031;Tidak Ada;1;2
1899;192;8384;Tidak Ada;1;2
1900;267;11623;Tidak Ada;1;2
1901;98;4032;Tidak Ada;1;2
1902;98;4033;Tidak Ada;1;2
1903;192;8385;Gulbranson;1;2
1904;267;11624;Tidak Ada;1;2
1905;98;4035;Tidak Ada;1;2
1906;267;11625;Mnagagwa;1;2
1907;98;4036;Tidak Ada;1;2
1908;267;11626;Mnangagwa;1;2
1909;98;4037;Tidak Ada;1;2
1910;98;4040;Tidak Ada;1;2
1911;192;8386;Tidak Ada;1;2
1912;267;11627;Tidak Ada;1;2
1913;267;11628;Mnangagwa;1;2
1914;192;8387;Tidak Ada;1;2
1915;267;11627;Tidak Ada;1;2
1916;192;8388;Tidak Ada;1;2
1917;267;11629;Mnangagwa;1;2
1918;267;11604;Tidak Ada;1;2
1919;267;11630;David Coltart;1;2
1920;267;11630;David Coltart;1;2
1921;98;4041;Tidak Ada;1;2
1922;192;8389;Tidak Ada;1;2
1923;267;11632;Tidak Ada;1;2
1924;192;8390;Tidak Ada;1;2
1925;98;4042;Tidak Ada;1;2
1926;192;8391;Tidak Ada;1;2
1927;98;4043;Tidak Ada;1;2
1928;192;8392;Tidak Ada;1;2
1929;98;4044;Tidak Ada;1;2
1930;203;8869;Tidak Ada;1;2
1931;98;4045;Tidak Ada;1;2
1932;98;4046;Tidak Ada;1;2
1933;203;8870;Tidak Ada;1;2
1934;192;8393;Tidak Ada;1;2
1935;98;4047;Tidak Ada;1;2
1936;98;4048;Tidak Ada;1;2
1937;203;8871;Tidak Ada;1;2
1938;98;4049;Tidak Ada;1;2
1939;192;8394;Tidak Ada;1;2
1940;98;4050;Tidak Ada;1;2
1941;203;8872;Budi Karya Sumadi;1;2
1942;98;4051;Tidak Ada;1;2
1943;98;4052;Tidak Ada;1;2
1944;98;4053;Tidak Ada;1;2
1945;98;4054;Tidak Ada;1;2
1946;98;4055;Tidak Ada;1;2
1947;192;8395;Tidak Ada;1;2
1948;203;8873;Budi;1;2
1949;203;8874;Tidak Ada;1;2
1950;284;12246;Tidak Ada;1;2
1951;284;12247;Tidak Ada;1;2
1952;284;12248;Tidak Ada;1;2
1953;284;12249;Tidak Ada;1;2
1954;284;12250;Dato Sri Mohd Najib;1;2
1955;284;12250;Tidak Ada;1;2
1956;284;12251;Tidak Ada;1;2
1957;289;12407;Tidak Ada;1;2
1958;289;12408;Tidak Ada;1;2
1959;289;12409;Tidak Ada;1;2
1960;289;12410;Tidak Ada;1;2
1961;289;12411;Tidak Ada;1;2
1962;289;12412;Tidak Ada;1;2
1963;289;12413;Tidak Ada;1;2
1964;76;3255;Tidak Ada;1;2
1965;200;8744;Tidak Ada;1;2
1966;200;8745;Tidak Ada;1;2
1967;200;8746;FY;1;2
1968;200;8747;Hikmahanto Juwana;1;2
1969;200;8747;Tidak Ada;1;2
1970;204;8942;Tidak Ada;1;2
1971;204;8943;Tidak Ada;1;2
1972;204;8902;Tidak Ada;1;2
1973;204;8903;Tidak Ada;1;2
1974;204;8904;Lais Ribeiro;1;2
1975;204;8904;Gigi Hadid;1;2
1976;204;8904;Elsa Hosk;1;2
1977;204;8904;Jasmine Tookes;1;2
1978;204;8904;Josephine Skriver;1;2
1979;204;8904;Martha Hunt;1;2
1980;204;8904;Stella Maxwell;1;2
1981;204;8905;Katy Perry;1;2
1982;204;8906;Tidak Ada;1;2
1983;204;8907;Gigi;1;2
1984;204;8907;Perry;1;2
1985;98;4056;Tidak Ada;1;2
1986;98;4057;Tidak Ada;1;2
1987;98;4058;Tidak Ada;1;2
1988;98;4059;Tidak Ada;1;2
1989;98;4060;Tidak Ada;1;2
1990;98;4061;Tidak Ada;1;2
1991;98;4062;Tidak Ada;1;2
1992;98;4064;Tidak Ada;1;2
1993;98;4065;Tidak Ada;1;2
1994;98;4066;Tidak Ada;1;2
1995;98;4067;Tidak Ada;1;2
1996;98;4068;Tidak Ada;1;2
1997;98;4069;Tidak Ada;1;2
1998;139;5944;Tidak Ada;1;2
1999;147;6365;Tidak Ada;1;2
2000;147;6366;Tidak Ada;1;2
2001;147;6367;Iwan Abdurahman;1;2
2002;147;6367;Tidak Ada;1;2
2003;147;6371;Tidak Ada;1;2
2004;147;6372;AKBP Kingkin Winisuda;1;2
2005;147;6372;Novanto;1;2
2006;147;6320;Setya Novanto;1;2
2007;147;6320;Fredrich Yunandi;1;2
2008;147;6320;Tidak Ada;1;2
2009;147;6321;Setnov;1;2
2010;147;6322;Setnov;1;2
2011;147;6323;Fredrich Yunadi;1;2
2012;147;6324;Fredrich;1;2
2013;147;6326;Setnov;1;2
2014;244;10622;Tidak Ada;1;2
2015;289;12414;Tidak Ada;1;2
2016;289;12415;Tidak Ada;1;2
2017;289;12416;Tidak Ada;1;2
2018;289;12417;Tidak Ada;1;2
2019;289;12418;Tidak Ada;1;2
2020;289;12419;Tidak Ada;1;2
2021;289;12420;Tidak Ada;1;2
2022;289;12421;Tidak Ada;1;2
2023;289;12422;Tidak Ada;1;2
2024;289;12423;Tidak Ada;1;2
2025;289;12424;Tidak Ada;1;2
2026;289;12425;Tidak Ada;1;2
2027;289;12426;Tidak Ada;1;2
2028;289;12427;Tidak Ada;1;2
2029;244;10623;Tidak Ada;1;2
2030;244;10624;Tidak Ada;1;2
2031;289;12428;Tidak Ada;1;2
2032;289;12429;Tidak Ada;1;2
2033;244;10625;Gatot Tri Hargo;1;2
2034;289;12430;Tidak Ada;1;2
2035;289;12431;Tidak Ada;1;2
2036;289;12432;Jazilin;1;2
2037;293;12534;Tidak Ada;1;2
2038;293;12535;Tidak Ada;1;2
2039;293;12536;Tidak Ada;1;2
2040;293;12537;Tidak Ada;1;2
2041;293;12538;Tidak Ada;1;2
2042;293;12539;Tidak Ada;1;2
2043;293;12540;Tidak Ada;1;2
2044;293;12541;Tidak Ada;1;2
2045;293;12542;Tidak Ada;1;2
2046;293;12543;Tidak Ada;1;2
2047;293;12544;Tidak Ada;1;2
2048;293;12545;Tidak Ada;1;2
2049;293;12546;Tidak Ada;1;2
2050;293;12547;Tidak Ada;1;2
2051;293;12548;Tidak Ada;1;2
2052;244;10626;Tidak Ada;1;2
2053;244;10627;Tidak Ada;1;2
2054;244;10628;Gatot;1;2
2055;244;10629;Tidak Ada;1;2
2056;244;10630;Tidak Ada;1;2
2057;244;10631;Gatot;1;2
2058;244;10632;Tidak Ada;1;2
2059;244;10633;Gatot;1;2
2060;244;10634;Tidak Ada;1;2
2061;244;10635;Tidak Ada;1;2
2062;244;10636;Tidak Ada;1;2
2063;244;10637;Tidak Ada;1;2
2064;244;10638;Tidak Ada;1;2
2065;244;10639;Tidak Ada;1;2
2066;204;8908;Gigi;1;2
2067;204;8909;Tidak Ada;1;2
2068;204;8910;Bella Hadid;1;2
2069;204;8910;Gigi;1;2
2070;204;8911;Tidak Ada;1;2
2071;204;8912;Gigi;1;2
2072;204;8913;Gigi;1;2
2073;204;8914;Jelena Noura Hadid;1;2
2074;204;8915;Tidak Ada;1;2
2075;204;8916;Tidak Ada;1;2
2076;204;8917;Tidak Ada;1;2
2077;204;8918;Gigi Hadid;1;2
2078;75;3234;Tidak Ada;1;2
2079;75;3235;Tidak Ada;1;2
2080;75;3236;Tidak Ada;1;2
2081;75;3237;Daniel;1;2
2082;75;3237;Jokowi;1;2
2083;75;3238;Daniel;1;2
2084;75;3239;Tidak Ada;1;2
2085;75;3240;Tidak Ada;1;2
2086;75;3241;Tidak Ada;1;2
2087;75;3242;Daniel;1;2
2088;75;3243;Daniel;1;2
2089;75;3244;Tidak Ada;1;2
2090;75;3245;Daniel;1;2
2091;192;8396;Tidak Ada;1;2
2092;147;6327;Fredrich;1;2
2093;147;6328;Setnov;1;2
2094;147;6328;Fredrich;1;2
2095;147;6329;Fredrich;1;2
2096;147;6329;Setnov;1;2
2097;147;6331;Fredrich;1;2
2098;147;6331;novanto;1;2
2099;147;6332;Setnov;1;2
2100;147;6333;Tidak Ada;1;2
2101;147;6334;Hilman Matauch;1;2
2102;147;6334;AKBP Halim Pagarra;1;2
2103;147;6335;SetNov;1;2
2104;147;6335;Reza;1;2
2105;147;6336;Halim;1;2
2106;147;6337;Hilman;1;2
2107;147;6337;SetNov;1;2
2108;147;6338;Tidak Ada;1;2
2109;147;6339;Hilman;1;2
2110;147;6339;Reza;1;2
2111;147;6339;SetNov;1;2
2112;147;6340;Fredrich;1;2
2113;147;6340;SetNov;1;2
2114;147;6340;Tidak Ada;1;2
2115;147;6341;Tidak Ada;1;2
2116;147;6342;SetNov;1;2
2117;147;6342;Fredrich;1;2
2118;147;6343;Tidak Ada;1;2
2119;147;6344;SetNov;1;2
2120;147;6344;Fredrich;1;2
2121;147;6345;Hilman;1;2
2122;147;6345;Suwadi;1;2
2123;147;6345;Akrom;1;2
2124;147;6345;Arafik;1;2
2125;147;6346;Tidak Ada;1;2
2126;113;4617;Tidak Ada;1;2
2127;76;3256;Tidak Ada;1;2
2128;76;3257;Tidak Ada;1;2
2129;76;3258;Tidak Ada;1;2
2130;76;3259;Tidak Ada;1;2
2131;76;3260;Ibtihaj Muhammad;1;2
2132;76;3261;Tidak Ada;1;2
2133;76;3262;Tidak Ada;1;2
2134;76;3263;Tidak Ada;1;2
2135;76;3264;Tidak Ada;1;2
2136;76;3265;Ibtihaj;1;2
2137;76;3266;Tidak Ada;1;2
2138;76;3267;Ibtihaj;1;2
2139;76;3268;Ibtihaj;1;2
2140;76;3269;Tidak Ada;1;2
2141;76;3270;Tidak Ada;1;2
2142;76;3271;Ashley Graham;1;2
2143;76;3271;Zendaya;1;2
2144;76;3271;Gabby Douglas;1;2
2145;76;3271;Kristin Chenoweth;1;2
2146;76;3271;Trisha Yearwood;1;2
2147;76;3271;Emmy Rossum;1;2
2148;76;3271;Misty Copeland;1;2
2149;76;3271;Ava DuVernay;1;2
2150;76;3271;Tidak Ada;1;2
2151;76;3272;Tidak Ada;1;2
2152;76;3273;Tidak Ada;1;2
2153;76;3274;Ibtihaj Muhammad;1;2
2154;76;3275;Cindi Leive;1;2
2155;76;3276;Tidak Ada;1;2
2156;76;3277;Tidak Ada;1;2
2157;76;3278;Ibtihaj;1;2
2158;113;4618;Tidak Ada;1;2
2159;113;4619;Tidak Ada;1;2
2160;113;4620;Tidak Ada;1;2
2161;113;4621;Tidak Ada;1;2
2162;113;4622;Tidak Ada;1;2
2163;113;4623;Tidak Ada;1;2
2164;113;4624;Tidak Ada;1;2
2165;113;4625;Tidak Ada;1;2
2166;113;4626;Haidarsyah;1;2
2167;113;4627;Tidak Ada;1;2
2168;113;4628;Tidak Ada;1;2
2169;113;4629;Tidak Ada;1;2
2170;113;4630;Tidak Ada;1;2
2171;113;4631;Tidak Ada;1;2
2172;113;4632;Tidak Ada;1;2
2173;113;4633;Tidak Ada;1;2
2174;113;4634;Tidak Ada;1;2
2175;113;4635;Tidak Ada;1;2
2176;113;4636;Tidak Ada;1;2
2177;113;4637;Tidak Ada;1;2
2178;113;4638;Tidak Ada;1;2
2179;113;4639;Tidak Ada;1;2
2180;113;4640;Tidak Ada;1;2
2181;113;4641;Tidak Ada;1;2
2182;113;4642;Tidak Ada;1;2
2183;113;4643;Tidak Ada;1;2
2184;113;4644;Tidak Ada;1;2
2185;113;4645;Tidak Ada;1;2
2186;113;4646;Tidak Ada;1;2
2187;113;4647;Tidak Ada;1;2
2188;113;4648;Tidak Ada;1;2
2189;113;4649;Tidak Ada;1;2
2190;113;4650;Tidak Ada;1;2
2191;113;4651;Tidak Ada;1;2
2192;113;4652;Tidak Ada;1;2
2193;113;4653;Tidak Ada;1;2
2194;113;4654;Tidak Ada;1;2
2195;114;4655;Tidak Ada;1;2
2196;114;4656;Tidak Ada;1;2
2197;114;4657;Tidak Ada;1;2
2198;204;8919;Tidak Ada;1;2
2199;204;8920;Tidak Ada;1;2
2200;27;1251;Tidak Ada;1;2
2201;27;1252;Tidak Ada;1;2
2202;27;1253;Tidak Ada;1;2
2203;27;1254;Tidak Ada;1;2
2204;5894;247711;Gregoria Mariska Tunjung;1;2
2205;5894;247711;Akane Yamaguchi;1;2
2206;27;1255;Tidak Ada;1;2
2207;27;1256;Tidak Ada;1;2
2208;27;1257;Tidak Ada;1;2
2209;27;1258;Tidak Ada;1;2
2210;5894;247712;Gregoria Mariska Tunjung;1;2
2211;27;1259;Tidak Ada;1;2
2212;27;1260;Tidak Ada;1;2
2213;27;1261;Tidak Ada;1;2
2214;5894;247713;Gregoria;1;2
2215;5894;247713;Akane Yamaguchi;1;2
2216;27;1262;Tidak Ada;1;2
2217;5894;247714;Tidak Ada;1;2
2218;27;1263;Tidak Ada;1;2
2219;5894;247715;Gregoria;1;2
2220;5894;247715;Akane;1;2
2221;27;1264;Tidak Ada;1;2
2222;5894;247716;Gregoria;1;2
2223;5894;247716;Akane;1;2
2224;5894;247717;Gregoria;1;2
2225;5894;247718;Gregoria;1;2
2226;5894;247719;Akane;1;2
2227;5894;247720;Gregoria;1;2
2228;5905;248110;Arief Budiman;1;2
2229;5894;247720;Akane;1;2
2230;5894;247721;Gregoria;1;2
2231;5894;247722;Gregoria;1;2
2232;5894;247723;Gregoria;1;2
2233;5894;247724;Akane;1;2
2234;5905;248111;Maruf Amin;1;2
2235;5905;248111;Tidak Ada;1;2
2236;5894;247725;Gregoria;1;2
2237;5894;247726;Akane;1;2
2238;5905;248112;Tidak Ada;1;2
2239;5894;247727;Gregoria;1;2
2240;5905;248113;Tidak Ada;1;2
2241;5894;247728;Gregoria;1;2
2242;5894;247729;Tidak Ada;1;2
2243;5894;247730;Gregoria;1;2
2244;5894;247731;Gregoria;1;2
2245;5894;247732;Tidak Ada;1;2
2246;5894;247733;Gregoria;1;2
2247;5894;247734;Della Destiara Haris/Rizki Amelia Pradipta;1;2
2248;5894;247734;Misaki Matsutomo/Ayaka Takahashi;1;2
2249;5894;247734;Greysia Polii/Apriyani Rahayu;1;2
2250;5894;247735;Yuki Fukushima/Sayaka Hirota;1;2
2251;5894;247736;Fitriani;1;2
2252;5894;247737;Gregoria;1;2
2253;5894;247737;Fitriana;1;2
2254;5894;247738;Fitriani;1;2
2255;5894;247739;Okuhara;1;2
2256;5894;247739;Fitriana;1;2
2257;5905;248114;Tidak Ada;1;2
2258;5905;248115;Tidak Ada;1;2
2259;5905;248116;Tidak Ada;1;2
2260;5905;248117;Tidak Ada;1;2
2261;5894;247740;Fitriyani;1;2
2262;5894;247741;Tidak Ada;1;2
2263;5894;247742;Okuhara;1;2
2264;5905;248118;Jusuf Kalla:;1;2
2265;5905;248118;Sri Mulyani;1;2
2266;5905;248118;Pramono Anung;1;2
2267;5905;248118;Puan Maharani;1;2
2268;5905;248118;Jenderal (Purn) Moeldoko;1;2
2269;5905;248118;Airlangga Hartarto.;1;2
2270;5905;248118;Tidak Ada;1;2
2271;5905;248119;Kalla;1;2
2272;5905;248119;Puan;1;2
2273;5905;248119;Pramono;1;2
2274;5894;247743;Della Destiara Haris/Rizki Amelia;1;2
2275;5894;247743;Misaki Matsutomo/Ayaka Takahashi;1;2
2276;5905;248120;Airlangga;1;2
2277;5894;247744;Tidak Ada;1;2
2278;5905;248121;Moeldoko;1;2
2279;5905;248122;Pramono Anung;1;2
2280;5905;248123;Pramono;1;2
2281;5905;248124;Pramono;1;2
2282;5905;248124;Tidak Ada;1;2
2283;5905;248125;Pramono;1;2
2284;5905;248126;Arief Budiman;1;2
2285;5905;248126;Joko Widodo;1;2
2286;5905;248126;Maruf Amin;1;2
2287;114;4658;Tidak Ada;1;2
2288;114;4659;Tidak Ada;1;2
2289;114;4660;Tidak Ada;1;2
2290;306;13123;Lars-Erik De Geer;1;2
2291;306;13124;Tidak Ada;1;2
2292;306;13125;Tidak Ada;1;2
2293;114;4661;Tidak Ada;1;2
2294;114;4662;Tidak Ada;1;2
2295;114;4663;Tidak Ada;1;2
2296;5905;248127;Arief;1;2
2297;5905;248128;Arief;1;2
2298;5905;248129;Prabowo;1;2
2299;5905;248130;Prabowo Subianto;1;2
2300;5905;248130;Djoko;1;2
2301;5905;248130;Tidak Ada;1;2
2302;114;4664;Tidak Ada;1;2
2303;114;4665;Tidak Ada;1;2
2304;5905;248131;Hashim Djojohadikusumo;1;2
2305;5905;248131;Prabowo Subianto;1;2
2306;5905;248131;Sandiaga Uno;1;2
2307;114;4666;Tidak Ada;1;2
2308;5894;247745;Tidak Ada;1;2
2309;5894;247746;Susi Susanti;1;2
2310;5894;247747;Susi;1;2
2311;114;4667;Tidak Ada;1;2
2312;5894;247748;Susi;1;2
2313;5894;247749;Tidak Ada;1;2
2314;5894;247750;Tidak Ada;1;2
2315;5894;247751;Susi;1;2
2316;5894;247752;Tidak Ada;1;2
2317;114;4668;Tidak Ada;1;2
2318;5894;247753;Susi;1;2
2319;5897;247830;Tiara Andini Prastika;1;2
2320;5897;247830;Tiara Andini Prastika;1;2
2321;5897;247830;Vipavee Deekaballes;1;2
2322;114;4669;Tidak Ada;1;2
2323;5894;247754;Tidak Ada;1;2
2324;114;4670;Tidak Ada;1;2
2325;5894;247755;Tidak Ada;1;2
2326;5897;247831;Tidak Ada;1;2
2327;5894;247756;Susi;1;2
2328;5894;247757;Tidak Ada;1;2
2329;5897;247832;Tidak Ada;1;2
2330;5894;247758;Akane Yamaguchi Vs Gregoria Mariska Tunjung;1;2
2331;114;4671;Tidak Ada;1;2
2332;5897;247833;Syafruddin;1;2
2333;114;4672;Tidak Ada;1;2
2334;5903;248065;Tidak Ada;1;2
2335;114;4673;Tidak Ada;1;2
2336;5903;248066;Tidak Ada;1;2
2337;75;3246;Tidak Ada;1;2
2338;5897;247834;Syafruddin;1;2
2339;5903;248067;Tidak Ada;1;2
2340;5903;248068;Tidak Ada;1;2
2341;75;3247;Daniel;1;2
2342;5897;247835;Syafruddin;1;2
2343;5897;247835;Joko Widodo;1;2
2344;114;4674;Tidak Ada;1;2
2345;5903;248069;Jokowi;1;2
2346;5897;247835;Lindswell Kwok;1;2
2347;114;4675;Tidak Ada;1;2
2348;5903;248070;Jokowi;1;2
2349;5897;247836;Syafruddin;1;2
2350;5903;248071;Tidak Ada;1;2
2351;114;4676;Tidak Ada;1;2
2352;75;3248;Tidak Ada;1;2
2353;5903;248072;Tidak Ada;1;2
2354;5903;248073;Tidak Ada;1;2
2355;5897;247837;Tidak Ada;1;2
2356;5903;248074;Tidak Ada;1;2
2357;213;9231;Setya Novanto;1;2
2358;5903;248075;Tidak Ada;1;2
2359;5897;247838;Defia Rosmaniar;1;2
2360;5897;247838;Lindswell Kwok;1;2
2361;5897;247838;Tiara Andini Prastika;1;2
2362;5897;247838;Khoirul Mukhib;1;2
2363;5872;246890;Lindswell Kwok;1;2
2364;213;9232;Setya Novanto;1;2
2365;5872;246891;Tidak Ada;1;2
2366;5872;246892;Lindswell Kwok;1;2
2367;252;10977;Setya Novanto;1;2
2368;5959;250185;Tidak Ada;1;2
2369;5872;246893;Lindswell;1;2
2370;252;10978;Setya Novanto;1;2
2371;5872;246894;Mok Uen Ying Juanita;1;2
2372;5872;246894;Wong Agatha Chrystenzen;1;2
2373;5959;250186;Schneider;1;2
2374;5872;246895;Lindswell;1;2
2375;252;10979;Tidak Ada;1;2
2376;114;4677;Tidak Ada;1;2
2377;5872;246896;Guangzhou;1;2
2378;5872;246896;Incheon;1;2
2379;5872;246896;Lindswell;1;2
2380;5959;250187;Tidak Ada;1;2
2381;252;10980;Novanto;1;2
2382;114;4678;Tidak Ada;1;2
2383;5872;246897;Tidak Ada;1;2
2384;252;10981;Tidak Ada;1;2
2385;5872;246898;Lindswell;1;2
2386;114;4679;Tidak Ada;1;2
2387;252;10982;Idrus Marham;1;2
2388;252;10982;Setya Novanto;1;2
2389;5872;246899;Lindswell;1;2
2390;5872;246900;Tidak Ada;1;2
2391;5872;246901;Tidak Ada;1;2
2392;252;10983;Novanto;1;2
2393;5959;250188;Tidak Ada;1;2
2394;5872;246902;Tidak Ada;1;2
2395;252;10984;Idrus;1;2
2396;5959;250189;Tidak Ada;1;2
2397;5872;246903;Lindswell;1;2
2398;252;10985;Idrus;1;2
2399;114;4680;Tidak Ada;1;2
2400;252;10985;Novanto;1;2
2401;5872;246904;Tidak Ada;1;2
2402;5872;246905;Tidak Ada;1;2
2403;114;4681;Tidak Ada;1;2
2404;5872;246906;Tidak Ada;1;2
2405;5959;250190;Tidak Ada;1;2
2406;252;10986;Novanto;1;2
2407;5959;250191;Tidak Ada;1;2
2408;5959;250155;Tidak Ada;1;2
2409;252;10987;Tidak Ada;1;2
2410;114;4682;Tidak Ada;1;2
2411;5959;250156;Tidak Ada;1;2
2412;252;10988;Tidak Ada;1;2
2413;5959;250157;Tidak Ada;1;2
2414;252;10989;Novanto;1;2
2415;252;10990;Idrus Marham;1;2
2416;5959;250158;Tidak Ada;1;2
2417;252;10991;Agus Gumiwang Kartasasmita;1;2
2418;252;10991;Lamhot Sinaga;1;2
2419;252;10991;Sarmuji;1;2
2420;252;10992;Tidak Ada;1;2
2421;5959;250159;Tidak Ada;1;2
2422;252;10993;Tidak Ada;1;2
2423;252;10994;Novanto;1;2
2424;5959;250161;Tidak Ada;1;2
2425;252;10995;Novanto;1;2
2426;114;4683;Tidak Ada;1;2
2427;252;10996;Ade Komarudin;1;2
2428;252;10996;Novanto;1;2
2429;5959;250162;Tidak Ada;1;2
2430;5959;250162;Tidak Ada;1;2
2431;114;4684;Tidak Ada;1;2
2432;252;10997;Novanto;1;2
2433;114;4685;Tidak Ada;1;1
2434;252;10998;Novanto;1;1
2435;252;10998;Cepi Iskandar;1;1
2436;114;4686;Tidak Ada;1;1
2437;252;10999;Novanto;1;1
2438;114;4687;Tidak Ada;1;1
2439;252;11000;Novanto;1;1
2440;114;4688;Tidak Ada;1;1
2441;252;11001;Novanto;1;1
2442;114;4689;Tidak Ada;1;1
2443;252;11002;Tidak Ada;1;1
2444;252;11003;Agus Hermanto;1;1
2445;114;4690;Tidak Ada;1;1
2446;252;11004;Tidak Ada;1;1
2447;114;4691;Tidak Ada;1;1
2448;252;11005;Novanto;1;1
2449;114;4692;Tidak Ada;1;1
2450;252;11006;Sarifuddin Sudding;1;1
2451;5959;250163;Tidak Ada;1;1
2452;116;4711;Tidak Ada;1;1
2453;252;11007;Tidak Ada;1;1
2454;252;11008;Tidak Ada;1;1
2455;5959;250164;Tidak Ada;1;1
2456;116;4712;Tidak Ada;1;1
2457;252;11009;Tidak Ada;1;1
2458;252;11010;Tidak Ada;1;1
2459;5959;250165;Tidak Ada;1;1
2460;116;4713;Tidak Ada;1;1
2461;5959;250166;Tidak Ada;1;1
2462;116;4714;Tidak Ada;1;1
2463;116;4715;Tidak Ada;1;1
2464;116;4716;Tidak Ada;1;1
2465;116;4717;Tidak Ada;1;1
2466;116;4718;Mamik Yuliani;1;1
2467;116;4719;Tidak Ada;1;1
2468;116;4720;de Roo;1;1
2469;5897;247839;Edgar Xavier Marvelo;1;1
2470;5897;247839;lifter Sri Wahyuni;1;1
2471;5897;247839;Tidak Ada;1;2
2472;5897;247840;Nining Purwaningsih;1;1
2473;5897;247840;Tidak Ada;1;2
2474;244;10640;Maryono;1;1
2475;244;10641;Tidak Ada;1;1
2476;244;10642;Maryono;1;1
2477;244;10643;Tidak Ada;1;1
2478;244;10644;Tidak Ada;1;1
2479;244;10645;Dadang Setiabudi;1;1
2480;244;10646;Tidak Ada;1;1
2481;244;10647;Tidak Ada;1;1
2482;244;10648;dadang;1;1
2483;244;10649;Tidak Ada;1;1
2484;244;10650;Tidak Ada;1;1
2485;5967;250456;Tidak Ada;1;1
2486;5967;250457;Tidak Ada;1;1
2487;5967;250458;Tidak Ada;1;1
2488;5967;250459;Tidak Ada;1;1
2489;5967;250460;Tidak Ada;1;1
2490;5967;250460;Tidak Ada;1;1
2491;5967;250461;Tidak Ada;1;1
2492;5967;250462;Robert Pakpahan;1;1
2493;5967;250463;Tidak Ada;1;1
2494;5967;250464;Tidak Ada;1;1
2495;5967;250465;Tidak Ada;1;1
2496;5967;250466;Tidak Ada;1;1
2497;5967;250467;Tidak Ada;1;1
2498;5967;250467;Tidak Ada;1;1
2499;5967;250468;Robert;1;1
2500;5967;250469;Tidak Ada;1;1
2501;5967;250470;Tidak Ada;1;1
2502;5967;250471;Tidak Ada;1;1
2503;5967;250472;Robert;1;1
2504;5967;250473;Tidak Ada;1;1
2505;5967;250474;Tidak Ada;1;1
2506;71;3135;Chugh;1;1
2507;71;3136;Tidak Ada;1;1
2508;71;3137;Tidak Ada;1;1
2509;71;3138;Dr. Michael J, Ackerman;1;1
2510;71;3139;Dr. Ackerman;1;1
2511;71;3140;Dr. Ackerman;1;1
2512;71;3140;Dr. Ackerman;1;1
2513;71;3141;Tidak Ada;1;1
2514;71;3142;Tidak Ada;1;1
2515;71;3114;Tidak Ada;1;1
2516;71;3115;Tidak Ada;1;1
2517;71;3116;Tidak Ada;1;1
2518;71;3117;Tidak Ada;1;1
2519;71;3117;Tidak Ada;1;1
2520;71;3118;Tidak Ada;1;1
2521;71;3119;Tidak Ada;1;1
2522;71;3120;Tidak Ada;1;1
2523;71;3121;Tidak Ada;1;1
2524;71;3122;Tidak Ada;1;1
2525;141;6037;Tidak Ada;1;1
2526;71;3123;Tidak Ada;1;1
2527;71;3124;Tidak Ada;1;1
2528;71;3125;Tidak Ada;1;1
2529;71;3126;Tidak Ada;1;1
2530;71;3127;Dr. Sumeet Chugh;1;1
2531;71;3128;Tidak Ada;1;1
2532;71;3129;Tidak Ada;1;1
2533;141;6038;Chato;1;1
2534;71;3130;Tidak Ada;1;1
2535;141;6038;Jagger;1;1
2536;71;3131;Tidak Ada;1;1
2537;71;3132;Tidak Ada;1;1
2538;71;3133;Tidak Ada;1;1
2539;141;6039;Mick;1;1
2540;5926;248930;Tidak Ada;1;1
2541;5926;248931;Eko;1;1
2542;5926;248932;Tidak Ada;1;1
2543;5926;248933;Achmad Hulaefi;1;1
2544;141;6040;Chato;1;1
2545;5926;248934;Hulaefi;1;1
2546;5926;248934;Wu Zhaohua;1;1
2547;5926;248935;Tidak Ada;1;1
2548;5926;248936;Tidak Ada;1;1
2549;141;6041;Tidak Ada;1;1
2550;141;6042;Jagger;1;1
2551;141;6043;Chato;1;1
2552;5926;248937;Tidak Ada;1;1
2553;141;6044;Tidak Ada;1;1
2554;5926;248892;Eko Yuli;1;1
2555;5926;248893;Eko;1;1
2556;5926;248894;Tidak Ada;1;1
2557;5926;248897;Eko Yuli Irawan;1;1
2558;5926;248897;Joko Jokowi Widodo;1;1
2559;5926;248898;Tidak Ada;1;1
2560;5926;248899;Eko;1;1
2561;5926;248900;Trinh van Vinh;1;1
2562;5926;248900;Ergashev Adkhamjon;1;1
2563;5926;248901;Eko;1;1
2564;5926;248902;Tidak Ada;1;1
2565;5926;248903;Jokowi;1;1
2566;5926;248904;Eko;1;1
2567;5926;248905;Eko;1;1
2568;5926;248906;Tidak Ada;1;1
2569;5926;248907;Tidak Ada;1;1
2570;141;6045;Tidak Ada;1;1
2571;5926;248908;Eko;1;1
2572;141;6046;Chato;1;1
2573;141;5966;Tidak Ada;1;1
2574;5926;248909;Tidak Ada;1;1
2575;141;5967;Tidak Ada;1;1
2576;5926;248910;Tidak Ada;1;1
2577;141;5968;Tidak Ada;1;1
2578;141;5969;Tidak Ada;1;1
2579;141;5970;Chato;1;1
2580;5967;250475;Tidak Ada;1;1
2581;5967;250476;Tidak Ada;1;1
2582;5967;250477;Tidak Ada;1;1
2583;5967;250478;Tidak Ada;1;1
2584;76;3279;Ibtihaj;1;1
2585;5967;250479;Yon Arsal;1;1
2586;5967;250479;Yon Arsal;1;1
2587;5967;250480;Yon;1;1
2588;76;3280;Tidak Ada;1;1
2589;5967;250481;Tidak Ada;1;1
2590;203;8875;Tidak Ada;1;1
2591;5967;250482;Tidak Ada;1;1
2592;203;8876;Tidak Ada;1;1
2593;203;8877;Tidak Ada;1;1
2594;5967;250483;Tidak Ada;1;1
2595;203;8878;Tidak Ada;1;1
2596;203;8879;Tidak Ada;1;1
2597;203;8880;Tidak Ada;1;1
2598;203;8881;Tidak Ada;1;1
2599;293;12549;Tidak Ada;1;1
2600;203;8882;Budi;1;1
2601;5967;250484;Yon;1;1
2602;293;12550;Tidak Ada;1;1
2603;203;8883;Tidak Ada;1;1
2604;203;8884;Tidak Ada;1;1
2605;293;12551;Wawan Suyatmiko;1;1
2606;203;8885;Budi;1;1
2607;293;12552;Tidak Ada;1;1
2608;5967;250485;Tidak Ada;1;1
2609;293;12553;Tidak Ada;1;1
2610;203;8886;Budi;1;1
2611;293;12554;Tidak Ada;1;1
2612;293;12555;Tidak Ada;1;1
2613;203;8887;Tidak Ada;1;1
2614;76;3281;Tidak Ada;1;1
2615;5967;250486;Tidak Ada;1;1
2616;293;12556;Tidak Ada;1;1
2617;203;8888;Tidak Ada;1;1
2618;293;12557;Tidak Ada;1;1
2619;203;8889;Tidak Ada;1;1
2620;293;12558;Tidak Ada;1;1
2621;203;8890;Tidak Ada;1;1
2622;293;12559;Tidak Ada;1;1
2623;203;8891;Yado Yarismano;1;1
2624;293;12560;Tidak Ada;1;1
2625;203;8892;Tidak Ada;1;1
2626;5967;250487;Sri Mulyani Indrawati;1;1
2627;293;12561;Tidak Ada;1;1
2628;293;12562;Tidak Ada;1;1
2629;293;12563;Wawan;1;1
2630;76;3282;Tidak Ada;1;1
2631;293;12564;Tidak Ada;1;1
2632;76;3283;Tidak Ada;1;1
2633;76;3284;Ibtihaj;1;1
2634;294;12565;Tidak Ada;1;1
2635;294;12566;Tidak Ada;1;1
2636;203;8893;Tidak Ada;1;1
2637;294;12567;Tidak Ada;1;1
2638;96;4016;Tidak Ada;1;1
2639;203;8894;Tidak Ada;1;1
2640;203;8895;Djoko Setijowarno;1;1
2641;5967;250488;Sri Mulyani;1;1
2642;294;12569;Tidak Ada;1;1
2643;141;5971;Charles Toto;1;1
2644;294;12570;Tidak Ada;1;1
2645;203;8896;Djoko;1;1
2646;294;12572;Tidak Ada;1;1
2647;96;4017;Tidak Ada;1;1
2648;203;8897;Tidak Ada;1;1
2649;294;12573;Christina Tedja, M;1;1
2650;203;8898;Djoko;1;1
2651;294;12574;Tidak Ada;1;1
2652;203;8899;Djoko;1;1
2653;96;4018;Tidak Ada;1;1
2654;294;12575;Christina;1;1
2655;203;8900;Rizal Ramli;1;1
2656;96;4019;Tidak Ada;1;2
2657;203;8901;Rizal;1;2
2658;294;12576;Tidak Ada;1;2
2659;5919;248647;Tidak Ada;1;2
2660;5919;248648;Tidak Ada;1;2
2661;96;4020;Tidak Ada;1;2
2662;5919;248616;Tidak Ada;1;2
2663;5919;248617;Tidak Ada;1;2
2664;5919;248618;Tidak Ada;1;2
2665;5919;248619;Tidak Ada;1;2
2666;96;4021;Darmaningtyas;1;2
2667;5919;248620;Tidak Ada;1;2
2668;5919;248621;Jennifer Bellingtier;1;2
2669;96;4021;Tidak Ada;1;2
2670;5919;248622;Tidak Ada;1;2
2671;5919;248623;Tidak Ada;1;2
2672;5919;248624;Tidak Ada;1;2
2673;96;3965;Tidak Ada;1;2
2674;5919;248625;Tidak Ada;1;2
2675;5919;248626;Bellingtier;1;2
2676;96;3966;Tidak Ada;1;2
2677;96;3967;Tidak Ada;1;2
2678;5919;248627;Bellingtier;1;2
2679;294;12577;Tina;1;2
2680;96;3968;Tidak Ada;1;2
2681;5919;248628;Tidak Ada;1;2
2682;5919;248628;Tidak Ada;1;2
2683;96;3969;Tidak Ada;1;2
2684;5919;248629;Tidak Ada;1;2
2685;294;12578;Christina;1;2
2686;5919;248630;Tidak Ada;1;2
2687;96;3970;Tidak Ada;1;2
2688;5919;248631;Tidak Ada;1;2
2689;96;3971;Tidak Ada;1;2
2690;5919;248632;Tidak Ada;1;2
2691;5919;248633;Bellingtier;1;2
2692;5919;248635;Tidak Ada;1;2
2693;294;12579;Tidak Ada;1;2
2694;96;3972;Tidak Ada;1;2
2695;294;12580;Tidak Ada;1;2
2696;96;3973;Tidak Ada;1;2
2697;96;3974;Tidak Ada;1;2
2698;294;12581;Vera Itabiliana Hadiwidjojo;1;2
2699;294;12582;Tidak Ada;1;2
2700;294;12583;Tidak Ada;1;2
2701;96;3975;Tidak Ada;1;2
2702;294;12584;Tidak Ada;1;2
2703;96;3976;Tidak Ada;1;2
2704;96;3977;Tidak Ada;1;2
2705;96;3978;Tidak Ada;1;2
2706;96;3979;Tidak Ada;1;2
2707;96;3980;Tidak Ada;1;2
2708;96;3981;Tidak Ada;1;2
2709;96;3982;Tidak Ada;1;2
2710;96;3983;Sri Sultan Hamengku Buwono X;1;2
2711;96;3984;Tidak Ada;1;2
2712;96;3985;Tidak Ada;1;2
2713;96;3986;Tidak Ada;1;2
2714;96;3988;Tidak Ada;1;2
2715;5895;247789;Tidak Ada;1;2
2716;109;4462;Tidak Ada;1;2
2717;96;3989;Tidak Ada;1;2
2718;109;4463;Tidak Ada;1;2
2719;5895;247759;Tidak Ada;1;2
2720;109;4464;Monique Rijkers;1;2
2721;5895;247760;Tidak Ada;1;2
2722;5895;247761;Tidak Ada;1;2
2723;109;4465;Tidak Ada;1;2
2724;5895;247762;Tidak Ada;1;2
2725;96;3990;Tidak Ada;1;2
2726;5895;247763;Tidak Ada;1;2
2727;96;3991;Tidak Ada;1;2
2728;109;4466;Tidak Ada;1;2
2729;96;3992;Tidak Ada;1;2
2730;5895;247764;Tidak Ada;1;2
2731;96;3993;Tidak Ada;1;2
2732;5895;247765;Tidak Ada;1;2
2733;5895;247766;Tidak Ada;1;2
2734;5895;247767;Tidak Ada;1;2
2735;5895;247768;Tidak Ada;1;2
2736;5895;247772;Tidak Ada;1;2
2737;5895;247776;Tidak Ada;1;2
2738;5895;247777;Tidak Ada;1;2
2739;5895;247778;Tidak Ada;1;2
2740;5895;247779;Tidak Ada;1;2
2741;5895;247780;Tidak Ada;1;2
2742;5895;247781;Tidak Ada;1;2
2743;5895;247782;Tidak Ada;1;2
2744;109;4467;Tidak Ada;1;2
2745;5895;247785;Tidak Ada;1;2
2746;5895;247788;Tidak Ada;1;2
2747;5898;247906;Tidak Ada;1;2
2748;5898;247856;Tidak Ada;1;2
2749;109;4468;Tidak Ada;1;2
2750;5898;247857;Tidak Ada;1;2
2751;5898;247858;Tidak Ada;1;2
2752;5898;247859;Robedi;1;2
2753;5898;247860;Tidak Ada;1;2
2754;5898;247863;Robedi;1;2
2755;5898;247866;Robedi;1;2
2756;5898;247867;Tidak Ada;1;2
2757;5898;247869;Robedi;1;2
2758;5898;247870;Tidak Ada;1;2
2759;5898;247871;Robedi;1;2
2760;109;4469;Tidak Ada;1;2
2761;5898;247872;Tidak Ada;1;2
2762;109;4470;Monique;1;2
2763;5898;247873;Robedi;1;2
2764;5898;247874;Tidak Ada;1;2
2765;109;4471;Tidak Ada;1;2
2766;109;4472;Tidak Ada;1;2
2767;5898;247875;Gushawab;1;2
2768;109;4473;Tidak Ada;1;2
2769;5898;247877;Tidak Ada;1;2
2770;5898;247879;Tidak Ada;1;2
2771;5898;247880;Tidak Ada;1;2
2772;5898;247881;Tidak Ada;1;2
2773;5898;247883;Tidak Ada;1;2
2774;5898;247884;Tidak Ada;1;2
2775;109;4474;Tidak Ada;1;2
2776;5898;247886;Tidak Ada;1;2
2777;109;4475;Ridwan;1;2
2778;5898;247890;Tidak Ada;1;2
2779;5898;247891;Adi;1;2
2780;5898;247892;Tidak Ada;1;2
2781;109;4476;Alfred Munzer;1;2
2782;5898;247893;Tidak Ada;1;2
2783;5898;247894;Tidak Ada;1;2
2784;3;119;Arie;1;2
2785;3;119;Tidak Ada;1;2
2786;3;120;Arie;1;2
2787;3;120;Tidak Ada;1;2
2788;3;121;Arie,;1;2
2789;3;121;Harpit;1;2
2790;3;121;Tidak Ada;1;2
2791;3;122;Harpit;1;2
2792;3;123;Harpit;1;2
2793;3;123;Harpit;1;2
2794;3;123;Harpit;1;2
2795;3;123;Tidak Ada;1;2
2796;3;124;Tidak Ada;1;2
2797;3;125;Tidak Ada;1;2
2798;3;126;Harpit.;1;2
2799;3;126;Harpit.;1;2
2800;3;127;Harpit;1;2
2801;3;127;Harpit;1;2
2802;3;128;Tidak Ada;1;2
2803;3;129;Jonfis;1;2
2804;3;129;Jonfis;1;2
2805;3;130;Tidak Ada;1;2
2806;3;131;Jonfis,;1;2
2807;3;131;Jonfis,;1;2
2808;351;15090;Tidak Ada;1;2
2809;351;15091;Tidak Ada;1;2
2810;3;132;Tidak Ada;1;2
2811;351;15092;Tidak Ada;1;2
2812;3;133;Aloysius;1;2
2813;3;133;Hans;1;2
2814;3;133;Aloysius Hans;1;2
2815;3;133;Bongar;1;2
2816;3;133;Marulitua;1;2
2817;3;133;Bongar Marulitua;1;2
2818;351;15094;Tidak Ada;1;2
2819;4;184;Tidak Ada;1;2
2820;5898;247895;Adi;1;2
2821;109;4477;Tidak Ada;1;2
2822;4;185;Jatmiko.;1;2
2823;109;4478;Tidak Ada;1;2
2824;4;185;Jatmiko.;1;2
2825;4;185;Tidak Ada;1;2
2826;5898;247896;Suyanto;1;2
2827;115;4693;Tidak Ada;1;2
2828;5898;247897;Tidak Ada;1;2
2829;4;186;Tidak Ada;1;2
2830;5898;247901;Tidak Ada;1;2
2831;4;187;Jatmiko;1;2
2832;4;187;Jatmiko;1;2
2833;5898;247903;Tidak Ada;1;2
2834;115;4694;Tidak Ada;1;2
2835;4;188;Jatmiko.;1;2
2836;5898;247904;Suyanto;1;2
2837;4;188;Jatmiko.;1;2
2838;4;189;Jatmiko;1;2
2839;4;189;Tidak Ada;1;2
2840;115;4695;Tidak Ada;1;2
2841;4;190;Tidak Ada;1;2
2842;115;4696;Tidak Ada;1;2
2843;4;191;Tidak Ada;1;2
2844;5901;248011;Tidak Ada;1;2
2845;5901;248012;Tidak Ada;1;2
2846;4;192;Tidak Ada;1;2
2847;4;134;Tidak Ada;1;2
2848;4;135;Tidak Ada;1;2
2849;115;4697;Gandawyuha;1;2
2850;5901;248013;Jaidi;1;2
2851;4;136;Tidak Ada;1;2
2852;4;137;Tidak Ada;1;2
2853;115;4698;Gandawyuha;1;2
2854;5901;248015;Tidak Ada;1;2
2855;115;4699;Sudhana;1;2
2856;5901;248016;Jaidi;1;2
2857;115;4700;Tidak Ada;1;2
2858;5901;248017;Tidak Ada;1;2
2859;115;4701;Tidak Ada;1;2
2860;5901;248018;Lukman Hakim Saifuddin;1;2
2861;5901;248018;Menteri Agama Lukman Hakim Saifuddin;1;2
2862;192;8397;Tidak Ada;1;2
2863;115;4702;Tidak Ada;1;2
2864;115;4703;Tidak Ada;1;2
2865;5901;248019;Tidak Ada;1;2
2866;192;8398;Dr Albert Protopopov;1;2
2867;115;4704;Tidak Ada;1;2
2868;115;4705;Tidak Ada;1;2
2869;192;8399;Tidak Ada;1;2
2870;306;13126;Tidak Ada;1;2
2871;115;4706;Tidak Ada;1;2
2872;306;13127;Tidak Ada;1;2
2873;306;13128;Tidak Ada;1;2
2874;306;13129;Tidak Ada;1;2
2875;306;13130;Tidak Ada;1;2
2876;115;4707;Tidak Ada;1;2
2877;306;13131;Tidak Ada;1;2
2878;115;4708;Tidak Ada;1;2
2879;306;13132;Tidak Ada;1;2
2880;306;13133;Tidak Ada;1;2
2881;306;13134;De Geer;1;2
2882;306;13135;Tidak Ada;1;2
2883;115;4709;Tidak Ada;1;2
2884;306;13136;Tidak Ada;1;2
2885;306;13137;Tidak Ada;1;2
2886;306;13138;Tidak Ada;1;2
2887;115;4710;Tidak Ada;1;2
2888;306;13139;Tidak Ada;1;2
2889;306;13140;Tidak Ada;1;2
2890;5901;248020;Lukman;1;2
2891;306;13141;Tidak Ada;1;2
2892;306;13142;Tidak Ada;1;2
2893;5901;247991;Tidak Ada;1;2
2894;306;13143;Tidak Ada;1;2
2895;116;4721;Tidak Ada;1;2
2896;122;5172;ODonoghue;1;2
2897;306;13144;Tidak Ada;1;2
2898;306;13145;Tidak Ada;1;2
2899;306;13146;Tidak Ada;1;2
2900;116;4722;Tidak Ada;1;2
2901;116;4723;Jerry Lenggit;1;2
2902;116;4724;Tidak Ada;1;2
2903;116;4725;Tidak Ada;1;2
2904;5901;247992;Tidak Ada;1;2
2905;122;5173;ODonoghue;1;2
2906;122;5173;ONeill;1;2
2907;5901;247993;Tidak Ada;1;2
2908;122;5174;Tidak Ada;1;2
2909;116;4726;Tidak Ada;1;2
2910;5901;247994;Tidak Ada;1;2
2911;122;5175;Tidak Ada;1;2
2912;5901;247995;Radi Abu Dzulfikar;1;2
2913;122;5176;ONeill;1;2
2914;122;5177;Tidak Ada;1;2
2915;122;5178;Tidak Ada;1;2
2916;116;4727;Tidak Ada;1;2
2917;122;5179;Tidak Ada;1;2
2918;122;5180;Tidak Ada;1;2
2919;122;5181;Tidak Ada;1;2
2920;116;4728;Tidak Ada;1;2
2921;122;5142;Christian Eriksen;1;2
2922;122;5142;Thomas Delaney;1;2
2923;116;4729;Tidak Ada;1;2
2924;116;4730;Tidak Ada;1;2
2925;116;4731;Tidak Ada;1;2
2926;116;4732;Tidak Ada;1;2
2927;116;4733;Tidak Ada;1;2
2928;116;4734;Tidak Ada;1;2
2929;116;4735;Tidak Ada;1;2
2930;116;4736;Esthy Reko Astuti;1;2
2931;5958;250140;Tidak Ada;1;2
2932;5958;250142;Tidak Ada;1;2
2933;5958;250144;Tidak Ada;1;2
2934;5958;250145;Tidak Ada;1;1
2935;5958;250120;Rumadi;1;1
2936;5958;250121;Rumadi;1;1
2937;5958;250121;Meiliana;1;1
2938;116;4737;Tidak Ada;1;1
2939;116;4738;Esthy;1;1
2940;116;4739;Jokowi;1;1
2941;5959;250167;Tidak Ada;1;1
2942;116;4740;Tidak Ada;1;1
2943;5959;250168;Tidak Ada;1;1
2944;5959;250168;Tidak Ada;1;1
2945;5959;250169;Melissa Schneider;1;1
2946;5959;250170;Schneider;1;1
2947;116;4741;Tidak Ada;1;1
2948;5959;250171;Tidak Ada;1;1
2949;116;4742;Tidak Ada;1;1
2950;5958;250122;Meiliana;1;1
2951;5959;250172;Tidak Ada;1;1
2952;5959;250173;Tidak Ada;1;1
2953;204;8921;Perry;1;1
2954;5959;250174;Tidak Ada;1;2
2955;5958;250123;Meiliana;1;1
2956;5959;250175;Tidak Ada;1;1
2957;116;4743;Tidak Ada;1;1
2958;204;8922;Tidak Ada;1;1
2959;5959;250176;Tidak Ada;1;1
2960;5958;250126;Meiliana;1;1
2961;5958;250128;Saifuddin;1;1
2962;204;8923;Perry;1;1
2963;5959;250177;Tidak Ada;1;1
2964;5958;250129;Tidak Ada;1;1
2965;117;4744;Tidak Ada;1;1
2966;204;8924;Tidak Ada;1;1
2967;204;8925;Tidak Ada;1;1
2968;5958;250130;Tidak Ada;1;1
2969;204;8926;Tidak Ada;1;1
2970;5959;250178;Tidak Ada;1;1
2971;5958;250133;Tidak Ada;1;1
2972;204;8927;Tidak Ada;1;1
2973;5959;250179;Tidak Ada;1;1
2974;204;8928;Tidak Ada;1;1
2975;5958;250134;Rumadi;1;1
2976;5958;250134;Meiliana;1;1
2977;5959;250180;Tidak Ada;1;1
2978;204;8929;Tidak Ada;1;1
2979;5936;249260;Joko Jokowi Widodo;1;1
2980;5959;250181;Tidak Ada;1;1
2981;204;8930;Perry;1;1
2982;5936;249267;Zulkieflimansyah;1;1
2983;204;8931;Perry;1;1
2984;5959;250182;Tidak Ada;1;1
2985;204;8931;Harry Styles;1;1
2986;5936;249268;Zul;1;1
2987;204;8932;Tidak Ada;1;2
2988;5959;250183;Tidak Ada;1;1
2989;5936;249270;Tidak Ada;1;1
2990;204;8933;Tidak Ada;1;2
2991;5959;250184;Tidak Ada;1;1
2992;5936;249271;Tidak Ada;1;1
2993;204;8934;Jesse Carmichael;1;1
2994;5955;250035;Tidak Ada;1;1
2995;5936;249284;Tidak Ada;1;1
2996;204;8935;Tidak Ada;1;2
2997;5955;250036;Tidak Ada;1;1
2998;204;8936;Kate Grigorieva;1;1
2999;204;8936;Julia Belyakova;1;1
3000;204;8936;Dasha Khlystun;1;1
3001;204;8936;Irina Sharipova;1;1
3002;5955;250037;Sri Mulyani Indrawati;1;1
3003;5936;249288;Tidak Ada;1;1
3004;204;8937;Bella Hadid;1;1
3005;5936;249295;Tidak Ada;1;1
3006;204;8938;Bella;1;1
3007;5962;250296;Tidak Ada;1;1
3008;204;8939;Tidak Ada;1;1
3009;5962;250297;Tidak Ada;1;1
3010;204;8940;Tidak Ada;1;1
3011;5955;250038;Tidak Ada;1;1
3012;5962;250267;Tidak Ada;1;1
3013;204;8941;Tidak Ada;1;1
3014;5955;250039;Sri Mulyani;1;1
3015;201;8827;Tidak Ada;1;1
3016;201;8828;Tidak Ada;1;1
3017;5955;250040;Tidak Ada;1;1
3018;201;8829;Tidak Ada;1;1
3019;5962;250268;Tidak Ada;1;2
3020;201;8830;Tidak Ada;1;1
3021;5955;250041;Pramono Anung;1;1
3022;201;8756;Tidak Ada;1;1
3023;5962;250269;Tidak Ada;1;1
3024;201;8757;Tidak Ada;1;1
3025;5955;250042;Tidak Ada;1;1
3026;5962;250270;Tidak Ada;1;1
3027;5962;250271;Tidak Ada;1;1
3028;117;4745;Tidak Ada;1;1
3029;5962;250272;Tidak Ada;1;1
3030;5955;250043;Tidak Ada;1;1
3031;5955;249995;Tidak Ada;1;1
3032;5962;250273;Tidak Ada;1;1
3033;5962;250274;Tidak Ada;1;1
3034;5962;250275;Tidak Ada;1;1
3035;117;4746;David Soong;1;1
3036;5955;249996;Tidak Ada;1;1
3037;5962;250276;Tidak Ada;1;1
3038;5962;250277;Tidak Ada;1;1
3039;5955;249997;Tidak Ada;1;1
3040;5962;250278;Tidak Ada;1;1
3041;5955;249998;Tidak Ada;1;1
3042;5962;250282;Tidak Ada;1;1
3043;5955;249999;Victor Rembeth;1;1
3044;5962;250283;Tidak Ada;1;1
3045;5962;250286;Tidak Ada;1;1
3046;5955;250000;Tidak Ada;1;2
3047;5955;250001;Victor;1;1
3048;5962;250287;Tidak Ada;1;1
3049;5955;250003;Tidak Ada;1;1
3050;117;4747;Tidak Ada;1;1
3051;117;4748;Tidak Ada;1;1
3052;5955;250004;Tidak Ada;1;1
3053;5955;250005;Tidak Ada;1;1
3054;5955;250007;Tidak Ada;1;1
3055;117;4749;Tidak Ada;1;1
3056;5955;250008;Tidak Ada;1;1
3057;5955;250009;Tidak Ada;1;1
3058;5955;250010;Tidak Ada;1;1
3059;117;4750;Tidak Ada;1;1
3060;5955;250011;Tidak Ada;1;1
3061;117;4751;Tidak Ada;1;1
3062;5955;250012;Tidak Ada;1;1
3063;117;4752;Tidak Ada;1;1
3064;5955;250013;Tidak Ada;1;1
3065;5955;250014;Tidak Ada;1;1
3066;5955;250016;Kolonel Ahmad Rizal;1;1
3067;5955;250017;Ahmad;1;1
3068;117;4753;Tidak Ada;1;2
3069;5955;250018;Tidak Ada;1;1
3070;117;4754;Tidak Ada;1;1
3071;5955;250019;Ahmad;1;1
3072;117;4755;Tidak Ada;1;1
3073;5955;250020;Ahmad;1;1
3074;5955;250022;Ahmad;1;1
3075;5955;250023;Ahmad;1;1
3076;5955;250024;Tidak Ada;1;1
3077;5955;250025;Sutopo Purwo Nugroho;1;1
3078;5955;250026;Tidak Ada;1;1
3079;117;4756;David;1;1
3080;5955;250027;Tidak Ada;1;1
3081;5955;250028;Tidak Ada;1;1
3082;5955;250029;Tidak Ada;1;1
3083;5955;250030;Tidak Ada;1;1
3084;306;13147;Tidak Ada;1;1
3085;306;13148;Tidak Ada;1;1
3086;306;13149;Tidak Ada;1;1
3087;306;13150;Tidak Ada;1;1
3088;306;13151;Tidak Ada;1;1
3089;306;13152;De Geer;1;2
3090;306;13153;Tidak Ada;1;1
3091;312;13407;Anas Urbaningrum;1;1
3092;312;13408;Tidak Ada;1;1
3093;312;13409;Tidak Ada;1;1
3097;192;8400;Tidak Ada;1;1
3098;192;8401;Tidak Ada;1;1
3099;192;8402;Tidak Ada;1;1
3100;192;8403;Tidak Ada;1;1
3101;192;8404;Tidak Ada;1;1
3102;192;8405;Tidak Ada;1;1
3103;351;15095;Tidak Ada;1;1
3104;351;15096;Tidak Ada;1;1
3105;351;15097;Tidak Ada;1;1
3106;351;15098;Tidak Ada;1;1
3107;351;15099;Tidak Ada;1;1
3108;351;15100;Tidak Ada;1;1
3109;351;15101;Tidak Ada;1;1
3110;351;15102;Tidak Ada;1;1
3111;222;9450;Tidak Ada;1;1
3112;222;9451;Tidak Ada;1;1
3113;222;9452;Tidak Ada;1;1
3114;222;9453;Tidak Ada;1;1
3115;141;5972;Tidak Ada;1;1
3116;141;5973;Tidak Ada;1;1
3117;222;9454;Tidak Ada;1;1
3118;222;9455;Tidak Ada;1;1
3119;141;5974;Chato;1;1
3120;141;5975;Tidak Ada;1;1
3121;141;5976;Chato;1;1
3122;222;9456;Tidak Ada;1;1
3124;141;5977;Chato;1;1
3125;141;5978;Tidak Ada;1;1
3126;141;5979;Tidak Ada;1;1
3127;141;5980;Tidak Ada;1;1
3128;141;5981;Tidak Ada;1;1
3129;141;5982;Chato;1;1
3130;222;9457;Tidak Ada;1;1
3131;222;9458;Tidak Ada;1;1
3132;222;9459;Tidak Ada;1;1
3133;222;9460;Tidak Ada;1;1
3134;141;5983;Tidak Ada;1;1
3135;222;9461;Tidak Ada;1;1
3136;222;9462;Irhamto;1;2
3137;222;9463;Tidak Ada;1;1
3138;222;9464;Tidak Ada;1;1
3139;222;9465;Tidak Ada;1;1
3140;222;9466;Tidak Ada;1;1
3141;222;9467;Tidak Ada;1;1
3142;222;9468;Tidak Ada;1;1
3143;222;9469;Irham;1;1
3144;141;5984;Tidak Ada;1;1
3145;141;5985;Tidak Ada;1;1
3147;117;4757;Tidak Ada;1;1
3148;117;4758;Tidak Ada;1;1
3149;117;4759;Tidak Ada;1;1
3150;117;4760;Tidak Ada;1;1
3151;117;4761;Tidak Ada;1;1
3152;117;4762;David;1;1
3153;117;4763;Tidak Ada;1;1
3154;117;4764;David;1;1
3155;117;4764;Oscar Motuloh;1;1
3156;117;4765;Oscar;1;1
3157;117;4765;Annisa Nurul;1;1
3158;117;4765;David;1;1
3159;117;4765;Tidak Ada;1;1
3160;117;4766;Tidak Ada;1;1
3161;117;4767;Tidak Ada;1;1
3162;117;4768;Oscar;1;1
3163;117;4769;Tidak Ada;1;1
3164;117;4770;Oscar;1;1
3165;117;4771;Tidak Ada;1;1
3166;117;4772;Tidak Ada;1;1
3167;5926;248912;Eko;1;1
3168;117;4773;Oscar;1;1
3169;5926;248913;Eko;1;1
3170;5926;248914;Eko;1;1
3171;117;4774;Tidak Ada;1;1
3172;5926;248915;Eko;1;1
3173;5926;248916;Eko;1;1
3174;5926;248918;Eko;1;1
3175;117;4775;Oscar;1;1
3176;5926;248920;Van Vinh;1;1
3177;117;4776;Tidak Ada;1;1
3178;5926;248921;Tidak Ada;1;1
3179;5926;248922;Tidak Ada;1;1
3180;5926;248923;Eko;1;1
3181;5926;248923;Van Vinh;1;1
3182;117;4777;David;1;1
3183;117;4777;Oscar;1;1
3184;5926;248926;Tidak Ada;1;1
3185;5926;248928;Eko;1;1
3186;5926;248928;Dirdja Wihardja;1;1
3187;117;4778;Tidak Ada;1;1
3188;5926;248929;Eko;1;1
3189;117;4779;Tidak Ada;1;1
3190;117;4780;David;1;1
3191;123;5209;Tidak Ada;1;1
3192;123;5210;Darius Sinathrya;1;1
3193;5816;244358;Tidak Ada;1;1
3194;5816;244360;Tidak Ada;1;1
3195;5816;244361;Dr Isabell Moreau;1;1
3196;5816;244362;Tidak Ada;1;1
3197;123;5211;Tidak Ada;1;1
3198;5816;244363;Tidak Ada;1;1
3199;5816;244364;Dr Moreau;1;1
3200;123;5212;Darius;1;1
3201;5816;244365;Tidak Ada;1;1
3202;5816;244366;Tidak Ada;1;1
3203;4;138;Tidak Ada;1;1
3204;5816;244367;Tidak Ada;1;1
3205;4;139;Sarwan;1;1
3206;4;139;Sarwan;1;1
3207;4;139;Gimah,;1;1
3208;5816;244368;Tidak Ada;1;1
3209;123;5213;Darius;1;1
3210;4;139;Sarwan;1;1
3211;4;139;Gimah,;1;1
3212;123;5213;Megawati Soekarnoputri;1;1
3213;5816;244338;Tidak Ada;1;1
3214;5816;244339;Tidak Ada;1;1
3215;5816;244340;Tidak Ada;1;1
3216;4;140;Sarwan;1;1
3217;123;5214;Darius;1;1
3218;4;140;istrinya;1;1
3219;4;140;Gimah,;1;1
3220;4;140;Tidak Ada;1;1
3221;5816;244341;Tidak Ada;1;1
3222;5816;244342;Tidak Ada;1;1
3223;5919;248636;Tidak Ada;1;1
3224;123;5215;Tidak Ada;1;1
3225;4;141;Tidak Ada;1;1
3226;5919;248637;Tidak Ada;1;1
3227;5816;244343;Tidak Ada;1;1
3228;123;5216;Emil Heradi;1;1
3229;5919;248638;Tidak Ada;1;1
3230;5816;244344;Tidak Ada;1;1
3231;5816;244345;Joanne Corrigan;1;1
3232;5816;244346;Tidak Ada;1;1
3233;123;5217;Tidak Ada;1;1
3234;5816;244347;Tidak Ada;1;1
3235;5816;244348;Tidak Ada;1;1
3236;123;5218;Tidak Ada;1;1
3237;123;5219;Tidak Ada;1;1
3238;4;142;Sarwan,;1;1
3239;4;142;Saya;1;1
3240;4;142;istriku;1;1
3241;5816;244349;Tidak Ada;1;1
3242;4;142;Gimah;1;1
3243;4;142;kami;1;1
3244;4;142;istriku Gimah;1;1
3245;123;5220;Tidak Ada;1;1
3246;5816;244350;Mariann Virtanen;1;1
3247;123;5221;Darius;1;1
3248;123;5221;Emil;1;1
3249;123;5221;Teuku Rifnu Wikana;1;1
3250;5816;244351;Tidak Ada;1;1
3251;123;5221;Darius;1;1
3252;5816;244352;Jonathan Alpert;1;1
3253;123;5222;Teuku;1;1
3254;5816;244353;Tidak Ada;1;1
3255;123;5222;Rahabi Mandra;1;1
3256;5816;244354;Tidak Ada;1;1
3257;123;5223;Teuku;1;1
3258;5816;244355;Tidak Ada;1;1
3259;5816;244356;Tidak Ada;1;1
3260;5816;244357;Tidak Ada;1;1
3261;123;5224;Tidak Ada;1;1
3262;123;5225;Teuku;1;1
3263;123;5225;Tidak Ada;1;2
3264;123;5226;Teuku;1;1
3265;123;5227;Tidak Ada;1;1
3266;123;5228;Tidak Ada;1;1
3267;123;5229;Darius;1;1
3268;123;5230;Tidak Ada;1;1
3269;123;5231;Tidak Ada;1;1
3270;123;5232;Tidak Ada;1;1
3271;123;5233;Tidak Ada;1;1
3272;123;5234;Tidak Ada;1;1
3273;123;5235;Tidak Ada;1;1
3274;123;5236;Darius;1;2
3275;123;5237;Tidak Ada;1;2
3276;123;5238;Tidak Ada;1;2
3277;141;5986;Tidak Ada;1;1
3278;123;5239;Tidak Ada;1;2
3279;5952;249851;Tidak Ada;1;1
3280;5953;249904;Scott Morrison;1;2
3281;5854;246119;Tidak Ada;1;2
3282;5854;246120;Tidak Ada;1;2
3283;5854;246121;Tidak Ada;1;2
3284;5854;246122;Tidak Ada;1;2
3285;5854;246123;Tidak Ada;1;2
3286;45;2100;Tidak Ada;1;2
3287;5854;246124;Tidak Ada;1;2
3288;45;2101;Tidak Ada;1;2
3289;5854;246125;Tidak Ada;1;2
3290;5854;246126;Tidak Ada;1;2
3291;45;2102;Tidak Ada;1;2
3292;5854;246127;Tidak Ada;1;2
3293;5854;246128;Tidak Ada;1;2
3294;5854;246129;Tidak Ada;1;2
3295;5854;246130;Tidak Ada;1;2
3296;45;2103;Tidak Ada;1;2
3297;5854;246131;Tidak Ada;1;2
3298;45;2104;Tidak Ada;1;2
3299;5854;246132;Tidak Ada;1;2
3300;45;2105;Tidak Ada;1;2
3301;5854;246133;Tidak Ada;1;2
3302;5854;246134;Tidak Ada;1;2
3303;5854;246135;Tidak Ada;1;2
3304;45;2106;Tidak Ada;1;2
3305;45;2107;Tidak Ada;1;2
3306;5854;246136;Tidak Ada;1;2
3307;5854;246137;Tidak Ada;1;2
3308;5854;246138;Tidak Ada;1;2
3309;5854;246139;Tidak Ada;1;2
3310;45;2108;Ignasius Jonan;1;2
3311;5854;246140;Tidak Ada;1;2
3312;5955;250031;Sutopo Purwo Nugroho;1;2
3313;5854;246141;Tidak Ada;1;2
3314;5854;246142;Tidak Ada;1;2
3315;5955;250032;Tidak Ada;1;2
3316;5854;246143;Tidak Ada;1;2
3317;45;2109;Tidak Ada;1;2
3318;5854;246144;Tidak Ada;1;2
3319;5955;250033;Tidak Ada;1;2
3320;5955;250034;Masinan;1;2
3321;5854;246145;Rendrayani;1;2
3322;5854;246146;Rendrayani;1;2
3323;5961;250257;Tidak Ada;1;2
3324;5961;250258;Tidak Ada;1;2
3325;5854;246147;Tidak Ada;1;2
3326;5854;246148;Tidak Ada;1;2
3327;45;2110;Tidak Ada;1;2
3328;5961;250259;Tidak Ada;1;2
3329;5854;246149;Tidak Ada;1;2
3330;5854;246150;Tidak Ada;1;2
3331;5961;250260;Tidak Ada;1;2
3332;5854;246151;Tidak Ada;1;2
3333;5961;250261;Tidak Ada;1;2
3334;5961;250264;Tidak Ada;1;2
3335;5854;246152;Tidak Ada;1;2
3336;5854;246153;Tidak Ada;1;2
3337;5961;250265;Tidak Ada;1;2
3338;5854;246154;Tidak Ada;1;2
3339;5854;246155;Tidak Ada;1;2
3340;5961;250227;Tidak Ada;1;2
3341;5854;246156;Tidak Ada;1;2
3342;5961;250228;Tidak Ada;1;2
3343;5961;250229;Tidak Ada;1;2
3344;5854;246157;Tidak Ada;1;2
3345;5854;246158;Tidak Ada;1;2
3346;5961;250230;Tidak Ada;1;2
3347;5854;246159;Tidak Ada;1;2
3348;5961;250231;Tidak Ada;1;2
3349;5961;250232;Tidak Ada;1;2
3350;5854;246160;Tidak Ada;1;2
3351;5961;250233;Masruroh;1;2
3352;5854;246161;Tidak Ada;1;2
3353;5961;250234;Masruroh;1;2
3354;5854;246162;Tidak Ada;1;2
3355;5854;246163;Tidak Ada;1;2
3356;5854;246164;Tidak Ada;1;2
3357;5854;246165;Tidak Ada;1;2
3358;5961;250237;Tidak Ada;1;2
3359;5854;246166;Tidak Ada;1;2
3360;5854;246167;Tidak Ada;1;2
3361;5854;246168;Tidak Ada;1;2
3362;5854;246169;Tidak Ada;1;2
3363;5854;246170;Tidak Ada;1;2
3364;5854;246171;Tidak Ada;1;2
3365;5961;250238;Tidak Ada;1;2
3366;5961;250239;Tidak Ada;1;2
3368;123;5240;Tidak Ada;1;2
3369;123;5241;Tidak Ada;1;2
3370;123;5242;Tidak Ada;1;2
3371;123;5243;Emil Heradi;1;2
3372;123;5244;Tidak Ada;1;2
3373;123;5245;Tidak Ada;1;2
3374;123;5246;Darius;1;2
3375;123;5247;Tidak Ada;1;2
3376;123;5248;Donna Agnesia;1;2
3377;123;5249;Tidak Ada;1;2
3378;123;5250;Tidak Ada;1;2
3379;123;5251;Darius;1;2
3380;123;5252;Tidak Ada;1;2
3381;123;5253;Tidak Ada;1;2
3382;123;5254;Tidak Ada;1;2
3383;123;5255;Amang;1;2
3384;123;5255;Amang;1;2
3385;123;5255;Yayu Unru;1;2
3386;123;5255;Bagudung;1;2
3387;123;5255;Teuku Rifnu Wikana;1;2
3388;123;5256;Tidak Ada;1;2
3389;123;5257;Tidak Ada;1;2
3390;123;5258;Tidak Ada;1;2
3391;123;5259;Tidak Ada;1;2
3392;123;5260;Tidak Ada;1;2
3393;123;5261;Tidak Ada;1;2
3394;123;5262;Tidak Ada;1;2
3395;136;5720;Tidak Ada;1;2
3396;136;5721;Tidak Ada;1;2
3397;136;5722;Tidak Ada;1;2
3398;136;5722;Tidak Ada;1;2
3399;136;5723;Tidak Ada;1;2
3400;136;5724;Tulus;1;2
3401;136;5724;Tidak Ada;1;2
3402;136;5725;Tidak Ada;1;2
3403;136;5726;Tidak Ada;1;2
3404;136;5727;Tidak Ada;1;2
3405;136;5728;Tidak Ada;1;2
3406;136;5729;Tulus;1;2
3407;136;5730;Tidak Ada;1;2
3408;136;5731;Tulis;1;2
3409;136;5732;Tidak Ada;1;2
3410;136;5733;Tidak Ada;1;2
3411;5813;244251;Tidak Ada;1;2
3412;5813;244254;Ade;1;2
3413;5813;244254;Bung Karno;1;2
3414;5813;244255;Ade;1;2
3415;5813;244256;Tidak Ada;1;2
3416;5813;244257;Tidak Ada;1;2
3417;5813;244260;Tidak Ada;1;1
3418;5813;244219;Bung Karno;1;1
3419;5813;244220;Tidak Ada;1;1
3420;5813;244221;Tidak Ada;1;1
3421;5813;244224;Tidak Ada;1;1
3422;5813;244225;Erick;1;1
3423;5813;244226;Tidak Ada;1;1
3424;4;143;Sarwan;1;1
3425;96;3994;Tidak Ada;1;2
3426;5813;244228;Tidak Ada;1;1
3427;5813;244229;Tidak Ada;1;1
3428;5813;244230;Tidak Ada;1;1
3429;5813;244232;Widi Christian;1;1
3430;5813;244232;Bung Karno;1;1
3431;5813;244234;Widi;1;1
3432;5813;244235;Tidak Ada;1;1
3433;5813;244236;Widi Christian;1;1
3434;5813;244237;Etfrizal Khuluqi;1;1
3435;5813;244239;Tidak Ada;1;1
3436;5813;244242;Widi;1;1
3437;5813;244242;Ben;1;1
3438;5813;244243;Tidak Ada;1;1
3439;5813;244244;Sarman Simanjorang;1;1
3440;5813;244249;Tidak Ada;1;1
3441;5813;244250;Tidak Ada;1;1
3442;5848;245921;Tidak Ada;1;1
3443;5848;245922;Tidak Ada;1;2
3444;5848;245923;Tidak Ada;1;2
3445;5848;245926;Tidak Ada;1;2
3446;5848;245899;Tidak Ada;1;2
3447;5848;245900;Tidak Ada;1;2
3448;5848;245901;Tidak Ada;1;2
3449;5848;245902;Tidak Ada;1;2
3450;5848;245903;Tidak Ada;1;2
3451;5848;245904;Tidak Ada;1;2
3452;222;9470;Tidak Ada;1;1
3453;222;9471;Rizki Perdana;1;1
3454;222;9472;Dwi Suryanto;1;1
3455;222;9473;Tidak Ada;1;1
3456;222;9474;Tidak Ada;1;1
3457;222;9475;Tidak Ada;1;1
3458;222;9476;Tidak Ada;1;1
3459;222;9477;Tidak Ada;1;1
3460;222;9478;Tidak Ada;1;1
3461;222;9479;Tidak Ada;1;1
3462;222;9480;Tidak Ada;1;1
3463;222;9481;Tidak Ada;1;1
3464;222;9482;Irham;1;2
3465;222;9483;Tidak Ada;1;2
3466;222;9484;Tidak Ada;1;2
3467;222;9485;Tidak Ada;1;2
3468;222;9486;Mr Motret;1;2
3469;222;9487;Tidak Ada;1;2
3470;255;11065;Setya Novanto;1;2
3471;255;11067;Tidak Ada;1;2
3472;255;11068;Tidak Ada;1;2
3473;255;11069;Tidak Ada;1;2
3474;255;11070;Luthfi Hasan Ishaaq;1;2
3475;255;11071;Tidak Ada;1;2
3476;255;11072;Setya Novanto;1;2
3477;255;11073;Tidak Ada;1;2
3478;255;11020;Tidak Ada;1;2
3479;255;11021;Tidak Ada;1;2
3480;255;11023;Tidak Ada;1;2
3481;255;11024;Nurdin Halid;1;2
3482;255;11025;Tidak Ada;1;2
3483;255;11026;Setya Novanto;1;2
3484;255;11027;Tidak Ada;1;2
3485;255;11028;Setya Novanto;1;2
3486;255;11028;Nurdin Halid;1;2
3487;255;11029;Setya Novanto;1;2
3488;255;11030;Setya Novanto;1;2
3489;255;11031;Nurdin;1;2
3490;255;11032;Setya Novanto;1;2
3491;255;11033;Tidak Ada;1;2
3492;255;11036;Setya Novanto;1;2
3493;255;11036;Idrus Marham;1;2
3494;255;11037;Setya Novanto;1;2
3495;255;11038;Tidak Ada;1;2
3496;255;11039;Setya Novanto;1;2
3497;255;11041;Setya Novanto;1;2
3498;255;11042;Setya Novanto;1;2
3499;255;11044;Setya Novanto;1;2
3500;255;11045;Tidak Ada;1;2
3501;255;11046;Setya Novanto;1;2
3502;255;11047;Setya Novanto;1;2
3503;255;11048;Tidak Ada;1;2
3504;255;11050;Idrus Marham;1;2
