id_produk;id_berita;id_kalimat;nama_produk;isValid
1;15;579;berlangganan;0
2;15;580;pengeluaran;0
3;3;94;Tidak Ada;2
4;3;95;Tidak Ada;2
5;3;96;Tidak Ada;2
6;3;97;Honda Jazz;1
7;3;97;Brio;1
8;30;1362;Huawei Nova 2i;1
9;15;590;Tidak Ada;2
10;15;579;Tidak Ada;1
11;15;580;Tidak Ada;1
12;15;581;Tidak Ada;1
13;15;583;Tidak Ada;1
14;15;587;Tidak Ada;1
15;15;588;Tidak Ada;1
16;3;92;Tidak Ada;2
17;3;93;Tidak Ada;2
18;3;94;Tidak Ada;2
19;3;95;Tidak Ada;2
20;3;96;Tidak Ada;2
21;3;97;Tidak Ada;0
22;23;851;Tidak Ada;2
23;3;98;Tidak Ada;2
24;3;99;Tidak Ada;2
25;3;100;Honda Jazz;2
26;3;100;Honda Brio;2
27;3;100;Hatchback;2
28;3;101;Tidak Ada;2
29;3;102;Tidak Ada;2
30;3;103;Tidak Ada;2
31;3;104;Honda Jazz;2
32;3;104;Honda Brio;2
33;3;105;Honda;2
34;15;590;Tidak Ada;2
35;3;106;Tidak Ada;2
36;15;579;Tidak Ada;2
37;15;580;Tidak Ada;2
38;15;581;Tidak Ada;2
39;3;107;Tidak Ada;2
40;3;108;Honda Jazz;2
41;3;108;Brio;2
42;15;583;Tidak Ada;2
43;3;109;Tidak Ada;2
44;15;587;Tidak Ada;2
45;3;110;Tidak Ada;2
46;15;588;Tidak Ada;2
47;3;111;Tidak Ada;2
48;3;92;Tidak Ada;2
49;3;112;Tidak Ada;2
50;3;113;Tidak Ada;2
51;3;114;Tidak Ada;2
52;3;115;Tidak Ada;2
53;3;116;Tidak Ada;2
54;3;117;Tidak Ada;2
55;3;118;Honda Jazz;2
56;109;4445;Tidak Ada;2
57;109;4446;Tidak Ada;2
58;109;4447;Tidak Ada;2
59;21;777;Tidak Ada;2
60;21;778;Tidak Ada;2
61;21;779;Tidak Ada;2
62;21;780;Tidak Ada;2
63;21;781;Tidak Ada;2
64;21;782;Tidak Ada;2
65;21;783;Tidak Ada;2
66;21;784;Tidak Ada;2
67;21;785;Tidak Ada;2
68;21;786;Tidak Ada;2
69;21;787;Tidak Ada;2
70;21;788;Tidak Ada;2
71;21;789;Tidak Ada;2
72;21;790;Tidak Ada;2
73;21;791;Tidak Ada;2
74;21;792;Tidak Ada;2
75;21;793;narkoba;2
76;21;794;Tidak Ada;2
77;21;795;Tidak Ada;2
78;21;796;Tidak Ada;2
79;21;797;Tidak Ada;2
80;21;798;Tidak Ada;2
81;21;799;Tidak Ada;2
82;21;800;Tidak Ada;2
83;21;801;Tidak Ada;2
84;21;802;Tidak Ada;2
85;23;852;Tidak Ada;2
86;23;853;Tidak Ada;2
87;23;854;Tidak Ada;2
88;23;855;Tidak Ada;2
89;23;856;Tidak Ada;2
90;23;857;Tidak Ada;2
91;23;858;pebalap termuda;2
92;23;859;Tidak Ada;2
93;23;860;Tidak Ada;2
94;109;4445;Tidak Ada;2
95;109;4446;Tidak Ada;2
96;109;4447;Tidak Ada;2
97;109;4448;Tidak Ada;2
98;109;4449;Tidak Ada;2
99;23;861;Tidak Ada;2
100;109;4450;Tidak Ada;2
101;109;4451;Tidak Ada;2
102;109;4452;Tidak Ada;2
103;109;4453;Tidak Ada;2
104;23;862;Tidak Ada;2
105;23;863;Tidak Ada;2
106;23;864;Tidak Ada;2
107;23;865;Tidak Ada;2
108;23;866;Tidak Ada;2
109;23;867;Tidak Ada;2
110;23;868;Tidak Ada;2
111;23;869;Tidak Ada;2
112;35;1566;Mars 2020;2
113;35;1566;Pathfinder;2
114;35;1566;Spirit;2
115;35;1566;Opportunity;2
116;35;1566;Curiosity;2
117;35;1566;Rover Mars 2020;2
118;35;1566;Mastcam-Z-;2
119;35;1566;Mastcam;2
120;35;1566;Navcams;2
121;35;1567;Tidak Ada;2
122;35;1568;foto;2
123;35;1569;Tidak Ada;2
124;197;8572;Tidak Ada;2
125;22;842;Tidak Ada;2
126;22;843;Tidak Ada;2
127;22;844;Tidak Ada;2
128;22;845;Tidak Ada;2
129;22;846;Tidak Ada;2
130;23;870;Tidak Ada;2
131;197;8572;Tidak Ada;2
132;197;8573;Tidak Ada;2
133;197;8574;Tidak Ada;2
134;23;871;Tidak Ada;2
135;23;872;Tidak Ada;2
136;197;8575;Tidak Ada;2
137;197;8578;Tidak Ada;2
138;197;8579;Tidak Ada;2
139;197;8580;Tidak Ada;2
140;197;8581;Tidak Ada;2
141;22;847;Tidak Ada;2
142;23;873;Tidak Ada;2
143;22;848;Tidak Ada;2
144;22;849;Tidak Ada;2
145;100;4134;Tidak Ada;2
146;23;874;Tidak Ada;2
147;22;850;Tidak Ada;2
148;199;8666;Tidak Ada;2
149;199;8667;Tidak Ada;2
150;199;8667;Tidak Ada;2
151;199;8668;Tidak Ada;2
152;199;8669;Tidak Ada;2
153;199;8670;Tidak Ada;2
154;199;8671;Tidak Ada;2
155;199;8672;Tidak Ada;2
156;199;8673;Tidak Ada;2
157;199;8674;Tidak Ada;2
158;199;8675;Tidak Ada;2
159;199;8676;Tidak Ada;2
160;199;8677;Tidak Ada;2
161;22;810;Tidak Ada;2
162;199;8678;Tidak Ada;2
163;199;8679;Tidak Ada;2
164;199;8680;Tidak Ada;2
165;199;8681;Tidak Ada;2
166;199;8682;Tidak Ada;2
167;199;8683;Tidak Ada;2
168;199;8684;Tidak Ada;2
169;199;8685;Tidak Ada;2
170;199;8686;Tidak Ada;2
171;199;8687;Tidak Ada;2
172;199;8688;Tidak Ada;2
173;199;8689;Tidak Ada;2
174;199;8690;Tidak Ada;2
175;199;8691;Tidak Ada;2
176;199;8692;Tidak Ada;2
177;199;8693;Tidak Ada;2
178;199;8694;Tidak Ada;2
179;199;8695;Tidak Ada;2
180;22;811;Tidak Ada;2
181;199;8696;Tidak Ada;2
182;22;812;Tidak Ada;2
183;22;813;Tidak Ada;2
184;199;8697;Tidak Ada;2
185;199;8698;Tidak Ada;2
186;22;814;Tidak Ada;2
187;199;8699;Tidak Ada;2
188;199;8700;Tidak Ada;2
189;199;8701;Tidak Ada;2
190;199;8702;Tidak Ada;2
191;199;8703;Tidak Ada;2
192;199;8704;Tidak Ada;2
193;22;815;Tidak Ada;2
194;199;8705;Tidak Ada;2
195;199;8706;Tidak Ada;2
196;199;8707;Tidak Ada;2
197;199;8708;Tidak Ada;2
198;199;8709;Tidak Ada;2
199;199;8710;Tidak Ada;2
200;199;8711;Tidak Ada;2
201;199;8712;Tidak Ada;2
202;199;8713;Tidak Ada;2
203;22;816;Tidak Ada;2
204;199;8714;Tidak Ada;2
205;22;817;Tidak Ada;2
206;199;8715;Tidak Ada;2
207;199;8716;Tidak Ada;2
208;199;8717;Tidak Ada;2
209;199;8718;Tidak Ada;2
210;199;8719;Tidak Ada;2
211;199;8720;Tidak Ada;2
212;199;8721;Tidak Ada;2
213;199;8722;Tidak Ada;2
214;199;8723;Tidak Ada;2
215;199;8724;Tidak Ada;2
216;199;8725;Tidak Ada;2
217;199;8726;Tidak Ada;2
218;199;8727;Tidak Ada;2
219;215;9293;Tidak Ada;2
220;22;818;Tidak Ada;2
221;22;819;Tidak Ada;2
222;199;8666;Tidak Ada;2
223;199;8667;Tidak Ada;2
224;199;8668;Tidak Ada;2
225;199;8669;Tidak Ada;2
226;215;9263;Tidak Ada;2
227;199;8670;Tidak Ada;2
228;199;8670;Tidak Ada;2
229;199;8671;Tidak Ada;2
230;215;9264;Tidak Ada;2
231;199;8672;Tidak Ada;2
232;199;8673;Tidak Ada;2
233;199;8674;Tidak Ada;2
234;199;8675;Tidak Ada;2
235;215;9265;Tidak Ada;2
236;199;8676;Tidak Ada;2
237;215;9266;Tidak Ada;2
238;215;9267;Tidak Ada;2
239;199;8677;Tidak Ada;2
240;199;8678;Tidak Ada;2
241;215;9268;Tidak Ada;2
242;215;9269;Tidak Ada;2
243;215;9270;Tidak Ada;2
244;199;8679;Tidak Ada;2
245;215;9271;Tidak Ada;2
246;215;9272;Tidak Ada;2
247;199;8680;Tidak Ada;2
248;215;9273;Tidak Ada;2
249;199;8681;Tidak Ada;2
250;215;9274;Tidak Ada;2
251;199;8682;Tidak Ada;2
252;215;9275;Tidak Ada;2
253;215;9275;Tidak Ada;2
254;21;803;Tidak Ada;2
255;21;804;Tidak Ada;2
256;21;805;Meals;2
257;21;806;pasta;2
258;21;807;one;2
259;21;808;Tidak Ada;2
260;21;809;Tidak Ada;2
261;179;7695;Tidak Ada;2
262;179;7696;Tidak Ada;2
263;179;7697;Tidak Ada;2
264;179;7698;Tidak Ada;2
265;179;7699;Tidak Ada;2
266;179;7700;Tidak Ada;2
267;179;7701;Tidak Ada;2
268;179;7702;Tidak Ada;2
269;179;7703;Tidak Ada;2
270;179;7704;Tidak Ada;2
271;179;7705;Tidak Ada;2
272;179;7706;Tidak Ada;2
273;215;9276;Tidak Ada;2
274;179;7707;Tidak Ada;2
275;179;7708;Tidak Ada;2
276;215;9277;Tidak Ada;2
277;215;9278;Tidak Ada;2
278;215;9280;Tidak Ada;2
279;179;7709;Tidak Ada;2
280;179;7710;Tidak Ada;2
281;179;7711;Tidak Ada;2
282;179;7712;Tidak Ada;2
283;179;7713;Tidak Ada;2
284;179;7714;Tidak Ada;2
285;179;7715;Tidak Ada;2
286;179;7716;Tidak Ada;2
287;179;7717;Tidak Ada;2
288;179;7718;Tidak Ada;2
289;179;7719;Tidak Ada;2
290;179;7720;Tidak Ada;2
291;3;98;Tidak Ada;2
292;3;99;Tidak Ada;2
293;179;7721;Tidak Ada;2
294;179;7722;Tidak Ada;2
295;179;7723;Tidak Ada;2
296;179;7724;Tidak Ada;2
297;179;7725;Tidak Ada;2
298;179;7726;Tidak Ada;2
299;179;7727;Tidak Ada;2
300;179;7728;Tidak Ada;2
301;179;7729;Tidak Ada;2
302;179;7730;Tidak Ada;2
303;179;7731;Tidak Ada;2
304;179;7732;Tidak Ada;2
305;179;7733;Tidak Ada;2
306;179;7734;Tidak Ada;2
307;179;7735;Tidak Ada;2
308;179;7736;Tidak Ada;2
309;179;7737;Tidak Ada;2
310;179;7738;Tidak Ada;2
311;179;7739;Tidak Ada;2
312;179;7740;Tidak Ada;2
313;197;8582;Tidak Ada;2
314;197;8583;Tidak Ada;2
315;197;8584;Tidak Ada;2
316;197;8585;Tidak Ada;2
317;197;8586;Tidak Ada;2
318;197;8587;Tidak Ada;2
319;197;8588;Tidak Ada;2
320;197;8589;Tidak Ada;2
321;100;4135;Tidak Ada;2
322;197;8590;Tidak Ada;2
323;197;8591;Tidak Ada;2
324;197;8592;Tidak Ada;2
325;197;8593;Tidak Ada;2
326;22;820;Tidak Ada;2
327;22;821;Tidak Ada;2
328;197;8594;Tidak Ada;2
329;197;8595;Tidak Ada;2
330;197;8596;Tidak Ada;2
331;197;8597;Tidak Ada;2
332;197;8598;Tidak Ada;2
333;197;8599;Tidak Ada;2
334;197;8600;Tidak Ada;2
335;197;8601;Tidak Ada;2
336;197;8602;Tidak Ada;2
337;197;8603;Tidak Ada;2
338;197;8604;Tidak Ada;2
339;197;8605;Tidak Ada;2
340;197;8606;Tidak Ada;2
341;197;8607;Tidak Ada;2
342;206;8948;Tidak Ada;2
343;206;8949;Tidak Ada;2
344;206;8950;Tidak Ada;2
345;206;8951;Tidak Ada;2
346;206;8952;Tidak Ada;2
347;195;8538;Tidak Ada;2
348;206;8953;Tidak Ada;2
349;22;823;Tidak Ada;2
350;206;8957;Tidak Ada;2
351;195;8539;Tidak Ada;2
352;195;8540;E-KTP;2
353;195;8540;Pasal Obstruction of Justice;2
354;206;8958;Tidak Ada;2
355;206;8959;Tidak Ada;2
356;206;8960;Tidak Ada;2
357;206;8961;Tidak Ada;2
358;195;8541;Tidak Ada;2
359;195;8506;Tidak Ada;2
360;206;8962;Tidak Ada;2
361;195;8507;Tidak Ada;2
362;195;8508;Tidak Ada;2
363;206;8963;Tidak Ada;2
364;195;8509;Mobil;2
365;195;8510;Tidak Ada;2
366;195;8511;Tidak Ada;2
367;206;8964;Tidak Ada;2
368;206;8965;Tidak Ada;2
369;195;8512;UU Tipikor;2
370;195;8513;Tidak Ada;2
371;195;8514;Tidak Ada;2
372;30;1363;Tidak Ada;2
373;195;8515;Tidak Ada;2
374;206;8966;Tidak Ada;2
375;30;1364;Tidak Ada;2
376;30;1365;Tidak Ada;2
377;206;8967;Tidak Ada;2
378;206;8968;Tidak Ada;2
379;195;8516;Tidak Ada;2
380;30;1366;Tidak Ada;2
381;195;8517;Tidak Ada;2
382;195;8518;Tidak Ada;2
383;22;824;Tidak Ada;2
384;195;8519;Tidak Ada;2
385;30;1367;Tidak Ada;2
386;206;8969;Tidak Ada;2
387;195;8520;E-KTP;2
388;30;1368;Tidak Ada;2
389;195;8521;Tidak Ada;2
390;206;8970;Tidak Ada;2
391;30;1369;Tidak Ada;2
392;195;8522;Tidak Ada;2
393;206;8971;Tidak Ada;2
394;195;8523;Tidak Ada;2
395;206;8972;Tidak Ada;2
396;206;8973;Tidak Ada;2
397;22;825;Tidak Ada;2
398;30;1370;Tidak Ada;2
399;195;8524;Tidak Ada;2
400;195;8525;Tidak Ada;2
401;30;1371;mangga pisang;2
402;30;1371;mangga alpukat;2
403;195;8526;Tidak Ada;2
404;206;8974;Tidak Ada;2
405;195;8527;Tidak Ada;2
406;195;8529;Tidak Ada;2
407;195;8531;Tidak Ada;2
408;195;8532;Tidak Ada;2
409;30;1372;Tidak Ada;2
410;195;8533;Tidak Ada;2
411;206;8975;Tidak Ada;2
412;195;8534;Tidak Ada;2
413;195;8535;Tidak Ada;2
414;30;1373;Tidak Ada;2
415;195;8536;UU Tipikor;2
416;206;8976;Tidak Ada;2
417;30;1374;Tidak Ada;2
418;195;8537;UU;2
419;206;8977;Tidak Ada;2
420;30;1375;Tidak Ada;2
421;188;8169;Tidak Ada;2
422;188;8170;Tidak Ada;2
423;30;1376;Tidak Ada;2
424;188;8171;Tidak Ada;2
425;30;1377;Tidak Ada;2
426;206;8978;Tidak Ada;2
427;30;1378;Tidak Ada;2
428;188;8172;Tidak Ada;2
429;30;1379;Tidak Ada;2
430;188;8173;Tidak Ada;2
431;206;8979;Tidak Ada;2
432;188;8149;Tidak Ada;2
433;30;1380;Tidak Ada;2
434;30;1381;Tidak Ada;2
435;206;8980;Tidak Ada;2
436;30;1382;Tidak Ada;2
437;206;8981;Tidak Ada;2
438;30;1383;Tidak Ada;2
439;206;8982;Tidak Ada;2
440;30;1384;Tidak Ada;2
441;100;4136;Tidak Ada;2
442;30;1385;Tidak Ada;2
443;206;8983;Tidak Ada;2
444;188;8150;Tidak Ada;2
445;30;1386;Tidak Ada;2
446;206;8984;Tidak Ada;2
447;206;8985;Tidak Ada;2
448;30;1387;Tidak Ada;2
449;206;8986;Tidak Ada;2
450;188;8151;Tidak Ada;2
451;188;8152;Tidak Ada;2
452;217;9323;Tidak Ada;2
453;30;1388;Tidak Ada;2
454;188;8153;Tidak Ada;2
455;22;826;Tidak Ada;2
456;30;1389;Tidak Ada;2
457;188;8154;Tidak Ada;2
458;217;9324;Tidak Ada;2
459;30;1390;Redmi Note 5a;2
460;188;8155;Tidak Ada;2
461;217;9325;Tidak Ada;2
462;30;1391;Tidak Ada;2
463;217;9326;Tidak Ada;2
464;188;8156;Tidak Ada;2
465;217;9327;Tidak Ada;2
466;188;8157;Tidak Ada;2
467;217;9328;Tidak Ada;2
468;30;1392;Tidak Ada;2
469;188;8158;Zalando;2
470;30;1393;Redmi Note 5a;2
471;217;9330;Tidak Ada;2
472;188;8159;Tidak Ada;2
473;188;8160;Tidak Ada;2
474;188;8161;Tidak Ada;2
475;188;8162;Zalando;2
476;188;8163;Tidak Ada;2
477;30;1394;Redmi Note 5a;2
478;188;8164;Tidak Ada;2
479;188;8165;Tidak Ada;2
480;188;8166;Tidak Ada;2
481;188;8167;Tidak Ada;2
482;188;8168;Tidak Ada;2
483;210;9099;Justice League;2
484;210;9099;Wonder;2
485;30;1395;Tidak Ada;2
486;30;1396;Nova 2i;2
487;210;9108;Tidak Ada;2
488;30;1396;Huawei Nova 2i;2
489;210;9079;Justice League;2
490;210;9080;Justice League;2
491;210;9081;Tidak Ada;2
492;30;1397;Huawei Nova 2i;2
493;210;9082;Tidak Ada;2
494;210;9083;DC;2
495;30;1398;huawei Nova 2i;2
496;210;9084;Tidak Ada;2
497;30;1399;Tidak Ada;2
498;210;9085;Man of Steel;2
499;210;9085;Batman V Superman;2
500;210;9085;Wonder Woman;2
501;210;9086;The Avengers;2
502;30;1400;Tidak Ada;2
503;30;1401;Huawei Nova 2i;2
504;210;9087;Justice League;2
505;30;1402;Tidak Ada;2
506;45;2090;turbin;2
507;45;2091;Tidak Ada;2
508;45;2092;Tidak Ada;2
509;45;2094;Tidak Ada;2
510;45;2095;Tidak Ada;2
511;45;2096;Tidak Ada;2
512;45;2097;Tidak Ada;2
513;45;2098;Tidak Ada;2
514;45;2099;Tidak Ada;2
515;215;9281;Tidak Ada;2
516;215;9282;Tidak Ada;2
517;215;9283;Tidak Ada;2
518;215;9284;Tidak Ada;2
519;215;9285;Tidak Ada;2
520;215;9286;Tidak Ada;2
521;215;9287;Tidak Ada;2
522;215;9288;Tidak Ada;2
523;215;9290;Tidak Ada;2
524;215;9291;Tidak Ada;2
525;211;9109;Tidak Ada;2
526;211;9110;Tidak Ada;2
527;211;9111;Tidak Ada;2
528;211;9112;Tidak Ada;2
529;211;9113;Tidak Ada;2
530;211;9114;Tidak Ada;2
531;211;9115;Tidak Ada;2
532;211;9116;Tidak Ada;2
533;211;9117;Tidak Ada;2
534;211;9118;Tidak Ada;2
535;211;9119;Tidak Ada;2
536;211;9120;Tidak Ada;2
537;211;9121;Tidak Ada;2
538;211;9122;Tidak Ada;2
539;211;9123;Tidak Ada;2
540;211;9124;Tidak Ada;2
541;211;9125;Tidak Ada;2
542;211;9126;Tidak Ada;2
543;211;9127;Tidak Ada;2
544;211;9128;Tidak Ada;2
545;211;9129;Tidak Ada;2
546;211;9130;Tidak Ada;2
547;211;9131;Tidak Ada;2
548;211;9132;Tidak Ada;2
549;211;9133;Tidak Ada;2
550;211;9134;Tidak Ada;2
551;211;9135;Tidak Ada;2
552;211;9136;Tidak Ada;2
553;211;9137;Tidak Ada;2
554;211;9138;Tidak Ada;2
555;211;9139;Tidak Ada;2
556;211;9140;Tidak Ada;2
557;211;9141;Tidak Ada;2
558;211;9142;Tidak Ada;2
559;211;9143;Tidak Ada;2
560;211;9144;Tidak Ada;2
561;211;9145;Tidak Ada;2
562;211;9146;Tidak Ada;2
563;211;9147;Tidak Ada;2
564;285;12272;Tidak Ada;2
565;285;12273;Tidak Ada;2
566;285;12273;Tidak Ada;2
567;285;12274;Tidak Ada;2
568;285;12277;Tidak Ada;2
569;285;12278;Tidak Ada;2
570;285;12279;Tidak Ada;2
571;285;12280;Tidak Ada;2
572;23;851;Tidak Ada;2
573;23;852;Tidak Ada;2
574;23;853;Tidak Ada;2
575;23;854;Tidak Ada;2
576;23;855;Tidak Ada;2
577;285;12255;Tidak Ada;2
578;23;856;Tidak Ada;2
579;199;8683;Tidak Ada;2
580;285;12256;Tidak Ada;2
581;285;12257;Tidak Ada;2
582;23;857;Tidak Ada;2
583;199;8684;Tidak Ada;2
584;23;858;Tidak Ada;2
585;285;12258;Tidak Ada;2
586;199;8685;Tidak Ada;2
587;23;859;Tidak Ada;2
588;285;12259;Tidak Ada;2
589;23;860;Tidak Ada;2
590;109;4454;Tidak Ada;2
591;199;8686;Tidak Ada;2
592;285;12260;Tidak Ada;2
593;23;861;Tidak Ada;2
594;109;4455;film Nina Bobo Untuk Bobby;2
595;23;862;Tidak Ada;2
596;23;863;Tidak Ada;2
597;285;12261;Tidak Ada;2
598;285;12262;Tidak Ada;2
599;285;12263;Tidak Ada;2
600;285;12263;Tidak Ada;2
601;285;12264;Tidak Ada;2
602;285;12264;Tidak Ada;2
603;285;12265;Tidak Ada;2
604;285;12266;Tidak Ada;2
605;285;12267;Tidak Ada;2
606;285;12268;Tidak Ada;2
607;285;12269;Tidak Ada;2
608;285;12270;Tidak Ada;2
609;285;12271;Tidak Ada;2
610;310;13336;Tidak Ada;2
611;310;13299;Tidak Ada;2
612;310;13300;Tidak Ada;2
613;310;13301;Tidak Ada;2
614;310;13302;Tidak Ada;2
615;310;13303;Tidak Ada;2
616;310;13304;Tidak Ada;2
617;310;13305;Tidak Ada;2
618;310;13306;Tidak Ada;2
619;310;13307;Tidak Ada;2
620;310;13308;Tidak Ada;2
621;310;13309;Tidak Ada;2
622;310;13310;Tidak Ada;2
623;211;9148;Tidak Ada;2
624;35;1570;rovers mars 2020;2
625;310;13312;Tidak Ada;2
626;211;9149;Tidak Ada;2
627;109;4456;Tidak Ada;2
628;240;10479;Tidak Ada;2
629;211;9150;Tidak Ada;2
630;310;13313;Tidak Ada;2
631;109;4457;Tidak Ada;2
632;15;579;Tidak Ada;2
633;310;13314;Tidak Ada;2
634;211;9151;Tidak Ada;2
635;240;10480;Tidak Ada;2
636;310;13315;Tidak Ada;2
637;310;13315;Tidak Ada;2
638;211;9152;Tidak Ada;2
639;310;13316;Tidak Ada;2
640;310;13317;Tidak Ada;2
641;240;10481;Kepala Daerah;2
642;240;10481;Tidak Ada;2
643;109;4458;Tidak Ada;2
644;310;13318;Tidak Ada;2
645;310;13318;Tidak Ada;2
646;199;8666;Tidak Ada;2
647;211;9153;Tidak Ada;2
648;15;580;Tidak Ada;2
649;310;13319;Tidak Ada;2
650;211;9154;Tidak Ada;2
651;109;4459;Nina Bobo Untuk Bobby;2
652;109;4459;Tidak Ada;2
653;310;13321;Tidak Ada;2
654;310;13321;Tidak Ada;2
655;211;9155;Tidak Ada;2
656;240;10482;Tidak Ada;2
657;310;13323;Tidak Ada;2
658;211;9156;Tidak Ada;2
659;199;8667;Tidak Ada;2
660;211;9157;Tidak Ada;2
661;211;9158;Tidak Ada;2
662;310;13324;Tidak Ada;2
663;211;9159;Tidak Ada;2
664;15;581;Tidak Ada;2
665;109;4460;Tidak Ada;2
666;211;9160;Tidak Ada;2
667;240;10483;Tidak Ada;2
668;310;13325;Tidak Ada;2
669;211;9161;Tidak Ada;2
670;211;9162;Tidak Ada;2
671;310;13326;Tidak Ada;2
672;240;10484;Tidak Ada;2
673;211;9163;Tidak Ada;2
674;211;9164;Tidak Ada;2
675;211;9165;Tidak Ada;2
676;310;13327;Tidak Ada;2
677;310;13327;Tidak Ada;2
678;211;9166;Tidak Ada;2
679;240;10485;Tidak Ada;2
680;211;9167;Tidak Ada;2
681;15;583;Tidak Ada;2
682;310;13328;Tidak Ada;2
683;240;10486;Tidak Ada;2
684;310;13329;Tidak Ada;2
685;211;9168;Tidak Ada;2
686;211;9169;Tidak Ada;2
687;240;10487;Tidak Ada;2
688;211;9170;Tidak Ada;2
689;310;13330;Tidak Ada;2
690;15;587;Tidak Ada;2
691;109;4461;Tidak Ada;2
692;211;9171;Mie Instan;2
693;240;10488;Tidak Ada;2
694;310;13331;Tidak Ada;2
695;211;9172;Tidak Ada;2
696;240;10489;Tidak Ada;2
697;15;588;Tidak Ada;2
698;211;9173;Tidak Ada;2
699;310;13332;Tidak Ada;2
700;211;9174;Tidak Ada;2
701;240;10490;Tidak Ada;2
702;310;13333;Tidak Ada;2
703;310;13333;Tidak Ada;2
704;3;92;Tidak Ada;2
705;240;10491;Tidak Ada;2
706;310;13334;Tidak Ada;2
707;240;10492;Tidak Ada;2
708;3;93;Tidak Ada;2
709;310;13335;Tidak Ada;2
710;3;94;Tidak Ada;2
711;3;95;Tidak Ada;2
712;292;12497;Tidak Ada;2
713;292;12498;Tidak Ada;2
714;3;96;Tidak Ada;2
715;292;12499;Tidak Ada;2
716;292;12500;Tidak Ada;2
717;214;9233;Tidak Ada;2
718;3;97;Tidak Ada;2
719;214;9234;Tidak Ada;2
720;292;12501;Tidak Ada;2
721;214;9235;Tidak Ada;2
722;23;851;Tidak Ada;2
723;3;98;konversi bodi;2
724;3;98;konversi bodi (Body conversion);2
725;3;98;(Body conversion);2
726;292;12502;Tidak Ada;2
727;3;98;desain pengecatan;2
728;3;98;desain pengecatan (Paint  airbrush design);2
729;214;9236;Peraturan Menteri Keuangan (PMK) Nomor 118 Tahun 2016;2
730;3;98;(Paint  airbrush design);2
731;3;98;Paint &amp;2
732;3;98;airbrush design;2
733;3;98;desain penyematan stiker;2
734;3;98;desain penyematan stiker (Cutting sticker design);2
735;3;98;(Cutting sticker design);2
736;3;98;hiburan kabin;2
737;3;98;hiburan kabin (in car entertainment);2
738;3;98;(in car entertainment);2
739;3;98;mesin;2
740;3;98;mesin (Engine);2
741;3;98;(Engine);2
742;214;9237;Tidak Ada;2
743;3;98;pelek;2
744;3;98;pelek (Rims);2
745;3;98;(Rims);2
746;3;98;komposisi sektor bawah mobil;2
747;3;98;komposisi sektor bawah mobil (Under carriage);2
748;3;98;(Under carriage);2
749;3;98;Body Kit, desain kabin;2
750;3;98;Body Kit, desain kabin (Interior design);2
751;3;98;(Interior design);2
752;3;98;mobil terbaik pilihan pengunjung.;2
753;214;9238;Tidak Ada;2
754;292;12503;Tidak Ada;2
755;214;9239;Tidak Ada;2
756;214;9240;Surat Pernyataan Harta (SPH);2
757;3;99;penerapan teknologi;2
758;3;99;penerapan teknologi (Advanced in technology);2
759;214;9240;surat pemberitahuan (SPT) pajak tahunan;2
760;3;99;(Advanced in technology);2
761;3;99;penampilan sport;2
762;3;99;penampilan sport (Racing look);2
763;3;99;(Racing look);2
764;3;99;penampilan ala mobil reli;2
765;3;99;penampilan ala mobil reli (Rally look);2
766;3;99;(Rally look);2
767;292;12504;Tidak Ada;2
768;292;12504;Tidak Ada;2
769;214;9241;Tidak Ada;2
770;214;9242;Pajak Penghasilan (PPh);2
771;292;12505;Tidak Ada;2
772;214;9242;Peraturan Pemerintah No. 36 Tahun 2017;2
773;3;100;Honda;2
774;3;100;Honda Jazz;2
775;3;100;Jazz;2
776;3;100;Honda Brio;2
777;3;100;Honda;2
778;214;9243;SPH;2
779;3;100;Honda Brio;2
780;3;100;Brio;2
781;3;100;Hatchback;2
782;3;100;mobil Hatchback;2
783;3;100;mobil;2
784;292;12506;Tidak Ada;2
785;240;10493;Tidak Ada;2
786;292;12507;Tidak Ada;2
787;292;12508;Tidak Ada;2
788;214;9244;Tidak Ada;2
789;3;101;Tidak Ada;2
790;240;10494;Tidak Ada;2
791;214;9245;Tidak Ada;2
792;240;10495;Tidak Ada;2
793;292;12509;Tidak Ada;2
794;214;9246;Tidak Ada;2
795;214;9247;Tidak Ada;2
796;292;12510;Tidak Ada;2
797;214;9248;Tidak Ada;2
798;292;12511;Tidak Ada;2
799;214;9249;Tidak Ada;2
800;214;9250;Tidak Ada;2
801;292;12512;Tidak Ada;2
802;214;9251;Tidak Ada;2
803;214;9252;Tidak Ada;2
804;292;12513;Tidak Ada;2
805;214;9253;surat keterangan amnesti pajak;2
806;214;9253;surat keterangan bebas (SKB) PPh;2
807;292;12514;Tidak Ada;2
808;214;9254;Pasal 21 ayat 3 dan Pasal 23 UU Pengampunan Pajak;2
809;292;12515;Tidak Ada;2
810;214;9255;Tidak Ada;2
811;292;12516;Tidak Ada;2
812;214;9256;Tidak Ada;2
813;214;9257;PMK Nomor 118 Tahun 2016;2
814;292;12517;Tidak Ada;2
815;214;9258;Tidak Ada;2
816;292;12518;Tidak Ada;2
817;214;9259;Tidak Ada;2
818;292;12519;Tidak Ada;2
819;292;12519;Tidak Ada;2
820;214;9260;Tidak Ada;2
821;292;12520;Tidak Ada;2
822;292;12521;Tidak Ada;2
823;292;12522;Tidak Ada;2
824;292;12523;Tidak Ada;2
825;292;12524;Tidak Ada;2
826;292;12525;Tidak Ada;2
827;292;12526;Tidak Ada;2
828;292;12527;Tidak Ada;2
829;292;12528;Tidak Ada;2
830;292;12529;Tidak Ada;2
831;292;12530;Tidak Ada;2
832;292;12531;Tidak Ada;2
833;292;12532;Tidak Ada;2
834;292;12533;Tidak Ada;2
835;267;11612;Tidak Ada;2
836;267;11613;Tidak Ada;2
837;267;11614;Tidak Ada;2
838;267;11615;Tidak Ada;2
839;267;11616;Tidak Ada;2
840;27;1265;Tidak Ada;2
841;240;10496;Tidak Ada;2
842;240;10497;Tidak Ada;2
843;240;10498;Tidak Ada;2
844;240;10499;Tidak Ada;2
845;240;10500;Tidak Ada;2
846;240;10501;Tidak Ada;2
847;240;10502;Tidak Ada;2
848;240;10503;Tidak Ada;2
849;240;10504;Tidak Ada;2
850;240;10505;Tidak Ada;2
851;240;10506;Tidak Ada;2
852;240;10507;Tidak Ada;2
853;240;10508;Tidak Ada;2
854;240;10509;Tidak Ada;2
855;242;10538;Kue pancong;2
856;100;4137;Tidak Ada;2
857;100;4138;Tidak Ada;2
858;100;4139;Tidak Ada;2
859;100;4140;Tidak Ada;2
860;100;4141;Tidak Ada;2
861;100;4142;Tidak Ada;2
862;100;4143;Tidak Ada;2
863;27;1266;Tidak Ada;2
864;100;4144;Tidak Ada;2
865;100;4145;Tidak Ada;2
866;100;4146;Tidak Ada;2
867;100;4147;Tidak Ada;2
868;100;4148;Tidak Ada;2
869;43;2049;Tidak Ada;2
870;214;9261;Tidak Ada;2
871;214;9262;Tidak Ada;2
872;219;9375;Tidak Ada;2
873;219;9376;Tidak Ada;2
874;219;9377;Tidak Ada;2
875;219;9378;Tidak Ada;2
876;219;9379;Tidak Ada;2
877;219;9380;Tidak Ada;2
878;219;9381;Tidak Ada;2
879;219;9382;Tidak Ada;2
880;219;9383;Tidak Ada;2
881;219;9384;Tidak Ada;2
882;219;9385;Tidak Ada;2
883;219;9386;Peraturan Pemerintah (PP) Nomor 72 tahun 2016;2
884;219;9387;Tidak Ada;2
885;219;9388;Tidak Ada;2
886;219;9389;Tidak Ada;2
887;219;9390;Tidak Ada;2
888;219;9391;Tidak Ada;2
889;219;9392;Tidak Ada;2
890;219;9393;Undang-Undang (UU) Nomor 19 Tahun 2003 Tentang BUMN;2
891;219;9393;UU Nomor 40 Tahun 2007 tentang Perseroan Terbatas;2
892;219;9393;UU Nomor 17 Tahun 2003 tentang Keuangan Negara;2
893;219;9394;Tidak Ada;2
894;219;9395;Tidak Ada;2
895;219;9396;Tidak Ada;2
896;219;9397;Tidak Ada;2
897;219;9398;Tidak Ada;2
898;219;9399;PP 72 Tahun 2016;2
899;219;9400;Tidak Ada;2
900;219;9401;Tidak Ada;2
901;219;9402;Tidak Ada;2
902;219;9403;Tidak Ada;2
903;219;9404;Tidak Ada;2
904;219;9405;Tidak Ada;2
905;219;9406;Tidak Ada;2
906;219;9407;Tidak Ada;2
907;219;9408;Tidak Ada;2
908;35;1571;Mars 2020;2
909;35;1572;sky crane;2
910;35;1573;Tidak Ada;2
911;35;1574;Pathfinder;2
912;22;827;Tidak Ada;2
913;22;828;Tidak Ada;2
914;22;829;Tidak Ada;2
915;22;831;Tidak Ada;2
916;22;832;Tidak Ada;2
917;22;833;Tidak Ada;2
918;100;4149;Tidak Ada;2
919;100;4150;Tidak Ada;2
920;100;4151;Tidak Ada;2
921;100;4152;Tidak Ada;2
922;100;4153;Tidak Ada;2
923;100;4154;Tidak Ada;2
924;100;4155;Tidak Ada;2
925;242;10539;Tidak Ada;2
926;242;10540;Tidak Ada;2
927;100;4156;Tidak Ada;2
928;242;10541;Tidak Ada;2
929;242;10542;Tidak Ada;2
930;22;834;Tidak Ada;2
931;242;10543;coconut pancake;2
932;107;4367;Tidak Ada;2
933;242;10544;Tidak Ada;2
934;242;10545;Tidak Ada;2
935;107;4368;Tidak Ada;2
936;107;4369;Tidak Ada;2
937;107;4370;Tidak Ada;2
938;242;10546;Tidak Ada;2
939;242;10547;Tidak Ada;2
940;242;10548;Tidak Ada;2
941;242;10549;Tidak Ada;2
942;242;10550;Tidak Ada;2
943;242;10551;Tidak Ada;2
944;107;4371;Tidak Ada;2
945;242;10552;Tidak Ada;2
946;242;10553;Tidak Ada;2
947;107;4372;Tidak Ada;2
948;242;10554;Tidak Ada;2
949;242;10555;Tidak Ada;2
950;242;10556;Tidak Ada;2
951;107;4373;Tidak Ada;2
952;22;835;Tidak Ada;2
953;107;4374;Tidak Ada;2
954;107;4375;Tidak Ada;2
955;107;4376;Tidak Ada;2
956;107;4377;Tidak Ada;2
957;242;10557;Tidak Ada;2
958;242;10558;Tidak Ada;2
959;107;4378;Tidak Ada;2
960;107;4379;Tidak Ada;2
961;107;4380;Tidak Ada;2
962;107;4381;Tidak Ada;2
963;107;4382;Tidak Ada;2
964;107;4383;Tidak Ada;2
965;107;4384;Tidak Ada;2
966;107;4385;Tidak Ada;2
967;107;4386;Tidak Ada;2
968;107;4387;Tidak Ada;2
969;22;836;Tidak Ada;2
970;22;837;Tidak Ada;2
971;107;4388;Tidak Ada;2
972;107;4389;Tidak Ada;2
973;107;4390;Tidak Ada;2
974;107;4391;Tidak Ada;2
975;22;838;Tidak Ada;2
976;107;4392;Tidak Ada;2
977;107;4393;Tidak Ada;2
978;22;839;Tidak Ada;2
979;107;4394;Tidak Ada;2
980;107;4395;Tidak Ada;2
981;107;4396;Tidak Ada;2
982;107;4397;Tidak Ada;2
983;107;4398;Tidak Ada;2
984;107;4399;Tidak Ada;2
985;22;840;Tidak Ada;2
986;107;4400;Tidak Ada;2
987;22;841;Tidak Ada;2
988;107;4401;Tidak Ada;2
989;113;4602;Tidak Ada;2
990;113;4603;Tidak Ada;2
991;113;4604;Tidak Ada;2
992;31;1443;Tidak Ada;2
993;31;1444;Tidak Ada;2
994;31;1445;Tidak Ada;2
995;31;1403;Tidak Ada;2
996;31;1404;Tidak Ada;2
997;31;1405;Tidak Ada;2
998;31;1406;Tidak Ada;2
999;31;1407;Tidak Ada;2
1000;113;4605;Tidak Ada;2
1001;31;1408;Tidak Ada;2
1002;31;1409;Tidak Ada;2
1003;31;1410;Tidak Ada;2
1004;113;4606;Tidak Ada;2
1005;31;1411;Tidak Ada;2
1006;31;1412;Tidak Ada;2
1007;31;1413;Tidak Ada;2
1008;31;1414;Tidak Ada;2
1009;31;1415;Tidak Ada;2
1010;113;4607;Tidak Ada;2
1011;113;4608;Tidak Ada;2
1012;113;4609;Tidak Ada;2
1013;113;4610;Tidak Ada;2
1014;113;4611;Tidak Ada;2
1015;113;4612;Tidak Ada;2
1016;113;4613;Tidak Ada;2
1017;113;4614;Tidak Ada;2
1018;113;4615;Tidak Ada;2
1019;113;4616;Tidak Ada;2
1020;199;8668;Tidak Ada;2
1021;199;8669;Tidak Ada;2
1022;199;8670;Tidak Ada;2
1023;199;8671;Tidak Ada;2
1024;199;8672;Tidak Ada;2
1025;199;8673;Tidak Ada;2
1026;199;8674;Tidak Ada;2
1027;199;8675;Tidak Ada;2
1028;199;8676;Tidak Ada;2
1029;199;8677;Tidak Ada;2
1030;199;8678;Tidak Ada;2
1031;199;8679;Tidak Ada;2
1032;199;8680;Tidak Ada;2
1033;31;1416;Tidak Ada;2
1034;31;1417;Tidak Ada;2
1035;31;1418;Tidak Ada;2
1036;31;1419;Tidak Ada;2
1037;23;864;Tidak Ada;2
1038;23;865;Tidak Ada;2
1039;23;866;Tidak Ada;2
1040;23;867;Tidak Ada;2
1041;23;868;Tidak Ada;2
1042;23;869;Tidak Ada;2
1043;23;870;Tidak Ada;2
1044;23;871;Tidak Ada;2
1045;23;872;Tidak Ada;2
1046;23;873;Tidak Ada;2
1047;23;874;Tidak Ada;2
1048;23;875;Tidak Ada;2
1049;23;876;Tidak Ada;2
1050;23;877;Tidak Ada;2
1051;23;878;Tidak Ada;2
1052;23;879;Tidak Ada;2
1053;23;880;Tidak Ada;2
1054;23;881;Tidak Ada;2
1055;23;882;Tidak Ada;2
1056;23;883;Tidak Ada;2
1057;23;884;Tidak Ada;2
1058;23;885;Tidak Ada;2
1059;23;886;Tidak Ada;2
1060;23;887;Tidak Ada;2
1061;23;888;Tidak Ada;2
1062;23;889;Tidak Ada;2
1063;23;890;Tidak Ada;2
1064;23;891;Tidak Ada;2
1065;23;892;Tidak Ada;2
1066;23;893;Tidak Ada;2
1067;23;894;Tidak Ada;2
1068;23;895;Tidak Ada;2
1069;23;896;Tidak Ada;2
1070;23;897;Tidak Ada;2
1071;23;898;Tidak Ada;2
1072;23;899;Tidak Ada;2
1073;23;900;Tidak Ada;2
1074;23;901;Tidak Ada;2
1075;23;902;Tidak Ada;2
1076;23;903;Tidak Ada;2
1077;23;904;Tidak Ada;2
1078;23;905;Tidak Ada;2
1079;23;906;Tidak Ada;2
1080;23;907;Tidak Ada;2
1081;23;908;Tidak Ada;2
1082;23;909;Tidak Ada;2
1083;23;910;Tidak Ada;2
1084;31;1420;Tidak Ada;2
1085;31;1421;Tidak Ada;2
1086;242;10559;Tidak Ada;2
1087;242;10560;Kue pancong;2
1088;31;1422;Tidak Ada;2
1089;31;1423;Tidak Ada;2
1090;242;10561;Tidak Ada;2
1091;242;10562;Kue pancong;2
1092;242;10563;kue bandros;2
1093;242;10564;bandros gaul;2
1094;242;10564;bandros komplek;2
1095;242;10565;bandros gaul;2
1096;242;10566;Tidak Ada;2
1097;306;13154;RBMK;2
1098;306;13154;RBMK;2
1099;306;13154;RBMK;2
1100;242;10567;bandros belanja;2
1101;242;10568;Tidak Ada;2
1102;242;10569;tepung beras;2
1103;242;10569;kelapa parut;2
1104;242;10570;serabi rangin;2
1105;31;1424;Tidak Ada;2
1106;31;1425;Tidak Ada;2
1107;31;1426;Tidak Ada;2
1108;242;10571;haluman;2
1109;242;10572;Kue pancong;2
1110;242;10573;kue pancong;2
1111;242;10574;kelapa parut;2
1112;306;13114;Tidak Ada;2
1113;242;10575;gula pasir;2
1114;31;1427;Tidak Ada;2
1115;31;1428;Tidak Ada;2
1116;242;10576;tepung beras;2
1117;242;10576;gula;2
1118;242;10576;gula pasir;2
1119;242;10576;kue pancong;2
1120;31;1429;Tidak Ada;2
1121;306;13115;Chernobyl;2
1122;242;10577;pandan;2
1123;242;10577;teh hijau;2
1124;31;1430;Tidak Ada;2
1125;242;10578;kue pancong;2
1126;242;10579;Tidak Ada;2
1127;242;10580;Kue pancong;2
1128;242;10581;Tidak Ada;2
1129;242;10582;Tidak Ada;2
1130;242;10583;gula;2
1131;242;10584;Kue pancong;2
1132;242;10585;tepung beras;2
1133;242;10585;santan;2
1134;242;10585;santan;2
1135;306;13116;Tidak Ada;2
1136;242;10586;Tidak Ada;2
1137;242;10587;susu;2
1138;242;10587;Kue pancong;2
1139;242;10588;Oct 22, 2017;2
1140;306;13117;Tidak Ada;2
1141;306;13118;Tidak Ada;2
1142;306;13119;Chernobyl;2
1143;306;13119;TNT;2
1144;306;13120;Little Boy;2
1145;306;13120;TNT;2
1146;31;1431;Tidak Ada;2
1147;31;1432;Tidak Ada;2
1148;31;1433;Tidak Ada;2
1149;31;1434;Tidak Ada;2
1150;31;1435;Tidak Ada;2
1151;31;1436;Tidak Ada;2
1152;31;1437;Tidak Ada;2
1153;31;1438;Tidak Ada;2
1154;31;1439;Tidak Ada;2
1155;31;1440;Tidak Ada;2
1156;31;1441;Tidak Ada;2
1157;31;1442;Tidak Ada;2
1158;24;911;Tidak Ada;2
1159;335;14390;pemindai;2
1160;24;912;Tidak Ada;2
1161;24;913;Tidak Ada;2
1162;24;914;Tidak Ada;2
1163;24;915;Tidak Ada;2
1164;24;916;Tidak Ada;2
1165;24;917;Tidak Ada;2
1166;24;918;Tidak Ada;2
1167;24;919;Tidak Ada;2
1168;24;920;Tidak Ada;2
1169;24;921;Tidak Ada;2
1170;24;922;Tidak Ada;2
1171;24;923;Tidak Ada;2
1172;24;924;Tidak Ada;2
1173;24;925;Tidak Ada;2
1174;24;926;Tidak Ada;2
1175;24;927;Tidak Ada;2
1176;199;8687;Tidak Ada;2
1177;199;8688;Tidak Ada;2
1178;199;8689;Tidak Ada;2
1179;335;14391;BlackBerry;2
1180;199;8690;Tidak Ada;2
1181;199;8691;Tidak Ada;2
1182;199;8692;Tidak Ada;2
1183;335;14392;BlackBerry;2
1184;335;14392;Android;2
1185;199;8693;Tidak Ada;2
1186;199;8694;Tidak Ada;2
1187;199;8695;Tidak Ada;2
1188;335;14393;BlackBerry KeyOne;2
1189;199;8696;Tidak Ada;2
1190;335;14394;Qualcomm Quick Charge 3.0.;2
1191;335;14394;Snapdragon;2
1192;199;8697;Tidak Ada;2
1193;199;8698;Tidak Ada;2
1194;335;14395;KeyOne;2
1195;199;8699;Tidak Ada;2
1196;335;14396;Tidak Ada;2
1197;199;8700;Tidak Ada;2
1198;335;14398;BlackBerry KeyOne;2
1199;199;8701;Tidak Ada;2
1200;199;8702;Tidak Ada;2
1201;199;8703;Tidak Ada;2
1202;199;8704;Tidak Ada;2
1203;199;8705;Tidak Ada;2
1204;199;8706;Tidak Ada;2
1205;199;8707;Tidak Ada;2
1206;199;8708;Tidak Ada;2
1207;199;8709;Tidak Ada;2
1208;335;14399;Tidak Ada;2
1209;335;14400;Tidak Ada;2
1210;199;8710;Tidak Ada;2
1211;335;14358;BlackBerry KeyOne Limited Edition Black;2
1212;199;8711;Tidak Ada;2
1213;335;14359;Tidak Ada;2
1214;199;8712;Tidak Ada;2
1215;335;14360;Ponsel;2
1216;199;8713;Tidak Ada;2
1217;335;14361;Tidak Ada;2
1218;207;9007;Tidak Ada;2
1219;207;9008;Tidak Ada;2
1220;207;9009;Tidak Ada;2
1221;207;9010;Tidak Ada;2
1222;207;9011;Tidak Ada;2
1223;207;9012;Tidak Ada;2
1224;335;14362;BlackBerry;2
1225;335;14363;Tidak Ada;2
1226;199;8714;Tidak Ada;2
1227;43;2050;Tidak Ada;2
1228;199;8715;Tidak Ada;2
1229;335;14364;BlackBerry KeyOne Limited Edition Black;2
1230;199;8716;Tidak Ada;2
1231;199;8717;Tidak Ada;2
1232;199;8718;Tidak Ada;2
1233;335;14365;BlackBerry Aurora;2
1234;199;8719;Tidak Ada;2
1235;335;14365;Android;2
1236;199;8720;Tidak Ada;2
1237;199;8721;Tidak Ada;2
1238;199;8722;Tidak Ada;2
1239;335;14366;Tidak Ada;2
1240;199;8723;Tidak Ada;2
1241;335;14367;Tidak Ada;2
1242;199;8724;Tidak Ada;2
1243;199;8725;Tidak Ada;2
1244;199;8726;Tidak Ada;2
1245;199;8727;Tidak Ada;2
1246;335;14368;Tidak Ada;2
1247;335;14369;Tidak Ada;2
1248;335;14370;Tidak Ada;2
1249;215;9293;Tidak Ada;2
1250;335;14371;Tidak Ada;2
1251;215;9263;Tidak Ada;2
1252;335;14372;Tidak Ada;2
1253;335;14373;Smartphone;2
1254;215;9264;Tidak Ada;2
1255;215;9265;Tidak Ada;2
1256;35;1575;Spirit;2
1257;35;1575;Opportunity;2
1258;35;1576;The Mars Science Laboratory (MSL);2
1259;306;13121;Tidak Ada;2
1260;306;13122;Tidak Ada;2
1261;27;1267;Tidak Ada;2
1262;27;1268;Tidak Ada;2
1263;27;1269;Mobil;2
1264;335;14374;Tidak Ada;2
1265;335;14375;BB KeyOne;2
1266;335;14376;Smartphone;2
1267;335;14377;Tidak Ada;2
1268;335;14378;Tidak Ada;2
1269;335;14379;Tidak Ada;2
1270;335;14380;Iphone;2
1271;335;14380;Galaxy;2
1272;335;14380;Tidak Ada;2
1273;335;14381;Tidak Ada;2
1274;335;14384;Tidak Ada;2
1275;335;14385;Tidak Ada;2
1276;335;14386;Tidak Ada;2
1277;335;14387;KeyOne;2
1278;335;14388;KeyOne;2
1279;335;14388;papan ketik fisik QWERTY;2
1280;335;14389;Android;2
1281;335;14401;Tidak Ada;2
1282;370;15882;Tidak Ada;2
1283;335;14402;smartphone;2
1284;335;14403;Tidak Ada;2
1285;359;15391;Tidak Ada;2
1286;359;15392;Tidak Ada;2
1287;359;15393;Tidak Ada;2
1288;359;15394;Tidak Ada;2
1289;359;15395;Tidak Ada;2
1290;359;15396;AC;2
1291;359;15396;dispenser;2
1292;199;8681;Tidak Ada;2
1293;199;8682;Tidak Ada;2
1294;199;8683;Tidak Ada;2
1295;199;8684;Tidak Ada;2
1296;199;8685;Tidak Ada;2
1297;370;15884;Tidak Ada;2
1298;370;15885;Naura;2
1299;199;8686;Tidak Ada;2
1300;370;15886;Naura & Genk Juara;2
1301;199;8687;Tidak Ada;2
1302;370;15887;Tidak Ada;2
1303;199;8688;Tidak Ada;2
1304;370;15888;Tidak Ada;2
1305;199;8689;Tidak Ada;2
1306;199;8690;Tidak Ada;2
1307;43;2051;Tidak Ada;2
1308;359;15376;air conditioner;2
1309;359;15376;aircon;2
1310;359;15376;AC;2
1311;43;2052;Tidak Ada;2
1312;43;2053;Tidak Ada;2
1313;359;15377;Tidak Ada;2
1314;43;2054;Tidak Ada;2
1315;43;2055;Tidak Ada;2
1316;43;2056;Tidak Ada;2
1317;199;8691;Tidak Ada;2
1318;43;2039;Tidak Ada;2
1319;199;8692;Tidak Ada;2
1320;199;8693;Tidak Ada;2
1321;199;8694;Tidak Ada;2
1322;43;2040;Tidak Ada;2
1323;43;2041;Tidak Ada;2
1324;43;2042;Tidak Ada;2
1325;27;1270;Tidak Ada;2
1326;43;2043;Tidak Ada;2
1327;43;2044;Tidak Ada;2
1328;27;1271;Tidak Ada;2
1329;27;1272;Tidak Ada;2
1330;43;2045;Tidak Ada;2
1331;43;2046;Tidak Ada;2
1332;27;1235;Tidak Ada;2
1333;27;1236;Tidak Ada;2
1334;43;2047;Tidak Ada;2
1335;27;1237;Tidak Ada;2
1336;43;2048;Tidak Ada;2
1337;75;3249;Tidak Ada;2
1338;27;1238;Tidak Ada;2
1339;359;15378;Tidak Ada;2
1340;75;3250;Tidak Ada;2
1341;27;1239;Tidak Ada;2
1342;27;1240;Tidak Ada;2
1343;359;15379;Tidak Ada;2
1344;27;1241;Tidak Ada;2
1345;359;15381;Tidak Ada;2
1346;27;1242;Tidak Ada;2
1347;75;3251;Tidak Ada;2
1348;359;15383;Tidak Ada;2
1349;27;1243;BBM;2
1350;75;3252;Tidak Ada;2
1351;359;15387;Tidak Ada;2
1352;359;15388;Tidak Ada;2
1353;75;3219;Tidak Ada;2
1354;27;1244;Tidak Ada;2
1355;359;15389;Tidak Ada;2
1356;27;1245;Tidak Ada;2
1357;75;3220;Tidak Ada;2
1358;27;1246;Tidak Ada;2
1359;75;3221;Tidak Ada;2
1360;75;3222;Tidak Ada;2
1361;27;1247;Tidak Ada;2
1362;75;3223;Tidak Ada;2
1363;27;1248;Tidak Ada;2
1364;75;3224;Tidak Ada;2
1365;359;15390;Tidak Ada;2
1366;75;3225;Tidak Ada;2
1367;351;15115;Tidak Ada;2
1368;27;1249;Tidak Ada;2
1369;351;15116;Tidak Ada;2
1370;75;3226;Tidak Ada;2
1371;351;15117;Tidak Ada;2
1372;27;1250;Tidak Ada;2
1373;75;3227;Tidak Ada;2
1374;75;3228;Tidak Ada;2
1375;351;15118;Tidak Ada;2
1376;75;3229;Tidak Ada;2
1377;351;15119;Tidak Ada;2
1378;351;15120;Tidak Ada;2
1379;351;15121;Tidak Ada;2
1380;75;3230;Tidak Ada;2
1381;351;15122;Tidak Ada;2
1382;75;3231;Tidak Ada;2
1383;48;2191;GSX;2
1384;351;15123;kapal speed;2
1385;75;3232;Tidak Ada;2
1386;75;3233;Tidak Ada;2
1387;351;15124;Tidak Ada;2
1388;351;15085;Tidak Ada;2
1389;351;15086;Tidak Ada;2
1390;351;15087;Tidak Ada;2
1391;5951;249804;Tidak Ada;2
1392;5951;249805;Tidak Ada;2
1393;199;8695;Tidak Ada;2
1394;199;8696;Tidak Ada;2
1395;5951;249806;Tidak Ada;2
1396;5951;249807;Tidak Ada;2
1397;5951;249808;Tidak Ada;2
1398;5951;249809;Tidak Ada;2
1399;5951;249810;Tidak Ada;2
1400;48;2192;Tidak Ada;2
1401;5951;249811;Tidak Ada;2
1402;48;2193;Tidak Ada;2
1403;5951;249812;Tidak Ada;2
1404;5951;249813;Tidak Ada;2
1405;5951;249814;Tidak Ada;2
1406;5951;249815;Tidak Ada;2
1407;48;2194;Tidak Ada;2
1408;5951;249816;Tidak Ada;2
1409;5951;249817;Tidak Ada;2
1410;5951;249818;Tidak Ada;2
1411;5951;249819;Tidak Ada;2
1412;5951;249820;Tidak Ada;2
1413;370;15883;Tidak Ada;2
1414;5951;249821;Tidak Ada;2
1415;5951;249822;Tidak Ada;2
1416;370;15889;Tidak Ada;2
1417;370;15890;Tidak Ada;2
1418;370;15842;Naura & Genk Juara The Movie;2
1419;48;2195;GSX-R150;2
1420;48;2195;CBR150R;2
1421;48;2195;R15;2
1422;48;2196;GSX-R150;2
1423;5951;249823;Tidak Ada;2
1424;5951;249824;Tidak Ada;2
1425;5951;249825;Tidak Ada;2
1426;5951;249826;Tidak Ada;2
1427;5951;249827;Tidak Ada;2
1428;5951;249828;Tidak Ada;2
1429;5951;249829;Tidak Ada;2
1430;5951;249830;Tidak Ada;2
1431;5951;249831;Tidak Ada;2
1432;5951;249832;Tidak Ada;2
1433;370;15843;Tidak Ada;2
1434;5951;249833;Tidak Ada;2
1435;370;15844;Tidak Ada;2
1436;5951;249834;Tidak Ada;2
1437;370;15845;Tidak Ada;2
1438;5951;249835;Tidak Ada;2
1439;5951;249836;Tidak Ada;2
1440;5951;249837;Tidak Ada;2
1441;370;15846;Tidak Ada;2
1442;5951;249838;Tidak Ada;2
1443;370;15847;Tidak Ada;2
1444;5951;249839;Tidak Ada;2
1445;5951;249840;Tidak Ada;2
1446;5951;249841;Tidak Ada;2
1447;5951;249842;Tidak Ada;2
1448;370;15848;Tidak Ada;2
1449;5951;249843;Tidak Ada;2
1450;370;15849;Tidak Ada;2
1451;5951;249844;Tidak Ada;2
1452;370;15850;Film Naura;2
1453;370;15851;Tidak Ada;2
1454;370;15852;Tidak Ada;2
1455;370;15853;Tidak Ada;2
1456;370;15854;Tidak Ada;2
1457;370;15855;Bukan Bintang Biasa;2
1458;370;15856;Tidak Ada;2
1459;5951;249845;Tidak Ada;2
1460;370;15857;Tidak Ada;2
1461;5951;249846;Tidak Ada;2
1462;370;15858;Tidak Ada;2
1463;5951;249847;Tidak Ada;2
1464;370;15859;Tidak Ada;2
1465;370;15860;Tidak Ada;2
1466;370;15860;Tidak Ada;2
1467;370;15860;Tidak Ada;2
1468;5951;249848;Tidak Ada;2
1469;370;15861;Tidak Ada;2
1470;370;15861;Tidak Ada;2
1471;5951;249849;Tidak Ada;2
1472;370;15862;Naura & Genk Juara The Movie;2
1473;370;15862;Tidak Ada;2
1474;5951;249850;Tidak Ada;2
1475;370;15863;Tidak Ada;2
1476;370;15864;Tidak Ada;2
1477;370;15865;Tidak Ada;2
1478;370;15865;Tidak Ada;2
1479;370;15866;Tidak Ada;2
1480;370;15867;Tidak Ada;2
1481;370;15868;Tidak Ada;2
1482;370;15869;Tidak Ada;2
1483;370;15869;Tidak Ada;2
1484;370;15870;Tidak Ada;2
1485;370;15871;Tidak Ada;2
1486;370;15872;Tidak Ada;2
1487;199;8697;Tidak Ada;2
1488;370;15873;Tidak Ada;2
1489;370;15874;Tidak Ada;2
1490;199;8698;Tidak Ada;2
1491;370;15875;Tidak Ada;2
1492;370;15876;Naura Dan Genk Juara;2
1493;370;15877;Tidak Ada;2
1494;199;8699;Tidak Ada;2
1495;370;15878;Tidak Ada;2
1496;199;8700;Tidak Ada;2
1497;370;15879;Tidak Ada;2
1498;199;8701;Tidak Ada;2
1499;370;15880;film Naura;2
1500;199;8702;Tidak Ada;2
1501;370;15881;Tidak Ada;2
1502;372;16052;Tidak Ada;2
1503;372;16053;Tidak Ada;2
1504;372;16054;Tidak Ada;2
1505;372;16055;Tidak Ada;2
1506;372;16056;Tidak Ada;2
1507;372;16057;Tidak Ada;2
1508;372;16058;Tidak Ada;2
1509;372;16001;Eceng Gondok Berbunga Emas;2
1510;372;16002;Tidak Ada;2
1511;372;16003;Tidak Ada;2
1512;372;16004;Tidak Ada;2
1513;372;16005;Tidak Ada;2
1514;372;16006;Tidak Ada;2
1515;372;16007;Tidak Ada;2
1516;372;16008;Tidak Ada;2
1517;372;16009;Tidak Ada;2
1518;372;16010;Tidak Ada;2
1519;372;16011;Tidak Ada;2
1520;372;16011;Tidak Ada;2
1521;372;16012;Tidak Ada;2
1522;372;16013;Tidak Ada;2
1523;372;16014;Tidak Ada;2
1524;372;16015;Tidak Ada;2
1525;372;16016;Tidak Ada;2
1526;199;8703;Tidak Ada;2
1527;199;8704;Tidak Ada;2
1528;199;8705;Tidak Ada;2
1529;199;8706;Tidak Ada;2
1530;199;8707;Tidak Ada;2
1531;199;8708;Tidak Ada;2
1532;199;8709;Tidak Ada;2
1533;5965;250375;Tidak Ada;2
1534;5965;250376;Tidak Ada;2
1535;5965;250377;Tidak Ada;2
1536;5965;250378;Tidak Ada;2
1537;5965;250379;Tidak Ada;2
1538;5965;250380;Tidak Ada;2
1539;5965;250381;Tidak Ada;2
1540;5965;250382;Tidak Ada;2
1541;5965;250383;Tidak Ada;2
1542;5965;250384;Tidak Ada;2
1543;5965;250385;Tidak Ada;2
1544;5965;250386;Tidak Ada;2
1545;5965;250387;Tidak Ada;2
1546;5965;250388;Tidak Ada;2
1547;5965;250389;Tidak Ada;2
1548;5965;250390;Tidak Ada;2
1549;5965;250391;Tidak Ada;2
1550;5965;250392;Tidak Ada;2
1551;5965;250393;Tidak Ada;2
1552;5965;250394;Tidak Ada;2
1553;5965;250395;Tidak Ada;2
1554;5965;250396;Tidak Ada;2
1555;5965;250397;Tidak Ada;2
1556;5965;250398;Tidak Ada;2
1557;5965;250399;Tidak Ada;2
1558;5965;250400;Tidak Ada;2
1559;5965;250401;Tidak Ada;2
1560;5965;250402;Tidak Ada;2
1561;5965;250403;Tidak Ada;2
1562;5965;250404;Tidak Ada;2
1563;5965;250405;Tidak Ada;1
1564;5965;250406;Tidak Ada;2
1565;5965;250407;Tidak Ada;2
1566;5965;250408;Tidak Ada;2
1567;5965;250409;Tidak Ada;2
1568;5965;250410;Tidak Ada;2
1569;5960;250192;Tidak Ada;2
1570;5960;250193;Tidak Ada;2
1571;5960;250194;Tidak Ada;2
1572;5960;250195;Tidak Ada;2
1573;5960;250196;Tidak Ada;2
1574;5960;250197;Tidak Ada;2
1575;5960;250198;Tidak Ada;2
1576;5960;250199;Tidak Ada;2
1577;5960;250200;Tidak Ada;2
1578;5960;250201;Tidak Ada;2
1579;5960;250202;Tidak Ada;2
1580;5960;250203;Tidak Ada;2
1581;5960;250204;Tidak Ada;2
1582;5960;250205;Tidak Ada;2
1583;5960;250206;Tidak Ada;2
1584;262;11385;Tidak Ada;2
1585;262;11386;Tidak Ada;2
1586;262;11387;Tidak Ada;2
1587;262;11388;Tidak Ada;2
1588;222;9449;Tidak Ada;2
1589;262;11389;Tidak Ada;2
1590;262;11390;Tidak Ada;2
1591;262;11391;Tidak Ada;2
1592;262;11392;Tidak Ada;2
1593;351;15088;Tidak Ada;2
1594;351;15089;Tidak Ada;2
1595;207;9014;Tidak Ada;2
1596;207;9015;Tidak Ada;2
1597;207;9016;Tidak Ada;2
1598;207;8987;Tidak Ada;2
1599;207;8988;Tidak Ada;2
1600;207;8989;Tidak Ada;2
1601;207;8990;Tidak Ada;2
1602;207;8991;Tidak Ada;2
1603;207;8992;Tidak Ada;2
1604;207;8993;Tidak Ada;2
1605;207;8994;Tidak Ada;2
1606;207;8995;Tidak Ada;2
1607;207;8996;Tidak Ada;2
1608;207;8997;Tidak Ada;2
1609;207;8998;Tidak Ada;2
1610;207;8999;Tidak Ada;2
1611;207;9000;Tidak Ada;2
1612;207;9001;Tidak Ada;2
1613;207;9002;Tidak Ada;2
1614;207;9003;Tidak Ada;2
1615;207;9004;Tidak Ada;2
1616;35;1577;kamera;2
1617;267;11617;Tidak Ada;2
1618;207;9005;Tidak Ada;2
1619;207;9006;Tidak Ada;2
1620;35;1578;Tidak Ada;2
1621;200;8748;Tidak Ada;2
1622;267;11617;Tidak Ada;2
1623;35;1579;Curiosity;2
1624;267;11618;Tidak Ada;2
1625;200;8749;Tidak Ada;2
1626;267;11618;Tidak Ada;2
1627;200;8750;Tidak Ada;2
1628;35;1580;Tidak Ada;2
1629;200;8751;Tidak Ada;2
1630;267;11619;Tidak Ada;2
1631;35;1581;Mastcam-Z-;2
1632;267;11619;Tidak Ada;2
1633;35;1582;Tidak Ada;2
1634;267;11620;Tidak Ada;2
1635;200;8752;Tidak Ada;2
1636;35;1583;Navcams;2
1637;35;1584;Curiosity;2
1638;200;8753;Tidak Ada;2
1639;267;11620;Tidak Ada;2
1640;35;1585;Curiosity;2
1641;200;8754;Tidak Ada;2
1642;35;1586;Curiosity;2
1643;71;3134;Tidak Ada;2
1644;35;1587;Mars 2020;2
1645;200;8755;Tidak Ada;2
1646;267;11621;Tidak Ada;2
1647;267;11621;Tidak Ada;2
1648;35;1588;Tidak Ada;2
1649;200;8728;Tidak Ada;2
1650;200;8729;Tidak Ada;2
1651;267;11592;Tidak Ada;2
1652;35;1589;Tidak Ada;2
1653;267;11592;Tidak Ada;2
1654;200;8730;Tidak Ada;2
1655;35;1590;Mars 2020;2
1656;98;4070;Tidak Ada;2
1657;200;8731;Tidak Ada;2
1658;35;1591;Tidak Ada;2
1659;200;8732;Tidak Ada;2
1660;192;8370;WhatsApp;2
1661;200;8733;Tidak Ada;2
1662;267;11593;Tidak Ada;2
1663;267;11593;Tidak Ada;2
1664;200;8734;Tidak Ada;2
1665;192;8371;OnePlus 5T;2
1666;192;8372;Beritagar.id;2
1667;267;11595;Tidak Ada;2
1668;200;8735;Tidak Ada;2
1669;192;8373;iPhone X;2
1670;267;11595;Tidak Ada;2
1671;267;11596;Tidak Ada;2
1672;267;11596;Tidak Ada;2
1673;200;8736;Tidak Ada;2
1674;267;11596;Tidak Ada;2
1675;200;8737;Tidak Ada;2
1676;192;8374;Tidak Ada;2
1677;98;4071;Tidak Ada;2
1678;192;8375;OnePlus 5;2
1679;267;11597;Tidak Ada;2
1680;192;8376;OnePlus;2
1681;200;8738;Tidak Ada;2
1682;98;4072;Tidak Ada;2
1683;267;11597;Tidak Ada;2
1684;200;8739;Tidak Ada;2
1685;267;11600;Tidak Ada;2
1686;98;4073;Tidak Ada;2
1687;200;8740;Tidak Ada;2
1688;192;8377;iPhone X;2
1689;267;11601;Tidak Ada;2
1690;267;11600;Tidak Ada;2
1691;98;4025;Tidak Ada;2
1692;200;8741;Tidak Ada;2
1693;200;8742;Tidak Ada;2
1694;192;8378;Tidak Ada;2
1695;267;11603;Tidak Ada;2
1696;267;11603;Tidak Ada;2
1697;192;8379;Tidak Ada;2
1698;200;8743;Tidak Ada;2
1699;98;4027;Tidak Ada;2
1700;267;11604;Tidak Ada;2
1701;192;8380;Tidak Ada;2
1702;192;8380;Tidak Ada;2
1703;267;11605;Tidak Ada;2
1704;192;8381;Tidak Ada;2
1705;98;4028;Tidak Ada;2
1706;267;11606;Tidak Ada;2
1707;98;4029;Tidak Ada;2
1708;192;8382;Tidak Ada;2
1709;267;11608;Tidak Ada;2
1710;98;4030;Tidak Ada;2
1711;267;11610;Tidak Ada;2
1712;192;8383;Tidak Ada;2
1713;267;11622;Tidak Ada;2
1714;98;4031;Tidak Ada;2
1715;192;8384;Tidak Ada;2
1716;98;4032;Tidak Ada;2
1717;267;11623;Tidak Ada;2
1718;192;8385;Tidak Ada;2
1719;98;4033;Tidak Ada;2
1720;267;11624;Tidak Ada;2
1721;98;4035;Tidak Ada;2
1722;267;11625;Tidak Ada;2
1723;98;4036;Tidak Ada;2
1724;98;4037;Tidak Ada;2
1725;267;11626;Tidak Ada;2
1726;192;8386;Tidak Ada;2
1727;98;4040;Tidak Ada;2
1728;267;11627;Tidak Ada;2
1729;267;11627;Tidak Ada;2
1730;192;8387;Tidak Ada;2
1731;267;11628;Tidak Ada;2
1732;192;8388;Tidak Ada;2
1733;267;11629;Tidak Ada;2
1734;267;11604;Tidak Ada;2
1735;192;8389;Tidak Ada;2
1736;267;11627;Tidak Ada;2
1737;267;11630;Tidak Ada;2
1738;98;4041;Tidak Ada;2
1739;267;11632;Tidak Ada;2
1740;192;8390;Tidak Ada;2
1741;98;4042;Tidak Ada;2
1742;192;8391;Tidak Ada;2
1743;98;4043;Tidak Ada;2
1744;192;8392;Tidak Ada;2
1745;203;8869;Tidak Ada;2
1746;98;4044;Tidak Ada;2
1747;98;4045;Tidak Ada;2
1748;98;4046;Tidak Ada;2
1749;203;8870;Tidak Ada;2
1750;192;8393;Tidak Ada;2
1751;98;4047;Tidak Ada;2
1752;98;4048;Tidak Ada;2
1753;192;8394;Tidak Ada;2
1754;98;4049;Tidak Ada;2
1755;203;8871;Tidak Ada;2
1756;98;4050;Tidak Ada;2
1757;203;8872;Tidak Ada;2
1758;98;4051;Tidak Ada;2
1759;98;4052;Tidak Ada;2
1760;98;4053;Tidak Ada;2
1761;98;4054;Tidak Ada;2
1762;98;4055;Tidak Ada;2
1763;192;8395;Tidak Ada;2
1764;203;8873;Tidak Ada;2
1765;203;8874;Tidak Ada;2
1766;284;12246;Tidak Ada;2
1767;284;12247;Tidak Ada;2
1768;284;12248;Tidak Ada;2
1769;284;12249;Tidak Ada;2
1770;284;12250;Tidak Ada;2
1771;284;12251;Tidak Ada;2
1772;289;12407;Tidak Ada;2
1773;289;12408;Tidak Ada;2
1774;289;12409;Tidak Ada;2
1775;289;12410;Tidak Ada;2
1776;289;12411;Tidak Ada;2
1777;289;12412;Tidak Ada;2
1778;289;12413;Tidak Ada;2
1779;76;3255;Barbie;2
1780;200;8744;Tidak Ada;2
1781;200;8745;Tidak Ada;2
1782;200;8746;Tidak Ada;2
1783;200;8747;Tidak Ada;2
1784;204;8942;Tidak Ada;2
1785;204;8943;Tidak Ada;2
1786;204;8902;Tidak Ada;2
1787;204;8903;Tidak Ada;2
1788;204;8904;Tidak Ada;2
1789;204;8905;Tidak Ada;2
1790;204;8906;Tidak Ada;2
1791;204;8907;Tidak Ada;2
1792;98;4056;Tidak Ada;2
1793;98;4057;Tidak Ada;2
1794;98;4058;Tidak Ada;2
1795;98;4059;Tidak Ada;2
1796;98;4060;Tidak Ada;2
1797;98;4061;Tidak Ada;2
1798;98;4062;Tidak Ada;2
1799;98;4064;Tidak Ada;2
1800;98;4065;Tidak Ada;2
1801;98;4066;Tidak Ada;2
1802;98;4067;Tidak Ada;2
1803;98;4068;Tidak Ada;2
1804;98;4069;Tidak Ada;2
1805;139;5944;Tidak Ada;2
1806;147;6365;Fortuner;2
1807;147;6366;Toyota;2
1808;147;6366;Lexus;2
1809;147;6366;Fortuner;2
1810;147;6367;Toyota;2
1811;147;6371;Toyota;2
1812;147;6372;Tidak Ada;2
1813;147;6320;Tidak Ada;2
1814;147;6321;Tidak Ada;2
1815;147;6322;Tidak Ada;2
1816;147;6323;Tidak Ada;2
1817;147;6324;Tidak Ada;2
1818;147;6326;Tidak Ada;2
1819;244;10622;Tidak Ada;2
1820;289;12414;Tidak Ada;2
1821;289;12415;Tidak Ada;2
1822;289;12416;Tidak Ada;2
1823;289;12417;Tidak Ada;2
1824;289;12418;Tidak Ada;2
1825;289;12419;Tidak Ada;2
1826;289;12420;Tidak Ada;2
1827;289;12421;Tidak Ada;2
1828;289;12422;Tidak Ada;2
1829;289;12423;Tidak Ada;2
1830;289;12424;Tidak Ada;2
1831;289;12425;Tidak Ada;2
1832;289;12426;Tidak Ada;2
1833;289;12427;Tidak Ada;2
1834;244;10623;Tidak Ada;2
1835;244;10624;Tidak Ada;2
1836;289;12428;Tidak Ada;2
1837;289;12429;Tidak Ada;2
1838;244;10625;Tidak Ada;2
1839;289;12430;Tidak Ada;2
1840;289;12431;Tidak Ada;2
1841;289;12432;Tidak Ada;2
1842;293;12534;Tidak Ada;2
1843;293;12535;Tidak Ada;2
1844;293;12536;Tidak Ada;2
1845;293;12537;Tidak Ada;2
1846;293;12538;Tidak Ada;2
1847;293;12539;Tidak Ada;2
1848;293;12540;Tidak Ada;2
1849;293;12541;Tidak Ada;2
1850;293;12542;Tidak Ada;2
1851;293;12543;Tidak Ada;2
1852;293;12544;Tidak Ada;2
1853;293;12545;Tidak Ada;2
1854;293;12546;Tidak Ada;2
1855;293;12547;Tidak Ada;2
1856;293;12548;Tidak Ada;2
1857;244;10626;Tidak Ada;2
1858;244;10627;Tidak Ada;2
1859;244;10628;Tidak Ada;2
1860;244;10629;Tidak Ada;2
1861;244;10630;mesin EDC;2
1862;244;10631;mesin EDC;2
1863;244;10632;Tidak Ada;2
1864;244;10633;Tidak Ada;2
1865;244;10634;Tidak Ada;2
1866;244;10635;Tidak Ada;2
1867;244;10636;Tidak Ada;2
1868;244;10637;mesin EDC;2
1869;244;10638;Tidak Ada;2
1870;244;10639;mesin EDC;2
1871;204;8908;Tidak Ada;2
1872;204;8909;Tidak Ada;2
1873;204;8910;Tidak Ada;2
1874;204;8911;Tidak Ada;2
1875;204;8912;Tidak Ada;2
1876;204;8913;Tidak Ada;2
1877;204;8914;Tidak Ada;2
1878;204;8915;Tidak Ada;2
1879;204;8916;Tidak Ada;2
1880;204;8917;Tidak Ada;2
1881;204;8918;Tidak Ada;2
1882;75;3234;Tidak Ada;2
1883;75;3235;Tidak Ada;2
1884;75;3236;Tidak Ada;2
1885;75;3237;Tidak Ada;2
1886;75;3238;Tidak Ada;2
1887;75;3239;Tidak Ada;2
1888;75;3240;Tidak Ada;2
1889;75;3241;Tidak Ada;2
1890;75;3242;Tidak Ada;2
1891;75;3243;Tidak Ada;2
1892;75;3244;Tidak Ada;2
1893;75;3245;Tidak Ada;2
1894;192;8396;Tidak Ada;2
1895;147;6327;Tidak Ada;2
1896;147;6328;Tidak Ada;2
1897;147;6329;Tidak Ada;2
1898;147;6331;Tidak Ada;2
1899;147;6332;Tidak Ada;2
1900;147;6333;Toyota;2
1901;147;6333;Fortuner;2
1902;147;6333;Toyota Fortuner;2
1903;147;6334;Tidak Ada;2
1904;147;6335;Tidak Ada;2
1905;147;6336;Tidak Ada;2
1906;147;6337;Tidak Ada;2
1907;147;6338;Tidak Ada;2
1908;147;6339;Tidak Ada;2
1909;147;6340;Tidak Ada;2
1910;147;6341;Tidak Ada;2
1911;147;6342;Tidak Ada;2
1912;147;6343;Tidak Ada;2
1913;147;6344;Tidak Ada;2
1914;147;6345;Tidak Ada;2
1915;147;6346;Tidak Ada;2
1916;113;4617;Tidak Ada;2
1917;113;4618;Tidak Ada;2
1918;76;3256;Barbie;2
1919;76;3257;Barbie;2
1920;76;3258;Barbie;2
1921;76;3259;Barbie;2
1922;76;3260;Barbie;2
1923;76;3261;Tidak Ada;2
1924;76;3262;Tidak Ada;2
1925;76;3263;Barbie;2
1926;76;3264;Barbie;2
1927;76;3265;Barbie;2
1928;76;3266;Tidak Ada;2
1929;76;3267;Barbie;2
1930;76;3268;Tidak Ada;2
1931;76;3269;Tidak Ada;2
1932;76;3270;Tidak Ada;2
1933;76;3271;Tidak Ada;2
1934;76;3272;Barbie;2
1935;76;3273;Tidak Ada;2
1936;76;3274;Tidak Ada;2
1937;76;3275;Tidak Ada;2
1938;76;3276;Barbie;2
1939;76;3277;Barbie;2
1940;76;3278;Barbie;2
1941;113;4619;Tidak Ada;2
1942;113;4620;Tidak Ada;2
1943;113;4621;Tidak Ada;2
1944;113;4622;Tidak Ada;2
1945;113;4623;Tidak Ada;2
1946;113;4624;Tidak Ada;2
1947;113;4625;Tidak Ada;2
1948;113;4626;Tidak Ada;2
1949;113;4627;Tidak Ada;2
1950;113;4628;Tidak Ada;2
1951;113;4629;Tidak Ada;2
1952;113;4630;Tidak Ada;2
1953;113;4631;Tidak Ada;2
1954;113;4632;Tidak Ada;2
1955;113;4633;Tidak Ada;2
1956;113;4634;Tidak Ada;2
1957;113;4635;Tidak Ada;2
1958;113;4636;Tidak Ada;2
1959;113;4637;Tidak Ada;2
1960;113;4638;Tidak Ada;2
1961;113;4639;Tidak Ada;2
1962;113;4640;Tidak Ada;2
1963;113;4641;Tidak Ada;2
1964;113;4642;Tidak Ada;2
1965;113;4643;Tidak Ada;2
1966;113;4644;Tidak Ada;2
1967;113;4645;Tidak Ada;2
1968;113;4646;Tidak Ada;2
1969;113;4647;Tidak Ada;2
1970;113;4648;Tidak Ada;2
1971;113;4649;Tidak Ada;2
1972;113;4650;Tidak Ada;2
1973;113;4651;Tidak Ada;2
1974;113;4652;Tidak Ada;2
1975;113;4653;Tidak Ada;2
1976;113;4654;Tidak Ada;2
1977;114;4655;Tidak Ada;2
1978;114;4656;Tidak Ada;2
1979;114;4657;Tidak Ada;2
1980;204;8919;Tidak Ada;2
1981;204;8920;Tidak Ada;2
1982;27;1251;Tidak Ada;2
1983;27;1252;Tidak Ada;2
1984;27;1253;Tidak Ada;2
1985;27;1254;Tidak Ada;2
1986;27;1255;Tidak Ada;2
1987;5894;247711;Tidak Ada;2
1988;27;1256;Tidak Ada;2
1989;27;1257;Tidak Ada;2
1990;27;1258;Tidak Ada;2
1991;27;1259;Tidak Ada;2
1992;5894;247712;Tidak Ada;2
1993;27;1260;Tidak Ada;2
1994;27;1261;Tidak Ada;2
1995;5894;247713;Tidak Ada;2
1996;27;1262;Tidak Ada;2
1997;5894;247714;Tidak Ada;2
1998;27;1263;Tidak Ada;2
1999;27;1264;Tidak Ada;2
2000;5894;247715;Tidak Ada;2
2001;5894;247716;Tidak Ada;2
2002;5894;247717;Tidak Ada;2
2003;5894;247718;Tidak Ada;2
2004;5894;247719;Tidak Ada;2
2005;5894;247720;Tidak Ada;2
2006;5894;247721;Tidak Ada;2
2007;5894;247722;Tidak Ada;2
2008;5905;248110;Tidak Ada;2
2009;5894;247723;Tidak Ada;2
2010;5894;247724;Tidak Ada;2
2011;5894;247725;Tidak Ada;2
2012;5905;248111;Tidak Ada;2
2013;5894;247726;Tidak Ada;2
2014;5905;248112;Tidak Ada;2
2015;5894;247727;Tidak Ada;2
2016;5894;247728;Tidak Ada;2
2017;5894;247729;Tidak Ada;2
2018;5894;247730;Tidak Ada;2
2019;5894;247731;Tidak Ada;2
2020;5894;247732;Tidak Ada;2
2021;5894;247733;Tidak Ada;2
2022;5894;247734;Tidak Ada;2
2023;5894;247735;Tidak Ada;2
2024;5894;247736;Tidak Ada;2
2025;5905;248113;Peraturan KPU (PKPU) Nomor 23 Tahun 2018;2
2026;5894;247737;Tidak Ada;2
2027;5894;247738;Tidak Ada;2
2028;5894;247739;Tidak Ada;2
2029;5905;248114;Tidak Ada;2
2030;5905;248115;Tidak Ada;2
2031;5905;248116;Tidak Ada;2
2032;5894;247740;Tidak Ada;2
2033;5905;248117;Tidak Ada;2
2034;5894;247741;Tidak Ada;2
2035;5894;247742;Tidak Ada;2
2036;5905;248118;Tidak Ada;2
2037;5905;248119;Tidak Ada;2
2038;5894;247743;Tidak Ada;2
2039;5894;247744;Tidak Ada;2
2040;5905;248120;Tidak Ada;2
2041;5905;248121;Tidak Ada;2
2042;5905;248122;Tidak Ada;2
2043;5905;248123;Tidak Ada;2
2044;5905;248124;Tidak Ada;2
2045;5905;248125;Tidak Ada;2
2046;5905;248126;Tidak Ada;2
2047;114;4658;Tidak Ada;2
2048;114;4659;Tidak Ada;2
2049;114;4660;Tidak Ada;2
2050;306;13123;Tidak Ada;2
2051;306;13124;Tidak Ada;2
2052;306;13125;Tidak Ada;2
2053;114;4661;Tidak Ada;2
2054;114;4662;Tidak Ada;2
2055;114;4663;Tidak Ada;2
2056;5905;248127;Tidak Ada;2
2057;5905;248128;Tidak Ada;2
2058;5905;248129;Tidak Ada;2
2059;114;4664;Tidak Ada;2
2060;5905;248130;Tidak Ada;2
2061;114;4665;Tidak Ada;2
2062;5905;248131;Tidak Ada;2
2063;114;4666;Tidak Ada;2
2064;5894;247745;Tidak Ada;2
2065;114;4667;Tidak Ada;2
2066;5894;247746;Tidak Ada;2
2067;5894;247747;Tidak Ada;2
2068;5894;247748;Tidak Ada;2
2069;5894;247749;Tidak Ada;2
2070;5894;247750;Tidak Ada;2
2071;5894;247751;Tidak Ada;2
2072;5894;247752;Tidak Ada;2
2073;114;4668;Tidak Ada;2
2074;5894;247753;Tidak Ada;2
2075;114;4669;Tidak Ada;2
2076;5894;247754;Tidak Ada;2
2077;5897;247830;Tidak Ada;2
2078;5894;247755;Tidak Ada;2
2079;5894;247756;Tidak Ada;2
2080;5897;247831;Tidak Ada;2
2081;5894;247757;Tidak Ada;2
2082;114;4670;Tidak Ada;2
2083;5897;247832;Tidak Ada;2
2084;5894;247758;Tidak Ada;2
2085;114;4671;Tidak Ada;2
2086;114;4672;Tidak Ada;2
2087;5903;248065;Tidak Ada;2
2088;114;4673;Tidak Ada;2
2089;5897;247833;Tidak Ada;2
2090;5903;248066;Yamaha FZ1;2
2091;75;3246;Tidak Ada;2
2092;5897;247834;Tidak Ada;2
2093;5903;248067;Yamaha Byson;2
2094;5903;248067;Yamaha FZ1;2
2095;114;4674;Tidak Ada;2
2096;5903;248068;Tidak Ada;2
2097;5903;248069;FZ1;2
2098;114;4675;Tidak Ada;2
2099;75;3247;Tidak Ada;2
2100;5897;247835;Tidak Ada;2
2101;5903;248070;Tidak Ada;2
2102;5903;248071;Tidak Ada;2
2103;114;4676;Tidak Ada;2
2104;5897;247836;Tidak Ada;2
2105;75;3248;Tidak Ada;2
2106;5903;248072;Tidak Ada;2
2107;5903;248073;Tidak Ada;2
2108;5903;248074;FZ1;2
2109;5897;247837;Tidak Ada;2
2110;5903;248075;Yamaha FZ1;2
2111;213;9231;Tidak Ada;2
2112;5897;247838;Tidak Ada;2
2113;5872;246890;Tidak Ada;2
2114;5872;246891;Tidak Ada;2
2115;213;9232;Tidak Ada;2
2116;5872;246892;Tidak Ada;2
2117;252;10977;Tidak Ada;2
2118;5872;246893;Tidak Ada;2
2119;5959;250185;Tidak Ada;2
2120;252;10978;Tidak Ada;2
2121;5872;246894;Tidak Ada;2
2122;5872;246895;Tidak Ada;2
2123;252;10979;Tidak Ada;2
2124;5959;250186;Tidak Ada;2
2125;114;4677;Tidak Ada;2
2126;252;10980;Tidak Ada;2
2127;5959;250187;Tidak Ada;2
2128;114;4678;Tidak Ada;2
2129;5872;246896;Tidak Ada;2
2130;5872;246897;Tidak Ada;2
2131;252;10981;Tidak Ada;2
2132;5872;246898;Tidak Ada;2
2133;5872;246899;Tidak Ada;2
2134;114;4679;Tidak Ada;2
2135;252;10982;Tidak Ada;2
2136;5872;246900;Tidak Ada;2
2137;252;10983;Tidak Ada;2
2138;5872;246901;Tidak Ada;2
2139;5959;250188;Tidak Ada;2
2140;5872;246902;Tidak Ada;2
2141;252;10984;Tidak Ada;2
2142;5959;250189;Tidak Ada;2
2143;5872;246903;Tidak Ada;2
2144;252;10985;Tidak Ada;2
2145;114;4680;Tidak Ada;2
2146;5872;246904;Tidak Ada;2
2147;5872;246905;Tidak Ada;2
2148;114;4681;Tidak Ada;2
2149;5872;246906;Tidak Ada;2
2150;5959;250190;Tidak Ada;2
2151;252;10986;Tidak Ada;2
2152;5959;250191;Tidak Ada;2
2153;5959;250155;Tidak Ada;2
2154;252;10987;Tidak Ada;2
2155;114;4682;Tidak Ada;2
2156;5959;250156;Tidak Ada;2
2157;252;10988;Tidak Ada;2
2158;252;10989;Tidak Ada;2
2159;5959;250157;Tidak Ada;2
2160;252;10990;Tidak Ada;2
2161;252;10991;Tidak Ada;2
2162;5959;250158;Tidak Ada;2
2163;252;10992;Tidak Ada;2
2164;252;10993;Tidak Ada;2
2165;5959;250159;Tidak Ada;2
2166;252;10994;Tidak Ada;2
2167;252;10995;Tidak Ada;2
2168;5959;250161;Tidak Ada;2
2169;114;4683;Tidak Ada;2
2170;252;10996;Tidak Ada;2
2171;114;4684;Tidak Ada;2
2172;5959;250162;Tidak Ada;2
2173;252;10997;Tidak Ada;2
2174;114;4685;Tidak Ada;2
2175;252;10998;Tidak Ada;2
2176;114;4686;Tidak Ada;2
2177;252;10999;Tidak Ada;2
2178;114;4687;Tidak Ada;2
2179;252;11000;Tidak Ada;2
2180;114;4688;Tidak Ada;2
2181;252;11001;Tidak Ada;2
2182;114;4689;Tidak Ada;2
2183;252;11002;Tidak Ada;2
2184;252;11003;Tidak Ada;2
2185;114;4690;Tidak Ada;2
2186;252;11004;Tidak Ada;2
2187;114;4691;Tidak Ada;2
2188;252;11005;Tidak Ada;2
2189;114;4692;Tidak Ada;2
2190;252;11006;Tidak Ada;2
2191;116;4711;Tidak Ada;2
2192;252;11007;Tidak Ada;2
2193;5959;250163;Tidak Ada;2
2194;252;11008;Tidak Ada;2
2195;5959;250164;Tidak Ada;2
2196;116;4712;Tidak Ada;2
2197;252;11009;Tidak Ada;2
2198;252;11010;Tidak Ada;2
2199;116;4713;Tidak Ada;2
2200;5959;250165;Tidak Ada;2
2201;116;4714;Tidak Ada;2
2202;116;4715;Tidak Ada;2
2203;5959;250166;Tidak Ada;2
2204;116;4716;Tidak Ada;2
2205;116;4717;Tidak Ada;2
2206;116;4718;Tidak Ada;2
2207;116;4719;Tidak Ada;2
2208;116;4720;Tidak Ada;2
2209;5897;247839;Tidak Ada;2
2210;5897;247840;Tidak Ada;2
2211;244;10640;Tidak Ada;2
2212;244;10641;Tidak Ada;2
2213;244;10642;Tidak Ada;2
2214;244;10643;Mesin EDC;2
2215;244;10644;Tidak Ada;2
2216;244;10645;Mesin EDC;2
2217;244;10646;EDC;2
2218;244;10647;EDC;2
2219;244;10648;Tidak Ada;2
2220;244;10649;Tidak Ada;2
2221;244;10650;Mesin EDC;2
2222;5967;250456;Tidak Ada;2
2223;5967;250457;Tidak Ada;2
2224;5967;250458;Tidak Ada;2
2225;5967;250459;Tidak Ada;2
2226;5967;250460;Tidak Ada;2
2227;5967;250461;Tidak Ada;2
2228;5967;250462;Tidak Ada;2
2229;5967;250462;Tidak Ada;2
2230;5967;250463;Tidak Ada;2
2231;5967;250464;Tidak Ada;2
2232;5967;250465;Tidak Ada;2
2233;5967;250466;Tidak Ada;2
2234;5967;250466;Tidak Ada;2
2235;5967;250467;Tidak Ada;2
2236;5967;250468;Tidak Ada;2
2237;5967;250469;Tidak Ada;2
2238;5967;250470;Tidak Ada;2
2239;5967;250471;Tidak Ada;2
2240;5967;250472;Tidak Ada;2
2241;5967;250473;Tidak Ada;2
2242;5967;250474;Tidak Ada;2
2243;71;3135;Tidak Ada;2
2244;71;3136;Tidak Ada;2
2245;71;3137;Tidak Ada;2
2246;71;3138;Tidak Ada;2
2247;71;3139;Tidak Ada;2
2248;71;3140;Tidak Ada;2
2249;71;3141;Tidak Ada;2
2250;71;3142;Tidak Ada;2
2251;71;3142;Tidak Ada;2
2252;71;3114;Tidak Ada;2
2253;71;3115;Tidak Ada;2
2254;71;3116;Tidak Ada;2
2255;71;3117;Tidak Ada;2
2256;71;3118;Tidak Ada;2
2257;71;3119;Somethings Gotta Give dan serial Mad Men.;2
2258;71;3120;Tidak Ada;2
2259;71;3121;Journal of the American College of Cardiology;2
2260;71;3122;Tidak Ada;2
2261;71;3123;Tidak Ada;2
2262;71;3124;Tidak Ada;2
2263;71;3125;Tidak Ada;2
2264;141;6037;Tidak Ada;2
2265;71;3126;Journal of American College of Cardiology;2
2266;71;3127;Tidak Ada;2
2267;71;3128;Tidak Ada;2
2268;141;6038;Tidak Ada;2
2269;71;3129;Tidak Ada;2
2270;71;3130;Tidak Ada;2
2271;71;3131;Tidak Ada;2
2272;71;3132;Tidak Ada;2
2273;71;3133;Tidak Ada;2
2274;5926;248930;Tidak Ada;2
2275;5926;248931;Tidak Ada;2
2276;5926;248932;Tidak Ada;2
2277;141;6039;pancake;2
2278;5926;248933;Tidak Ada;2
2279;5926;248934;Tidak Ada;2
2280;5926;248935;Tidak Ada;2
2281;141;6040;Tidak Ada;2
2282;141;6041;Tidak Ada;2
2283;141;6042;pancake;2
2284;5926;248936;Tidak Ada;2
2285;141;6043;Tidak Ada;2
2286;5926;248937;Tidak Ada;2
2287;5926;248892;Tidak Ada;2
2288;141;6044;Tidak Ada;2
2289;5926;248893;Tidak Ada;2
2290;5926;248894;Tidak Ada;2
2291;5926;248897;Tidak Ada;2
2292;5926;248898;Tidak Ada;2
2293;5926;248899;Tidak Ada;2
2294;5926;248900;Tidak Ada;2
2295;5926;248901;Tidak Ada;2
2296;5926;248902;Tidak Ada;2
2297;5926;248903;Tidak Ada;2
2298;5926;248904;Tidak Ada;2
2299;5926;248905;Tidak Ada;2
2300;5926;248906;Tidak Ada;2
2301;5926;248907;Tidak Ada;2
2302;5926;248908;Tidak Ada;2
2303;141;6045;Tidak Ada;2
2304;141;6046;Tidak Ada;2
2305;141;5966;Tidak Ada;2
2306;141;5967;Tidak Ada;2
2307;5926;248909;Tidak Ada;2
2308;5926;248910;Tidak Ada;2
2309;141;5968;Tidak Ada;2
2310;141;5969;Tidak Ada;2
2311;141;5970;Tidak Ada;2
2312;5967;250475;Tidak Ada;2
2313;5967;250476;Tidak Ada;2
2314;5967;250477;Tidak Ada;2
2315;76;3279;Barbie;2
2316;5967;250478;Tidak Ada;2
2317;5967;250479;Tidak Ada;2
2318;76;3280;Tidak Ada;2
2319;5967;250480;Tidak Ada;2
2320;5967;250481;Tidak Ada;2
2321;203;8875;Tidak Ada;2
2322;203;8876;Tidak Ada;2
2323;5967;250482;Tidak Ada;2
2324;203;8877;Tidak Ada;2
2325;203;8878;Tidak Ada;2
2326;203;8879;Tidak Ada;2
2327;5967;250483;Tidak Ada;2
2328;203;8880;Tidak Ada;2
2329;203;8881;Tidak Ada;2
2330;293;12549;Tidak Ada;2
2331;203;8882;Tidak Ada;2
2332;293;12550;Tidak Ada;2
2333;203;8883;Tidak Ada;2
2334;203;8884;Tidak Ada;2
2335;5967;250484;Tidak Ada;2
2336;293;12551;Tidak Ada;2
2337;293;12552;Tidak Ada;2
2338;203;8885;Tidak Ada;2
2339;293;12553;Tidak Ada;2
2340;203;8886;Tidak Ada;2
2341;293;12554;Tidak Ada;2
2342;5967;250485;Tidak Ada;2
2343;203;8887;Tidak Ada;2
2344;203;8887;Tidak Ada;2
2345;293;12555;Tidak Ada;2
2346;203;8888;Tidak Ada;2
2347;293;12556;Tidak Ada;2
2348;203;8889;Tidak Ada;2
2349;5967;250486;Tidak Ada;2
2350;293;12557;Tidak Ada;2
2351;293;12558;Tidak Ada;2
2352;203;8890;Tidak Ada;2
2353;293;12559;Tidak Ada;2
2354;203;8891;Tidak Ada;2
2355;293;12560;Tidak Ada;2
2356;203;8892;Tidak Ada;2
2357;76;3281;Tidak Ada;2
2358;293;12561;Tidak Ada;2
2359;293;12562;Tidak Ada;2
2360;76;3282;Barbie;2
2361;293;12563;Tidak Ada;2
2362;5967;250487;Tidak Ada;2
2363;293;12564;Tidak Ada;2
2364;76;3283;Tidak Ada;2
2365;294;12565;Tidak Ada;2
2366;76;3284;Tidak Ada;2
2367;294;12566;Tidak Ada;2
2368;203;8893;Tidak Ada;2
2369;203;8893;Tidak Ada;2
2370;203;8894;Tidak Ada;2
2371;294;12567;Tidak Ada;2
2372;203;8895;Tidak Ada;2
2373;294;12569;Tidak Ada;2
2374;96;4016;Tidak Ada;2
2375;294;12570;Tidak Ada;2
2376;141;5971;Tidak Ada;2
2377;203;8896;Tidak Ada;2
2378;294;12572;Tidak Ada;2
2379;5967;250488;tax amnesty;2
2380;141;5972;Tidak Ada;2
2381;203;8897;Tidak Ada;2
2382;96;4017;Tidak Ada;2
2383;294;12573;Tidak Ada;2
2384;203;8898;Tidak Ada;2
2385;294;12574;Tidak Ada;2
2386;203;8899;Tidak Ada;2
2387;96;4018;Tidak Ada;2
2388;294;12575;Tidak Ada;2
2389;203;8900;Tidak Ada;2
2390;96;4019;Tidak Ada;2
2391;203;8901;Tidak Ada;2
2392;5919;248647;Tidak Ada;2
2393;5919;248648;Tidak Ada;2
2394;96;4020;Tidak Ada;2
2395;5919;248616;Tidak Ada;2
2396;5919;248617;Tidak Ada;2
2397;5919;248618;Tidak Ada;2
2398;5919;248619;Tidak Ada;2
2399;5919;248620;Tidak Ada;2
2400;5919;248621;Tidak Ada;2
2401;96;4021;Tidak Ada;2
2402;5919;248622;Tidak Ada;2
2403;5919;248623;Tidak Ada;2
2404;294;12576;Tidak Ada;2
2405;5919;248624;Tidak Ada;2
2406;5919;248625;Tidak Ada;2
2407;5919;248626;Tidak Ada;2
2408;96;3965;Tidak Ada;2
2409;96;3966;Tidak Ada;2
2410;96;3967;Tidak Ada;2
2411;5919;248627;Tidak Ada;2
2412;294;12577;Tidak Ada;2
2413;96;3968;Tidak Ada;2
2414;5919;248628;Tidak Ada;2
2415;96;3969;Tidak Ada;2
2416;5919;248629;Tidak Ada;2
2417;294;12578;Tidak Ada;2
2418;5919;248630;Tidak Ada;2
2419;96;3970;Tidak Ada;2
2420;5919;248631;Tidak Ada;2
2421;5919;248632;Tidak Ada;2
2422;5919;248633;Tidak Ada;2
2423;96;3971;Tidak Ada;2
2424;5919;248635;Tidak Ada;2
2425;294;12579;Tidak Ada;2
2426;96;3972;Tidak Ada;2
2427;294;12580;Tidak Ada;2
2428;96;3973;Tidak Ada;2
2429;96;3974;Tidak Ada;2
2430;294;12581;Tidak Ada;2
2431;294;12582;Tidak Ada;2
2432;294;12583;Tidak Ada;2
2433;96;3975;Tidak Ada;2
2434;294;12584;Tidak Ada;2
2435;96;3976;Tidak Ada;2
2436;96;3977;Tidak Ada;2
2437;96;3978;Tidak Ada;2
2438;96;3979;Tidak Ada;2
2439;96;3980;Tidak Ada;2
2440;96;3981;Tidak Ada;2
2441;96;3982;Tidak Ada;2
2442;96;3983;Tidak Ada;2
2443;96;3984;Tidak Ada;2
2444;96;3985;Tidak Ada;2
2445;96;3986;Tidak Ada;2
2446;96;3988;Tidak Ada;2
2447;96;3989;Tidak Ada;2
2448;109;4462;Tidak Ada;2
2449;5895;247789;Tidak Ada;2
2450;109;4463;Tidak Ada;2
2451;109;4464;Tidak Ada;2
2452;5895;247759;IHSG;2
2453;5895;247760;Tidak Ada;2
2454;5895;247761;Tidak Ada;2
2455;96;3990;Tidak Ada;2
2456;5895;247762;Tidak Ada;2
2457;109;4465;Tidak Ada;2
2458;96;3991;Tidak Ada;2
2459;5895;247763;Rupiah;2
2460;109;4466;Tidak Ada;2
2461;96;3992;Tidak Ada;2
2462;96;3993;Tidak Ada;2
2463;5895;247764;Tidak Ada;2
2464;5895;247765;Tidak Ada;2
2465;5895;247766;Tidak Ada;2
2466;5895;247767;Tidak Ada;2
2467;5895;247768;Tidak Ada;2
2468;5895;247772;Rupiah;2
2469;5895;247776;Tidak Ada;2
2470;5895;247777;Tidak Ada;2
2471;5895;247778;Tidak Ada;2
2472;5895;247779;Tidak Ada;2
2473;5895;247780;Saham;2
2474;5895;247781;Tidak Ada;2
2475;5895;247782;dolar as;2
2476;5895;247785;Rupiah;2
2477;5895;247788;Tidak Ada;2
2478;109;4467;Tidak Ada;2
2479;5898;247906;geomembran;2
2480;5898;247856;Garam;2
2481;109;4468;Tidak Ada;2
2482;5898;247857;garam;2
2483;5898;247858;Harga;2
2484;5898;247859;garam;2
2485;5898;247860;garam;2
2486;5898;247863;Tidak Ada;2
2487;5898;247866;Garam;2
2488;5898;247866;Garam dengan kualitas tiga;2
2489;5898;247867;garam;2
2490;5898;247869;garam;2
2491;5898;247870;Tidak Ada;2
2492;5898;247871;Tidak Ada;2
2493;109;4469;Tidak Ada;2
2494;5898;247872;garam;2
2495;109;4470;Tidak Ada;2
2496;5898;247873;garam;2
2497;5898;247874;Tidak Ada;2
2498;109;4471;Tidak Ada;2
2499;109;4472;Tidak Ada;2
2500;5898;247875;garam;2
2501;5898;247877;Tidak Ada;2
2502;5898;247879;Tidak Ada;2
2503;109;4473;Tidak Ada;2
2504;5898;247880;garam;2
2505;5898;247881;garam;2
2506;5898;247883;Tidak Ada;2
2507;5898;247884;garam;2
2508;5898;247886;Tidak Ada;2
2509;109;4474;Tidak Ada;2
2510;5898;247890;Tidak Ada;2
2511;5898;247891;lahan;2
2512;109;4475;Tidak Ada;2
2513;5898;247892;Tidak Ada;2
2514;5898;247893;garam;2
2515;3;119;eksterior;2
2516;3;119;interior,;2
2517;3;119;mesin;2
2518;3;119;fender;2
2519;3;119;karbon;2
2520;3;119;fiber,;2
2521;3;119;karbon fiber;2
2522;3;119;panel meter;2
2523;3;119;roll bar;2
2524;3;120;kaki-kaki;2
2525;3;120;sistem;2
2526;3;120;sistem suspensi;2
2527;3;120;suspensi;2
2528;3;120;suspensi coil over;2
2529;3;120;coil over;2
2530;3;120;sistem suspensi coil over;2
2531;3;120;pelek;2
2532;3;120;orisinal;2
2533;3;120;pelek orisinal;2
2534;3;120;street racing;2
2535;3;120;Tidak Ada;2
2536;3;121;Tidak Ada;2
2537;3;122;fitur voice command;2
2538;3;122;voice command;2
2539;3;122;mengatur audio;2
2540;3;122;audio,;2
2541;3;122;fungsi-fungsi motorized;2
2542;3;122;motorized,;2
2543;3;122;motorized,;2
2544;3;122;motorized,;2
2545;3;122;mengecek performa mesin;2
2546;3;122;performa mesin,;2
2547;3;122;RPM,;2
2548;3;122;RPM,;2
2549;3;122;tekanan oli;2
2550;3;122;kondisi suhu mesin;2
2551;3;122;Tidak Ada;2
2552;3;123;Tidak Ada;2
2553;3;124;fitur musik;2
2554;3;124;fitur musik;2
2555;3;124;video,;2
2556;3;124;video,;2
2557;3;124;gim;2
2558;3;124;gim;2
2559;3;124;(games),;2
2560;3;124;(games),;2
2561;3;124;gim (games);2
2562;3;124;gim (games);2
2563;3;124;disc jockey;2
2564;3;124;(DJ).;2
2565;3;124;(DJ).;2
2566;3;124;disc jockey (DJ).;2
2567;3;124;disc jockey (DJ).;2
2568;3;124;Tidak Ada;2
2569;3;125;interior,;2
2570;3;125;interior,;2
2571;3;125;eksterior,;2
2572;3;125;eksterior,;2
2573;3;125;undercarriage,;2
2574;3;125;audio.;2
2575;3;125;undercarriage,;2
2576;3;125;audio.;2
2577;3;126;Tidak Ada;2
2578;3;127;Tidak Ada;2
2579;3;128;Playstation;2
2580;3;128;gim;2
2581;3;128;gim Playstation;2
2582;3;129;penerapan teknologi baru;2
2583;3;129;kelayakan jalan;2
2584;3;129;penerapan teknologi baru;2
2585;3;129;kelayakan jalan;2
2586;3;130;Tidak Ada;2
2587;351;15090;Tidak Ada;2
2588;3;131;Tidak Ada;2
2589;351;15091;Tidak Ada;2
2590;351;15092;Tidak Ada;2
2591;3;132;juara favorit dari voting daring (online);2
2592;351;15094;Tidak Ada;2
2593;3;133;Honda;2
2594;3;133;Jazz;2
2595;3;133;Honda Jazz;2
2596;3;133;Honda;2
2597;3;133;Honda Brio;2
2598;3;133;Brio;2
2599;3;133;Honda;2
2600;3;133;Honda Jazz;2
2601;3;133;Jazz;2
2602;3;133;Honda;2
2603;5898;247894;geomembran;2
2604;3;133;Brio;2
2605;3;133;Brio;2
2606;3;133;Brio Brio;2
2607;3;133;Tidak Ada;2
2608;109;4476;film dokumenter pendek tentang pengalaman Alfred Munzer;2
2609;109;4477;Tidak Ada;2
2610;4;184;Tidak Ada;2
2611;5898;247895;lahan tambak garam;2
2612;4;185;Tidak Ada;2
2613;109;4478;Tidak Ada;2
2614;5898;247896;garam;2
2615;115;4693;Tidak Ada;2
2616;5898;247897;Tidak Ada;2
2617;5898;247901;tombong;2
2618;4;186;Tidak Ada;2
2619;4;187;mengampanyekan hidup sehat;2
2620;5898;247903;Tidak Ada;2
2621;115;4694;Tidak Ada;2
2622;4;188;Tidak Ada;2
2623;4;189;Tidak Ada;2
2624;115;4695;Tidak Ada;2
2625;4;190;Tidak Ada;2
2626;5898;247904;garam lokal;2
2627;4;191;Tidak Ada;2
2628;115;4696;Tidak Ada;2
2629;5901;248011;Tidak Ada;2
2630;4;192;Tidak Ada;2
2631;4;134;Tidak Ada;2
2632;5901;248012;Tidak Ada;2
2633;4;135;Tidak Ada;2
2634;4;136;Tidak Ada;2
2635;5901;248013;Tidak Ada;2
2636;4;137;Tidak Ada;2
2637;115;4697;Relief Gandawyuha;2
2638;115;4698;Tidak Ada;2
2639;5901;248015;Tidak Ada;2
2640;115;4699;Tidak Ada;2
2641;5901;248016;Tidak Ada;2
2642;115;4700;Tidak Ada;2
2643;115;4701;Tidak Ada;2
2644;5901;248017;Tidak Ada;2
2645;5901;248018;Tidak Ada;2
2646;115;4702;Tidak Ada;2
2647;192;8397;Tidak Ada;2
2648;115;4703;Tidak Ada;2
2649;5901;248019;Tidak Ada;2
2650;115;4704;Tidak Ada;2
2651;192;8398;Tidak Ada;2
2652;115;4705;Tidak Ada;2
2653;306;13126;Tidak Ada;2
2654;306;13127;Tidak Ada;2
2655;115;4706;Tidak Ada;2
2656;306;13128;Tidak Ada;2
2657;306;13129;Tidak Ada;2
2658;306;13130;Tidak Ada;2
2659;115;4707;Tidak Ada;2
2660;306;13131;Tidak Ada;2
2661;115;4708;Tidak Ada;2
2662;306;13132;Tidak Ada;2
2663;306;13133;Tidak Ada;2
2664;306;13134;Tidak Ada;2
2665;306;13135;Tidak Ada;2
2666;306;13136;Tidak Ada;2
2667;306;13137;Tidak Ada;2
2668;115;4709;Tidak Ada;2
2669;306;13138;Tidak Ada;2
2670;306;13139;Tidak Ada;2
2671;115;4710;Tidak Ada;2
2672;306;13140;Tidak Ada;2
2673;306;13141;xenon-133;2
2674;306;13141;xenon-133m;2
2675;306;13142;Tidak Ada;2
2676;5901;248020;Tidak Ada;2
2677;5901;247991;Tidak Ada;2
2678;306;13143;Tidak Ada;2
2679;116;4721;Tidak Ada;2
2680;306;13144;Tidak Ada;2
2681;306;13145;Tidak Ada;2
2682;306;13146;Isotop Cherepovets;2
2683;116;4722;Tidak Ada;2
2684;116;4723;Tidak Ada;2
2685;116;4724;Tidak Ada;2
2686;122;5172;Tidak Ada;2
2687;116;4725;Tidak Ada;2
2688;5901;247992;Tidak Ada;2
2689;122;5173;Tidak Ada;2
2690;5901;247993;Tidak Ada;2
2691;122;5174;Tidak Ada;2
2692;116;4726;Tidak Ada;2
2693;5901;247994;Tidak Ada;2
2694;122;5175;Tidak Ada;2
2695;5901;247995;Tidak Ada;2
2696;122;5176;Tidak Ada;2
2697;122;5177;Tidak Ada;2
2698;122;5178;Tidak Ada;2
2699;116;4727;Tidak Ada;2
2700;122;5179;Tidak Ada;2
2701;122;5180;Tidak Ada;2
2702;122;5181;Tidak Ada;2
2703;116;4728;Tidak Ada;2
2704;122;5142;Tidak Ada;2
2705;116;4729;Tidak Ada;2
2706;116;4730;Tidak Ada;2
2707;116;4731;Tidak Ada;2
2708;116;4732;Tidak Ada;2
2709;116;4733;Tidak Ada;2
2710;116;4734;Tidak Ada;2
2711;116;4735;Tidak Ada;2
2712;116;4736;Tidak Ada;2
2713;5958;250140;Tidak Ada;2
2714;5958;250142;Tidak Ada;2
2715;5958;250144;Tidak Ada;2
2716;5958;250145;Tidak Ada;2
2717;5958;250120;Tidak Ada;2
2718;5958;250121;Tidak Ada;2
2719;116;4737;Tidak Ada;2
2720;116;4738;Tidak Ada;2
2721;116;4739;Tidak Ada;2
2722;116;4740;Tidak Ada;2
2723;5959;250167;Tidak Ada;2
2724;5959;250168;Tidak Ada;2
2725;5959;250169;Tidak Ada;2
2726;116;4741;Tidak Ada;2
2727;5959;250170;Tidak Ada;2
2728;5959;250171;Tidak Ada;2
2729;116;4742;Tidak Ada;2
2730;5959;250172;Tidak Ada;2
2731;5958;250122;Tidak Ada;2
2732;5959;250173;Tidak Ada;2
2733;204;8921;Tidak Ada;2
2734;5959;250174;Tidak Ada;2
2735;5958;250123;Tidak Ada;2
2736;116;4743;Tidak Ada;2
2737;5959;250175;Tidak Ada;2
2738;5958;250126;Tidak Ada;2
2739;204;8922;Tidak Ada;2
2740;5959;250176;Tidak Ada;2
2741;204;8923;Tidak Ada;2
2742;5958;250128;Tidak Ada;2
2743;5958;250129;Tidak Ada;2
2744;204;8924;Tidak Ada;2
2745;5959;250177;Tidak Ada;2
2746;204;8925;Tidak Ada;2
2747;204;8926;Tidak Ada;2
2748;5958;250130;Tidak Ada;2
2749;5958;250133;Tidak Ada;2
2750;5959;250178;Tidak Ada;2
2751;204;8927;Tidak Ada;2
2752;5959;250179;Tidak Ada;2
2753;204;8928;Tidak Ada;2
2754;204;8929;Tidak Ada;2
2755;5958;250134;Tidak Ada;2
2756;5959;250180;Tidak Ada;2
2757;5936;249260;Tidak Ada;2
2758;204;8930;Tidak Ada;2
2759;5959;250181;Tidak Ada;2
2760;5936;249267;Tidak Ada;2
2761;5959;250182;Tidak Ada;2
2762;204;8931;Tidak Ada;2
2763;5936;249268;Tidak Ada;2
2764;204;8932;Tidak Ada;2
2765;5959;250183;Tidak Ada;2
2766;204;8933;Tidak Ada;2
2767;5936;249270;Tidak Ada;2
2768;5959;250184;Tidak Ada;2
2769;5936;249271;Tidak Ada;2
2770;204;8934;Tidak Ada;2
2771;5955;250035;Tidak Ada;2
2772;204;8935;Tidak Ada;2
2773;5936;249284;Tidak Ada;2
2774;5955;250036;Tidak Ada;2
2775;204;8936;Tidak Ada;2
2776;5936;249288;Tidak Ada;2
2777;204;8937;Tidak Ada;2
2778;5936;249295;Tidak Ada;2
2779;204;8938;Tidak Ada;2
2780;5955;250037;Tidak Ada;2
2781;5962;250296;Tidak Ada;2
2782;204;8939;Tidak Ada;2
2783;5962;250297;Tidak Ada;2
2784;204;8940;Tidak Ada;2
2785;5962;250267;Tidak Ada;2
2786;5955;250038;Tidak Ada;2
2787;204;8941;Tidak Ada;2
2788;5955;250039;Tidak Ada;2
2789;201;8827;Tidak Ada;2
2790;201;8828;Tidak Ada;2
2791;201;8829;Tidak Ada;2
2792;5955;250040;Tidak Ada;2
2793;201;8830;Tidak Ada;2
2794;5962;250268;Tidak Ada;2
2795;201;8756;Tidak Ada;2
2796;5955;250041;Tidak Ada;2
2797;201;8757;Tidak Ada;2
2798;5962;250269;Tidak Ada;2
2799;117;4744;Tidak Ada;2
2800;5962;250270;Tidak Ada;2
2801;5955;250042;Tidak Ada;2
2802;5962;250271;Tidak Ada;2
2803;5962;250272;Tidak Ada;2
2804;5955;250043;Tidak Ada;2
2805;5962;250273;Tidak Ada;2
2806;117;4745;Tidak Ada;2
2807;5962;250274;Tidak Ada;2
2808;5962;250275;Tidak Ada;2
2809;5955;249995;Tidak Ada;2
2810;5962;250276;Tidak Ada;2
2811;5962;250277;Tidak Ada;2
2812;5955;249996;Tidak Ada;2
2813;5962;250278;Tidak Ada;2
2814;5955;249997;Tidak Ada;2
2815;5962;250282;Tidak Ada;2
2816;5955;249998;Tidak Ada;2
2817;5962;250283;Tidak Ada;2
2818;5955;249999;Tidak Ada;2
2819;5962;250286;Tidak Ada;2
2820;5955;250000;Tidak Ada;2
2821;5962;250287;Tidak Ada;2
2822;117;4746;Tidak Ada;2
2823;5955;250001;Tidak Ada;2
2824;5955;250003;Tidak Ada;2
2825;117;4747;Tidak Ada;2
2826;117;4748;Tidak Ada;2
2827;5955;250004;Tidak Ada;2
2828;5955;250005;Tidak Ada;2
2829;5955;250007;Tidak Ada;2
2830;117;4749;Tidak Ada;2
2831;5955;250008;Tidak Ada;2
2832;5955;250009;Tidak Ada;2
2833;5955;250010;Tidak Ada;2
2834;117;4750;Tidak Ada;2
2835;5955;250011;Tidak Ada;2
2836;117;4751;Tidak Ada;2
2837;5955;250012;Tidak Ada;2
2838;117;4752;Tidak Ada;2
2839;5955;250013;Tidak Ada;2
2840;5955;250014;Tidak Ada;2
2841;5955;250016;Tidak Ada;2
2842;117;4753;Tidak Ada;2
2843;5955;250017;Tidak Ada;2
2844;5955;250018;Tidak Ada;2
2845;117;4754;Tidak Ada;2
2846;5955;250019;Tidak Ada;2
2847;5955;250020;Tidak Ada;2
2848;117;4755;Tidak Ada;2
2849;5955;250022;Tidak Ada;2
2850;5955;250023;Tidak Ada;2
2851;5955;250024;Tidak Ada;2
2852;5955;250025;Tidak Ada;2
2853;5955;250026;Tidak Ada;2
2854;117;4756;Tidak Ada;2
2855;5955;250027;Tidak Ada;2
2856;5955;250028;Tidak Ada;2
2857;5955;250029;Tidak Ada;2
2858;5955;250030;Tidak Ada;2
2859;306;13147;Tidak Ada;2
2860;306;13148;Tidak Ada;2
2861;306;13149;Tidak Ada;2
2862;306;13150;RBMK;2
2863;306;13151;Tidak Ada;2
2864;306;13152;Tidak Ada;2
2865;306;13153;Tidak Ada;2
2866;312;13407;Tidak Ada;2
2867;312;13408;Tidak Ada;2
2868;312;13409;Tidak Ada;2
2869;192;8399;Tidak Ada;2
2870;192;8400;singa gua;2
2871;192;8401;Tidak Ada;2
2872;192;8401;Tidak Ada;2
2873;192;8402;Tidak Ada;2
2874;192;8403;Tidak Ada;2
2875;192;8404;asteroid;2
2876;192;8405;bom atom;2
2877;351;15095;Tidak Ada;2
2878;351;15096;Tidak Ada;2
2879;351;15097;Tidak Ada;2
2880;351;15098;Tidak Ada;2
2881;351;15099;Tidak Ada;2
2882;351;15100;Tidak Ada;2
2883;351;15101;Tidak Ada;2
2884;351;15102;Tidak Ada;2
2885;222;9450;Tidak Ada;2
2886;222;9451;Tidak Ada;2
2887;222;9452;Tidak Ada;2
2888;222;9453;Tidak Ada;2
2889;222;9454;Tidak Ada;2
2890;141;5973;Tidak Ada;2
2891;222;9455;Tidak Ada;2
2892;141;5974;Tidak Ada;2
2893;141;5975;Tidak Ada;2
2894;141;5976;Tidak Ada;2
2895;141;5977;Tidak Ada;2
2896;141;5978;Tidak Ada;2
2897;141;5979;Tidak Ada;2
2898;141;5980;Tidak Ada;2
2899;141;5981;Tidak Ada;2
2900;222;9456;Tidak Ada;2
2901;222;9457;Tidak Ada;2
2902;222;9458;Tidak Ada;2
2903;222;9459;Tidak Ada;2
2904;141;5982;Tidak Ada;2
2905;141;5983;Tidak Ada;2
2906;222;9460;Tidak Ada;2
2907;222;9461;Tidak Ada;2
2908;222;9462;Tidak Ada;2
2909;222;9463;Tidak Ada;2
2910;222;9464;Tidak Ada;2
2911;222;9465;Tidak Ada;2
2912;222;9466;Tidak Ada;2
2913;222;9467;Tidak Ada;2
2914;222;9468;Tidak Ada;2
2915;222;9469;Tidak Ada;2
2916;141;5984;Tidak Ada;2
2917;141;5985;Tidak Ada;2
2918;117;4757;Tidak Ada;2
2919;117;4758;Tidak Ada;2
2920;117;4759;Tidak Ada;2
2921;117;4760;Tidak Ada;2
2922;117;4761;Tidak Ada;2
2923;117;4762;Tidak Ada;2
2924;117;4763;Tidak Ada;2
2925;117;4764;Tidak Ada;2
2926;117;4765;Tidak Ada;2
2927;117;4766;Tidak Ada;2
2928;117;4767;Tidak Ada;2
2929;117;4768;Tidak Ada;2
2930;117;4769;Tidak Ada;2
2931;117;4770;Tidak Ada;2
2932;117;4771;Tidak Ada;2
2933;117;4772;Tidak Ada;2
2934;5926;248912;Tidak Ada;2
2935;5926;248913;Tidak Ada;2
2936;117;4773;Tidak Ada;2
2937;5926;248914;Tidak Ada;2
2938;5926;248914;Tidak Ada;2
2939;117;4774;Tidak Ada;2
2940;5926;248915;Tidak Ada;2
2941;5926;248915;Tidak Ada;2
2942;5926;248916;Tidak Ada;2
2943;5926;248918;Tidak Ada;2
2944;117;4775;Tidak Ada;2
2945;5926;248920;Tidak Ada;2
2946;5926;248921;Tidak Ada;2
2947;117;4776;Tidak Ada;2
2948;5926;248922;Tidak Ada;2
2949;5926;248923;Tidak Ada;2
2950;117;4777;Tidak Ada;2
2951;5926;248926;Tidak Ada;2
2952;5926;248928;Tidak Ada;2
2953;5926;248929;Tidak Ada;2
2954;117;4778;Tidak Ada;2
2955;117;4779;Tidak Ada;2
2956;117;4780;Tidak Ada;2
2957;123;5209;Tidak Ada;2
2958;123;5210;Tidak Ada;2
2959;5816;244358;Tidak Ada;2
2960;5816;244360;Tidak Ada;2
2961;5816;244361;Tidak Ada;2
2962;5816;244362;Tidak Ada;2
2963;123;5211;Tidak Ada;2
2964;5816;244363;Tidak Ada;2
2965;5816;244364;Tidak Ada;2
2966;5816;244365;Tidak Ada;2
2967;5816;244366;Tidak Ada;2
2968;4;138;Tidak Ada;2
2969;5816;244367;Tidak Ada;2
2970;123;5212;Tidak Ada;2
2971;5816;244368;Tidak Ada;2
2972;4;139;tertua;2
2973;5816;244338;Tidak Ada;2
2974;123;5213;Tidak Ada;2
2975;5816;244339;Tidak Ada;2
2976;5816;244340;Tidak Ada;2
2977;123;5214;Tidak Ada;2
2978;5816;244341;Tidak Ada;2
2979;4;140;Tidak Ada;2
2980;4;141;Beritagar.id;2
2981;5919;248636;Tidak Ada;2
2982;123;5215;Tidak Ada;2
2983;5816;244342;Tidak Ada;2
2984;5919;248637;Tidak Ada;2
2985;5816;244343;Tidak Ada;2
2986;5919;248638;Tidak Ada;2
2987;123;5216;Tidak Ada;2
2988;5816;244344;Tidak Ada;2
2989;5816;244345;Tidak Ada;2
2990;123;5217;Night Bus;2
2991;5816;244346;Tidak Ada;2
2992;5816;244347;Tidak Ada;2
2993;123;5218;Pengabdi Setan;2
2994;5816;244348;Journal of Sleep Research;2
2995;123;5219;Tidak Ada;2
2996;5816;244349;Tidak Ada;2
2997;5816;244349;Tidak Ada;2
2998;123;5220;Tidak Ada;2
2999;4;142;Tidak Ada;2
3000;5816;244350;Tidak Ada;2
3001;5816;244351;Tidak Ada;2
3002;123;5221;Night Bus;2
3003;5816;244352;Tidak Ada;2
3004;5816;244353;Tidak Ada;2
3005;123;5222;Tidak Ada;2
3006;5816;244354;Tidak Ada;2
3007;123;5223;Tidak Ada;2
3008;5816;244355;Tidak Ada;2
3009;5816;244356;Tidak Ada;2
3010;5816;244357;Tidak Ada;2
3011;123;5224;Tidak Ada;2
3012;123;5225;Tidak Ada;2
3013;123;5226;Tidak Ada;2
3014;123;5227;cerita pendek berjudul Selamat pada 2011;2
3015;123;5228;Tidak Ada;2
3016;123;5229;Tidak Ada;2
3017;123;5230;Tidak Ada;2
3018;123;5231;Night Bus;2
3019;123;5232;Night Bus;2
3020;123;5232;Night Bus;2
3021;123;5233;Night Bus Pictures;2
3022;123;5234;Tidak Ada;2
3023;123;5235;Tidak Ada;2
3024;123;5236;Tidak Ada;2
3025;123;5237;Kaninga Pictures;2
3026;123;5238;Tidak Ada;2
3027;123;5239;Marlina: The Murderer in Four Acts;2
3028;123;5239;Cinesurya Productions;2
3029;141;5986;Tidak Ada;2
3030;5952;249851;Tidak Ada;2
3031;5953;249904;Tidak Ada;2
3032;5854;246119;Tidak Ada;2
3033;5854;246120;Tidak Ada;2
3034;5854;246121;Tidak Ada;2
3035;5854;246122;Tidak Ada;2
3036;5854;246123;Sotong pangkong;2
3037;45;2100;Tidak Ada;2
3038;5854;246124;Tidak Ada;2
3039;45;2101;Tidak Ada;2
3040;5854;246125;sotong pangkong;2
3041;5854;246126;Sotong pangkong;2
3042;45;2102;Tidak Ada;2
3043;5854;246127;Tidak Ada;2
3044;5854;246128;Sotong pangkong;2
3045;5854;246129;Tidak Ada;2
3046;5854;246130;Sotong pangkong;2
3047;45;2103;Tidak Ada;2
3048;5854;246131;Tidak Ada;2
3049;45;2104;Tidak Ada;2
3050;5854;246132;Tidak Ada;2
3051;45;2105;Tidak Ada;2
3052;5854;246133;Tidak Ada;2
3053;5854;246134;Tidak Ada;2
3054;45;2106;OpenHydro Open-Centre Turbine;2
3055;5854;246135;sotong pangkong;2
3056;45;2107;Tidak Ada;2
3057;5854;246136;Tidak Ada;2
3058;5854;246137;Tidak Ada;2
3059;5854;246138;Tidak Ada;2
3060;5854;246139;Sotong pangkong;2
3061;5854;246140;sotong pangkong;2
3062;5854;246141;Tidak Ada;2
3063;5955;250031;Tidak Ada;2
3064;5955;250031;Tidak Ada;2
3065;5854;246142;Tidak Ada;2
3066;45;2108;Tidak Ada;2
3067;5955;250032;Tidak Ada;2
3068;5854;246143;Tidak Ada;2
3069;5955;250032;Tidak Ada;2
3070;45;2109;Tidak Ada;2
3071;5854;246144;sotong pangkong;2
3072;5955;250033;Tidak Ada;2
3073;5955;250034;Tidak Ada;2
3074;5854;246145;Tidak Ada;2
3075;5961;250257;Tidak Ada;2
3076;5854;246146;Sotong pangkong;2
3077;5854;246146;ikan asam pedas;2
3078;5854;246146;paceri nanas;2
3079;5854;246146;sayur keladi;2
3080;5854;246146;Tidak Ada;2
3081;5961;250258;Tidak Ada;2
3082;5854;246147;sotong pangkong;2
3083;5854;246148;sotong pangkong;2
3084;45;2110;Tidak Ada;2
3085;5961;250259;Tidak Ada;2
3086;5854;246149;sotong pangkong;2
3087;5854;246150;Tidak Ada;2
3088;5961;250260;Tidak Ada;2
3089;5854;246151;Sotong pangkong;2
3090;5961;250261;Tidak Ada;2
3091;5961;250264;Tidak Ada;2
3092;5854;246152;Tidak Ada;2
3093;5854;246153;Sotong pangkong;2
3094;5961;250265;Tidak Ada;2
3095;5854;246154;Tidak Ada;2
3096;5854;246155;ikan asam pedas;2
3097;5854;246155;Sotong pangkong;2
3098;5961;250227;Tidak Ada;2
3099;5854;246156;ikan asam pedas;2
3100;5961;250228;Tidak Ada;2
3101;5854;246157;Ikan asam pedas;2
3102;5961;250229;Tidak Ada;2
3103;5854;246158;Tidak Ada;2
3104;5961;250230;Tidak Ada;2
3105;5854;246159;Tidak Ada;2
3106;5961;250231;Tidak Ada;2
3107;5961;250232;Tidak Ada;2
3108;5854;246160;Tidak Ada;2
3109;5854;246161;Tidak Ada;2
3110;5961;250233;Tidak Ada;2
3111;5854;246162;bubur pedas;2
3112;5961;250234;Tidak Ada;2
3113;5854;246163;Tidak Ada;2
3114;5854;246164;Tidak Ada;2
3115;5854;246165;Tidak Ada;2
3116;5961;250237;Tidak Ada;2
3117;5854;246166;Tidak Ada;2
3118;5854;246167;Tidak Ada;2
3119;5854;246168;Tidak Ada;2
3120;5854;246169;Tidak Ada;2
3121;5854;246170;Tidak Ada;2
3122;5854;246171;Tidak Ada;2
3123;5961;250238;Tidak Ada;2
3124;5961;250239;Tidak Ada;2
3125;123;5240;Tidak Ada;2
3126;123;5241;Tidak Ada;2
3127;123;5242;Tidak Ada;2
3128;123;5243;Tidak Ada;2
3129;123;5244;Kartini;2
3130;123;5244;Cek Toko Sebelah;2
3131;123;5244;Pengabdi Setan;2
3132;123;5245;Posesif;2
3133;123;5245;Night Bus;2
3134;123;5246;Tidak Ada;2
3135;123;5247;Tidak Ada;2
3136;123;5248;Tidak Ada;2
3137;123;5249;Tidak Ada;2
3138;123;5250;Tidak Ada;2
3139;123;5251;Tidak Ada;2
3140;123;5252;Night Bus;2
3141;123;5253;Tidak Ada;2
3142;123;5254;Tidak Ada;2
3143;123;5255;Tidak Ada;2
3144;123;5256;Tidak Ada;2
3145;123;5257;Tidak Ada;2
3146;123;5258;Tidak Ada;2
3147;123;5259;Tidak Ada;2
3148;123;5260;Tidak Ada;2
3149;123;5261;Tidak Ada;2
3150;123;5262;Night Bus;2
3151;136;5720;Tidak Ada;2
3152;136;5721;Tidak Ada;2
3153;136;5722;AMI Awards 2017;2
3154;136;5723;Tidak Ada;2
3155;136;5724;Tidak Ada;2
3156;136;5725;Tidak Ada;2
3157;136;5726;Tidak Ada;2
3158;136;5727;Tidak Ada;2
3159;136;5728;Tidak Ada;2
3160;136;5729;Tidak Ada;2
3161;136;5730;album Monokrom;2
3162;136;5731;Monokrom;2
3163;136;5732;Monokrom;2
3164;136;5733;video klip Pamit;2
3165;5813;244251;tiket;2
3166;5813;244254;Tidak Ada;2
3167;5813;244255;Tidak Ada;2
3168;5813;244256;Tidak Ada;2
3169;5813;244257;tiket Piala AFF;2
3170;5813;244260;Tidak Ada;2
3171;5813;244219;tiket Asian Games 2018;2
3172;5813;244220;Tidak Ada;2
3173;5813;244221;Tidak Ada;2
3174;5813;244224;tiket Asian Games 2018;2
3175;5813;244225;Tidak Ada;2
3176;5813;244226;Tidak Ada;2
3177;4;143;Tidak Ada;2
3179;5813;244228;tiket;2
3180;5813;244229;e-ticket;2
3181;5813;244230;Tidak Ada;2
3182;5813;244232;Tidak Ada;2
3183;5813;244234;Tidak Ada;2
3184;5813;244235;Tidak Ada;2
3185;5813;244236;Tidak Ada;2
3186;5813;244237;e-voucher tiket;2
3187;5813;244239;Tidak Ada;2
3188;5813;244242;Tidak Ada;2
3189;5813;244243;Tidak Ada;2
3190;5813;244244;e-voucher;2
3191;5813;244249;tiket;2
3192;5813;244250;Tidak Ada;2
3193;5848;245921;Tidak Ada;2
3194;5848;245922;Tidak Ada;2
3195;5848;245923;Tidak Ada;2
3196;5848;245926;Tidak Ada;2
3197;5848;245899;Tidak Ada;2
3198;5848;245900;Tidak Ada;2
3199;5848;245901;Tidak Ada;2
3200;5848;245902;Tidak Ada;2
3201;5848;245903;Tidak Ada;2
3202;5848;245904;aplikasi chat;2
3203;5848;245904;ponsel pintar;2
3204;222;9470;Tidak Ada;2
3205;222;9471;Tidak Ada;2
3206;222;9472;Tidak Ada;2
3207;222;9473;Tidak Ada;2
3208;222;9474;Tidak Ada;2
3209;222;9475;Tidak Ada;2
3210;222;9476;Tidak Ada;2
3211;222;9477;Tidak Ada;2
3212;222;9478;Tidak Ada;2
3213;222;9479;Tidak Ada;2
3214;222;9480;Tidak Ada;2
3215;222;9481;Tidak Ada;2
3216;222;9482;Tidak Ada;2
3217;222;9483;Tidak Ada;2
3218;222;9484;Tidak Ada;2
3219;222;9485;Tidak Ada;2
3220;222;9486;Tidak Ada;2
3221;222;9487;Tidak Ada;2
3222;222;9488;Tidak Ada;2
3223;255;11065;Tidak Ada;2
3224;255;11067;Tidak Ada;2
3225;255;11068;Tidak Ada;2
3226;255;11069;Tidak Ada;2
3227;255;11070;Tidak Ada;2
3228;255;11071;Tidak Ada;2
3229;255;11072;Tidak Ada;2
3230;255;11073;Tidak Ada;2
3231;255;11020;Tidak Ada;2
3232;255;11021;Tidak Ada;2
3233;255;11023;Tidak Ada;2
3234;255;11024;Tidak Ada;2
3235;255;11025;Tidak Ada;2
3236;255;11026;Tidak Ada;2
3237;255;11027;Tidak Ada;2
3238;255;11028;Tidak Ada;2
3239;255;11029;Tidak Ada;2
3240;255;11030;Tidak Ada;2
3241;255;11031;Tidak Ada;2
3242;255;11032;Tidak Ada;2
3243;255;11033;Tidak Ada;2
3244;255;11036;Tidak Ada;2
3245;255;11037;Tidak Ada;2
3246;255;11038;Tidak Ada;2
3247;255;11039;Tidak Ada;2
3248;255;11041;Tidak Ada;2
3249;255;11042;Tidak Ada;2
3250;255;11044;Tidak Ada;2
3251;255;11045;Tidak Ada;2
3252;255;11046;Tidak Ada;2
3253;255;11047;Tidak Ada;2
3254;255;11048;Tidak Ada;2
3255;255;11050;Tidak Ada;2
