id_money;id_berita;id_kalimat;money;isValid
1;15;590;Tidak Ada;1
2;15;579;Tidak Ada;1
3;15;580;Tidak Ada;1
4;15;581;Rp20.927;1
5;15;583;Rp17.218;1
6;15;583;Rp15.650;1
7;15;583;Rp15.311;1
8;15;587;Rp353;1
9;15;588;Rp627;1
10;15;588;Rp1.249;1
11;15;590;murah,;0
12;3;92;Tidak Ada;1
13;3;93;Tidak Ada;1
14;3;94;Tidak Ada;1
15;15;579;Tidak Ada;1
16;3;95;Tidak Ada;1
17;3;96;Tidak Ada;1
18;3;97;Tidak Ada;1
19;15;590;Tidak Ada;1
20;15;579;Tidak Ada;1
21;15;580;Tidak Ada;1
22;15;581;Rp20.927;1
23;15;583;Rp17.218;1
24;15;583;Rp15.650;1
25;15;583;Rp15.311;1
26;15;587;Rp353;1
27;15;588;Rp627;1
28;15;588;Rp1.249;1
29;3;92;Tidak Ada;1
30;3;93;Tidak Ada;1
31;3;94;Tidak Ada;1
32;3;95;Tidak Ada;1
33;3;96;Tidak Ada;1
34;3;97;Tidak Ada;1
35;23;851;Tidak Ada;1
36;3;98;Tidak Ada;1
37;3;99;Tidak Ada;1
38;3;100;Tidak Ada;1
39;3;101;Tidak Ada;2
40;3;102;Tidak Ada;1
41;3;103;Tidak Ada;1
42;3;104;Tidak Ada;1
43;3;105;Tidak Ada;1
44;15;590;Tidak Ada;1
45;3;106;Tidak Ada;1
46;15;579;Tidak Ada;1
47;15;580;Tidak Ada;1
48;15;581;Rp20.927;1
49;3;107;Tidak Ada;1
50;3;108;Tidak Ada;1
51;15;583;Rp17.218;1
52;15;583;Rp15.650;1
53;15;583;Rp15.311;1
54;3;109;Rp50 juta;1
55;15;587;Rp353;1
56;3;110;Tidak Ada;1
57;15;588;Rp627;1
58;15;588;Rp1.249;1
59;15;588;Tidak Ada;0
60;3;111;Tidak Ada;1
61;3;92;Tidak Ada;1
62;3;112;Tidak Ada;1
63;3;113;Tidak Ada;1
64;3;114;Tidak Ada;1
65;3;115;Tidak Ada;2
66;3;116;Tidak Ada;1
67;3;117;Tidak Ada;1
68;3;118;Tidak Ada;1
69;109;4445;Tidak Ada;1
70;109;4446;Tidak Ada;1
71;109;4447;Tidak Ada;1
72;21;777;Tidak Ada;1
73;21;778;Tidak Ada;1
74;21;779;Tidak Ada;1
75;21;780;Tidak Ada;1
76;21;781;Tidak Ada;1
77;21;782;Tidak Ada;1
78;21;783;Tidak Ada;1
79;21;784;Tidak Ada;1
80;21;785;Tidak Ada;1
81;21;786;Tidak Ada;1
82;21;787;Tidak Ada;1
83;21;788;Tidak Ada;1
84;21;789;Tidak Ada;1
85;21;790;Tidak Ada;1
86;21;791;Tidak Ada;1
87;21;792;Tidak Ada;1
88;21;793;Tidak Ada;1
89;21;794;Tidak Ada;1
90;21;795;Tidak Ada;1
91;21;796;Tidak Ada;1
92;21;797;Tidak Ada;1
93;21;798;Tidak Ada;1
94;21;799;Tidak Ada;1
95;21;800;Tidak Ada;1
96;21;801;Tidak Ada;1
97;21;802;Tidak Ada;1
98;23;852;Tidak Ada;1
99;23;853;Tidak Ada;1
100;23;854;Tidak Ada;1
101;23;855;Tidak Ada;1
102;23;856;Tidak Ada;1
103;23;857;Tidak Ada;1
104;23;858;Tidak Ada;1
105;23;859;Tidak Ada;1
106;23;860;Tidak Ada;1
107;109;4445;Tidak Ada;1
108;109;4446;Tidak Ada;1
109;109;4447;Tidak Ada;1
110;109;4448;Tidak Ada;1
111;109;4449;Tidak Ada;1
112;109;4450;Tidak Ada;1
113;23;861;Tidak Ada;1
114;109;4451;Tidak Ada;1
115;109;4452;Tidak Ada;1
116;109;4453;Tidak Ada;1
117;23;862;Tidak Ada;1
118;23;863;Tidak Ada;1
119;23;864;Tidak Ada;1
120;23;865;Tidak Ada;1
121;23;866;Tidak Ada;1
122;23;867;Tidak Ada;1
123;23;868;Tidak Ada;1
124;23;869;Tidak Ada;1
125;35;1566;Tidak Ada;1
126;35;1567;Tidak Ada;1
127;35;1568;Tidak Ada;1
128;35;1569;Tidak Ada;1
129;197;8572;Tidak Ada;1
130;22;842;Tidak Ada;1
131;22;843;Tidak Ada;1
132;22;844;Tidak Ada;1
133;22;845;Tidak Ada;1
134;22;846;Tidak Ada;1
135;23;870;Tidak Ada;1
136;197;8572;Tidak Ada;1
137;197;8573;Tidak Ada;1
138;197;8574;Tidak Ada;1
139;23;871;Tidak Ada;1
140;23;872;Tidak Ada;1
141;197;8575;Tidak Ada;1
142;197;8578;Tidak Ada;1
143;197;8579;Tidak Ada;1
144;197;8580;Tidak Ada;1
145;197;8581;Tidak Ada;1
146;22;847;Tidak Ada;1
147;23;873;Tidak Ada;1
148;22;848;Tidak Ada;1
149;22;849;Tidak Ada;1
150;100;4134;Tidak Ada;1
151;23;874;Tidak Ada;1
152;22;850;Tidak Ada;1
153;199;8666;Tidak Ada;1
154;199;8667;Tidak Ada;1
155;199;8668;Tidak Ada;1
156;199;8669;Tidak Ada;1
157;199;8670;Tidak Ada;1
158;199;8671;Tidak Ada;1
159;199;8672;Tidak Ada;1
160;199;8673;Tidak Ada;1
161;199;8674;Tidak Ada;1
162;199;8675;Tidak Ada;1
163;199;8676;Tidak Ada;1
164;199;8677;Tidak Ada;1
165;22;810;Tidak Ada;1
166;199;8678;Tidak Ada;1
167;199;8679;Tidak Ada;1
168;199;8680;Tidak Ada;1
169;199;8681;Tidak Ada;1
170;199;8682;Tidak Ada;1
171;199;8683;Tidak Ada;1
172;199;8684;Tidak Ada;1
173;199;8685;Tidak Ada;1
174;199;8686;Tidak Ada;1
175;199;8687;Tidak Ada;1
176;199;8688;Tidak Ada;1
177;199;8689;Tidak Ada;1
178;199;8690;Tidak Ada;1
179;199;8691;Tidak Ada;1
180;199;8692;Tidak Ada;1
181;199;8693;Tidak Ada;1
182;199;8694;Tidak Ada;1
183;199;8695;Tidak Ada;1
184;22;811;Tidak Ada;1
185;199;8696;Tidak Ada;1
186;22;812;Tidak Ada;1
187;22;813;Tidak Ada;1
188;199;8697;Tidak Ada;1
189;199;8698;Tidak Ada;2
190;22;814;Tidak Ada;1
191;199;8699;Tidak Ada;2
192;199;8700;Tidak Ada;2
193;199;8701;Tidak Ada;2
194;199;8702;Tidak Ada;2
195;199;8703;Tidak Ada;2
196;199;8704;Tidak Ada;2
197;22;815;Tidak Ada;2
198;199;8705;Tidak Ada;2
199;199;8706;Tidak Ada;2
200;199;8707;Tidak Ada;2
201;199;8708;Tidak Ada;2
202;199;8709;Tidak Ada;2
203;199;8710;Tidak Ada;2
204;199;8711;Tidak Ada;2
205;199;8712;Tidak Ada;2
206;199;8713;Tidak Ada;2
207;22;816;Tidak Ada;2
208;199;8714;Tidak Ada;2
209;22;817;Tidak Ada;2
210;199;8715;Tidak Ada;2
211;199;8716;Tidak Ada;2
212;199;8717;Tidak Ada;2
213;199;8718;Tidak Ada;2
214;199;8719;Tidak Ada;2
215;199;8720;Tidak Ada;2
216;199;8721;Tidak Ada;2
217;199;8722;Tidak Ada;2
218;199;8723;Tidak Ada;2
219;199;8724;Tidak Ada;2
220;199;8725;Tidak Ada;2
221;199;8726;Tidak Ada;2
222;199;8727;Tidak Ada;2
223;215;9293;Tidak Ada;2
224;22;818;Tidak Ada;2
225;22;819;Tidak Ada;2
226;199;8666;Tidak Ada;2
227;199;8667;Tidak Ada;2
228;199;8668;Tidak Ada;2
229;199;8669;Tidak Ada;2
230;215;9263;Tidak Ada;2
231;199;8670;Tidak Ada;2
232;199;8670;Tidak Ada;2
233;215;9264;Tidak Ada;2
234;199;8671;Tidak Ada;2
235;199;8672;Tidak Ada;2
236;199;8673;Tidak Ada;2
237;199;8674;Tidak Ada;2
238;199;8675;Tidak Ada;2
239;215;9265;Tidak Ada;2
240;199;8676;Tidak Ada;2
241;215;9266;Tidak Ada;2
242;215;9267;Tidak Ada;2
243;199;8677;Tidak Ada;2
244;199;8678;Tidak Ada;2
245;215;9268;Tidak Ada;2
246;215;9269;Tidak Ada;2
247;215;9270;Tidak Ada;2
248;199;8679;Tidak Ada;2
249;215;9271;Tidak Ada;2
250;215;9272;Tidak Ada;2
251;199;8680;Tidak Ada;2
252;215;9273;Tidak Ada;2
253;199;8681;Tidak Ada;2
254;215;9274;Tidak Ada;2
255;199;8682;Tidak Ada;2
256;215;9275;Tidak Ada;2
257;21;803;Tidak Ada;2
258;21;804;Tidak Ada;2
259;21;805;Tidak Ada;2
260;21;806;Tidak Ada;2
261;21;807;Tidak Ada;2
262;21;808;Tidak Ada;2
263;21;809;Tidak Ada;2
264;179;7695;Tidak Ada;2
265;179;7696;Tidak Ada;2
266;179;7697;Tidak Ada;2
267;179;7698;Tidak Ada;2
268;179;7699;Tidak Ada;2
269;179;7700;Tidak Ada;2
270;179;7701;Tidak Ada;2
271;179;7702;Tidak Ada;2
272;179;7703;Tidak Ada;2
273;179;7704;Tidak Ada;2
274;179;7705;Tidak Ada;2
275;179;7706;Tidak Ada;2
276;215;9276;Tidak Ada;2
277;179;7707;Tidak Ada;2
278;179;7708;Tidak Ada;2
279;215;9277;Tidak Ada;2
280;215;9278;Tidak Ada;2
281;215;9280;Tidak Ada;2
282;179;7709;Tidak Ada;2
283;179;7710;Tidak Ada;2
284;179;7711;Tidak Ada;2
285;179;7712;Tidak Ada;2
286;179;7713;Tidak Ada;2
287;179;7714;Tidak Ada;2
288;179;7715;Tidak Ada;2
289;179;7716;Tidak Ada;2
290;179;7717;Tidak Ada;2
291;179;7718;Tidak Ada;2
292;179;7719;Tidak Ada;2
293;179;7720;Tidak Ada;2
294;3;98;Tidak Ada;2
295;3;99;Tidak Ada;2
296;179;7721;Tidak Ada;2
297;179;7722;Tidak Ada;2
298;179;7723;Tidak Ada;2
299;179;7724;Tidak Ada;2
300;179;7725;Tidak Ada;2
301;179;7726;Tidak Ada;2
302;179;7727;Tidak Ada;2
303;179;7728;Tidak Ada;2
304;179;7729;Tidak Ada;2
305;179;7730;Tidak Ada;2
306;179;7731;Tidak Ada;2
307;179;7732;Tidak Ada;2
308;179;7733;Tidak Ada;2
309;179;7734;Tidak Ada;2
310;179;7735;Tidak Ada;2
311;179;7736;Tidak Ada;2
312;179;7737;Tidak Ada;2
313;179;7738;Tidak Ada;2
314;179;7739;Tidak Ada;2
315;179;7740;Tidak Ada;2
316;197;8582;Tidak Ada;2
317;197;8583;Tidak Ada;2
318;197;8584;Tidak Ada;2
319;197;8585;Tidak Ada;2
320;197;8586;Tidak Ada;2
321;197;8587;Tidak Ada;2
322;197;8588;Tidak Ada;2
323;197;8589;Tidak Ada;2
324;100;4135;Tidak Ada;2
325;197;8590;Tidak Ada;2
326;197;8591;Tidak Ada;2
327;197;8592;Tidak Ada;2
328;197;8593;Tidak Ada;2
329;22;820;Tidak Ada;2
330;197;8594;Tidak Ada;2
331;22;821;Tidak Ada;2
332;197;8595;Tidak Ada;2
333;197;8596;Rp5 ribu;2
334;197;8596;Rp50 ribu;2
335;197;8597;Tidak Ada;2
336;197;8598;Tidak Ada;2
337;197;8599;Tidak Ada;2
338;197;8600;Tidak Ada;2
339;197;8601;Tidak Ada;2
340;197;8602;Tidak Ada;2
341;197;8603;Tidak Ada;2
342;197;8604;Tidak Ada;2
343;197;8605;Tidak Ada;2
344;197;8606;Tidak Ada;2
345;197;8607;Tidak Ada;2
346;206;8948;Tidak Ada;2
347;206;8949;Tidak Ada;2
348;206;8950;Tidak Ada;2
349;206;8951;Tidak Ada;2
350;206;8952;Tidak Ada;2
351;195;8538;Tidak Ada;2
352;206;8953;Tidak Ada;2
353;206;8957;Tidak Ada;2
354;22;823;Tidak Ada;2
355;195;8539;Tidak Ada;2
356;195;8540;Tidak Ada;2
357;206;8958;Tidak Ada;2
358;206;8959;Tidak Ada;2
359;206;8960;Tidak Ada;2
360;206;8961;Tidak Ada;2
361;195;8541;Tidak Ada;2
362;206;8962;Tidak Ada;2
363;195;8506;Tidak Ada;2
364;195;8507;Tidak Ada;2
365;206;8963;Tidak Ada;2
366;195;8508;Tidak Ada;2
367;195;8509;Tidak Ada;2
368;195;8510;Tidak Ada;2
369;195;8511;Tidak Ada;2
370;206;8964;Tidak Ada;2
371;206;8965;Tidak Ada;2
372;195;8512;Tidak Ada;2
373;30;1362;Tidak Ada;2
374;195;8513;Tidak Ada;2
375;195;8514;Tidak Ada;2
376;206;8966;Tidak Ada;2
377;30;1363;Tidak Ada;2
378;195;8515;Tidak Ada;2
379;30;1364;Tidak Ada;2
380;206;8967;Tidak Ada;2
381;30;1365;Tidak Ada;2
382;206;8968;Tidak Ada;2
383;195;8516;Tidak Ada;2
384;195;8517;Tidak Ada;2
385;30;1366;Tidak Ada;2
386;195;8518;Tidak Ada;2
387;22;824;Tidak Ada;2
388;195;8519;Tidak Ada;2
389;30;1367;Tidak Ada;2
390;206;8969;Tidak Ada;2
391;195;8520;Tidak Ada;2
392;30;1368;Tidak Ada;2
393;195;8521;Tidak Ada;2
394;206;8970;Tidak Ada;2
395;30;1369;Tidak Ada;2
396;195;8522;Tidak Ada;2
397;206;8971;Tidak Ada;2
398;195;8523;Tidak Ada;2
399;206;8972;Tidak Ada;2
400;206;8973;Tidak Ada;2
401;22;825;Tidak Ada;2
402;195;8524;Tidak Ada;2
403;30;1370;Tidak Ada;2
404;195;8525;Tidak Ada;2
405;30;1371;Tidak Ada;2
406;195;8526;Tidak Ada;2
407;206;8974;Tidak Ada;2
408;195;8527;Tidak Ada;2
409;195;8529;Tidak Ada;2
410;195;8531;Tidak Ada;2
411;195;8532;Tidak Ada;2
412;30;1372;Tidak Ada;2
413;195;8533;Tidak Ada;2
414;206;8975;Tidak Ada;2
415;195;8534;Tidak Ada;2
416;195;8535;Tidak Ada;2
417;30;1373;Tidak Ada;2
418;30;1374;Tidak Ada;2
419;206;8976;Tidak Ada;2
420;195;8536;Tidak Ada;2
421;195;8537;Tidak Ada;2
422;206;8977;Tidak Ada;2
423;188;8169;Tidak Ada;2
424;30;1375;Tidak Ada;2
425;188;8170;Tidak Ada;2
426;30;1376;Tidak Ada;2
427;188;8171;Tidak Ada;2
428;30;1377;Tidak Ada;2
429;206;8978;Rp5.;2
430;30;1378;Tidak Ada;2
431;188;8172;Tidak Ada;2
432;206;8979;Tidak Ada;2
433;30;1379;Tidak Ada;2
434;188;8173;Tidak Ada;2
435;188;8149;Tidak Ada;2
436;30;1380;Tidak Ada;2
437;206;8980;Tidak Ada;2
438;30;1381;Tidak Ada;2
439;30;1382;Tidak Ada;2
440;206;8981;Tidak Ada;2
441;206;8982;Tidak Ada;2
442;30;1383;Tidak Ada;2
443;100;4136;Tidak Ada;2
444;30;1384;Tidak Ada;2
445;206;8983;Tidak Ada;2
446;30;1385;Tidak Ada;2
447;188;8150;Tidak Ada;2
448;30;1386;Tidak Ada;2
449;206;8984;Tidak Ada;2
450;206;8985;Tidak Ada;2
451;30;1387;Tidak Ada;2
452;206;8986;Tidak Ada;2
453;188;8151;Tidak Ada;2
454;188;8152;Tidak Ada;2
455;217;9323;Tidak Ada;2
456;30;1388;Tidak Ada;2
457;188;8153;Tidak Ada;2
458;22;826;Tidak Ada;2
459;30;1389;Tidak Ada;2
460;217;9324;Tidak Ada;2
461;188;8154;Tidak Ada;2
462;188;8155;Tidak Ada;2
463;217;9325;Tidak Ada;2
464;30;1390;Tidak Ada;2
465;30;1391;Tidak Ada;2
466;217;9326;Tidak Ada;2
467;188;8156;Tidak Ada;2
468;217;9327;Tidak Ada;2
469;188;8157;Tidak Ada;2
470;217;9328;Tidak Ada;2
471;30;1392;Tidak Ada;2
472;188;8158;Tidak Ada;2
473;217;9330;Tidak Ada;2
474;188;8159;Tidak Ada;2
475;188;8160;Tidak Ada;2
476;30;1393;Tidak Ada;2
477;188;8161;Tidak Ada;2
478;188;8162;Tidak Ada;2
479;188;8163;Tidak Ada;2
480;188;8164;Tidak Ada;2
481;188;8165;Tidak Ada;2
482;188;8166;Tidak Ada;2
483;188;8167;Tidak Ada;2
484;188;8168;Tidak Ada;2
485;30;1394;Tidak Ada;2
486;30;1395;Tidak Ada;2
487;210;9099;Tidak Ada;2
488;210;9108;Tidak Ada;2
489;210;9079;Tidak Ada;2
490;210;9080;Tidak Ada;2
491;30;1396;Tidak Ada;2
492;210;9081;Tidak Ada;2
493;210;9082;Tidak Ada;2
494;30;1397;Tidak Ada;2
495;210;9083;Tidak Ada;2
496;30;1398;Tidak Ada;2
497;30;1399;Tidak Ada;2
498;210;9084;Tidak Ada;2
499;210;9085;Tidak Ada;2
500;210;9086;Tidak Ada;2
501;30;1400;Tidak Ada;2
502;30;1401;Tidak Ada;2
503;210;9087;Tidak Ada;2
504;30;1402;Tidak Ada;2
505;45;2090;Tidak Ada;2
506;45;2091;Tidak Ada;2
507;45;2092;Tidak Ada;2
508;45;2094;Tidak Ada;2
509;45;2095;Tidak Ada;2
510;45;2096;Tidak Ada;2
511;45;2097;Tidak Ada;2
512;45;2098;Tidak Ada;2
513;45;2099;Tidak Ada;2
514;215;9281;Tidak Ada;2
515;215;9282;Tidak Ada;2
516;215;9283;Tidak Ada;2
517;215;9284;Tidak Ada;2
518;215;9285;Tidak Ada;2
519;215;9286;Tidak Ada;2
520;215;9287;Tidak Ada;2
521;215;9288;Tidak Ada;2
522;215;9290;Tidak Ada;2
523;215;9291;Tidak Ada;2
524;211;9109;Tidak Ada;2
525;211;9110;Tidak Ada;2
526;211;9111;Tidak Ada;2
527;211;9112;Tidak Ada;2
528;211;9113;Tidak Ada;2
529;211;9114;Tidak Ada;2
530;211;9115;Tidak Ada;2
531;211;9116;Tidak Ada;2
532;211;9117;Tidak Ada;2
533;211;9118;Tidak Ada;2
534;211;9119;Tidak Ada;2
535;211;9120;Tidak Ada;2
536;211;9121;Tidak Ada;2
537;211;9122;Tidak Ada;2
538;211;9123;Tidak Ada;2
539;211;9124;Tidak Ada;2
540;211;9125;Tidak Ada;2
541;211;9126;Tidak Ada;2
542;211;9127;Tidak Ada;2
543;211;9128;Tidak Ada;2
544;211;9129;Tidak Ada;2
545;211;9130;Tidak Ada;2
546;211;9131;Tidak Ada;2
547;211;9132;Tidak Ada;2
548;211;9133;Tidak Ada;2
549;211;9134;Tidak Ada;2
550;211;9135;Tidak Ada;2
551;211;9136;Tidak Ada;2
552;211;9137;Tidak Ada;2
553;211;9138;Tidak Ada;2
554;211;9139;Tidak Ada;2
555;211;9140;Tidak Ada;2
556;211;9141;Tidak Ada;2
557;211;9142;Tidak Ada;2
558;211;9143;Tidak Ada;2
559;211;9144;Tidak Ada;2
560;211;9145;Tidak Ada;2
561;211;9146;Tidak Ada;2
562;211;9147;Tidak Ada;2
563;285;12272;Tidak Ada;2
564;285;12273;Tidak Ada;2
565;285;12274;Tidak Ada;2
566;285;12277;Tidak Ada;2
567;285;12278;Tidak Ada;2
568;285;12279;Tidak Ada;2
569;285;12280;Tidak Ada;2
570;23;851;Tidak Ada;2
571;23;852;Tidak Ada;2
572;23;853;Tidak Ada;2
573;23;854;Tidak Ada;2
574;23;855;Tidak Ada;2
575;285;12255;Tidak Ada;2
576;23;856;Tidak Ada;2
577;199;8683;Tidak Ada;2
578;285;12256;Tidak Ada;2
579;285;12257;Tidak Ada;2
580;199;8684;Tidak Ada;2
581;23;857;Tidak Ada;2
582;23;858;Tidak Ada;2
583;285;12258;Tidak Ada;2
584;199;8685;Tidak Ada;2
585;23;859;Tidak Ada;2
586;285;12259;Tidak Ada;2
587;23;860;Tidak Ada;2
588;109;4454;Tidak Ada;2
589;199;8686;Tidak Ada;2
590;109;4455;Tidak Ada;2
591;285;12260;Tidak Ada;2
592;23;861;Tidak Ada;2
593;23;862;Tidak Ada;2
594;23;863;Tidak Ada;2
595;285;12261;Tidak Ada;2
596;285;12262;Tidak Ada;2
597;285;12263;Tidak Ada;2
598;285;12264;Tidak Ada;2
599;285;12265;Tidak Ada;2
600;285;12266;Tidak Ada;2
601;285;12267;Tidak Ada;2
602;285;12268;Tidak Ada;2
603;285;12269;Tidak Ada;2
604;285;12270;Tidak Ada;2
605;285;12271;Tidak Ada;2
606;310;13336;Tidak Ada;2
607;310;13299;Tidak Ada;2
608;310;13300;Tidak Ada;2
609;310;13301;Tidak Ada;2
610;310;13302;Tidak Ada;2
611;310;13303;Tidak Ada;2
612;310;13304;Tidak Ada;2
613;310;13305;Tidak Ada;2
614;310;13306;Tidak Ada;2
615;310;13307;Tidak Ada;2
616;310;13308;Tidak Ada;2
617;310;13309;Tidak Ada;2
618;310;13310;Tidak Ada;2
619;211;9148;Tidak Ada;2
620;310;13312;Tidak Ada;2
621;310;13312;Tidak Ada;2
622;211;9149;Tidak Ada;2
623;109;4456;Tidak Ada;2
624;211;9150;Tidak Ada;2
625;240;10479;Tidak Ada;2
626;310;13313;Tidak Ada;2
627;109;4457;Tidak Ada;2
628;15;579;Tidak Ada;2
629;35;1570;Tidak Ada;2
630;310;13314;Tidak Ada;2
631;310;13314;Tidak Ada;2
632;211;9151;Tidak Ada;2
633;240;10480;Tidak Ada;2
634;310;13315;Tidak Ada;2
635;310;13316;Tidak Ada;2
636;211;9152;Tidak Ada;2
637;240;10481;Tidak Ada;2
638;310;13317;Tidak Ada;2
639;199;8666;Tidak Ada;2
640;310;13318;Tidak Ada;2
641;109;4458;Tidak Ada;2
642;211;9153;Tidak Ada;2
643;310;13319;Tidak Ada;2
644;15;580;Tidak Ada;2
645;109;4459;Tidak Ada;2
646;211;9154;Tidak Ada;2
647;310;13321;Tidak Ada;2
648;211;9155;Tidak Ada;2
649;240;10482;Tidak Ada;2
650;310;13323;Tidak Ada;2
651;211;9156;Tidak Ada;2
652;199;8667;Tidak Ada;2
653;211;9157;Tidak Ada;2
654;211;9158;Tidak Ada;2
655;15;581;Rp20.927;2
656;15;581;Tidak Ada;2
657;310;13324;Tidak Ada;2
658;310;13324;Tidak Ada;2
659;109;4460;Tidak Ada;2
660;211;9159;Tidak Ada;2
661;211;9160;Tidak Ada;2
662;240;10483;Tidak Ada;2
663;310;13325;Tidak Ada;2
664;211;9161;Tidak Ada;2
665;310;13326;Tidak Ada;2
666;211;9162;Tidak Ada;2
667;240;10484;Tidak Ada;2
668;211;9163;Tidak Ada;2
669;211;9164;Tidak Ada;2
670;211;9165;Tidak Ada;2
671;310;13327;Tidak Ada;2
672;240;10485;Tidak Ada;2
673;211;9166;Tidak Ada;2
674;15;583;Rp17.218;2
675;15;583;Rp15.650;2
676;15;583;Rp15.311;2
677;211;9167;Tidak Ada;2
678;310;13328;Tidak Ada;2
679;240;10486;Tidak Ada;2
680;310;13329;Tidak Ada;2
681;211;9168;Tidak Ada;2
682;240;10487;Tidak Ada;2
683;211;9169;Tidak Ada;2
684;15;587;Rp353;2
685;15;587;Tidak Ada;2
686;109;4461;Tidak Ada;2
687;211;9170;Tidak Ada;2
688;310;13330;Tidak Ada;2
689;211;9171;Tidak Ada;2
690;240;10488;Tidak Ada;2
691;310;13331;Tidak Ada;2
692;211;9172;Tidak Ada;2
693;240;10489;Tidak Ada;2
694;15;588;(Rp627);2
695;15;588;(Rp1.249);2
696;310;13332;Tidak Ada;2
697;15;588;Tidak Ada;2
698;211;9173;Tidak Ada;2
699;211;9174;Tidak Ada;2
700;240;10490;Tidak Ada;2
701;3;92;Tidak Ada;2
702;310;13333;Tidak Ada;2
703;214;9233;Tidak Ada;2
704;240;10491;Tidak Ada;2
705;310;13334;Tidak Ada;2
706;240;10492;Tidak Ada;2
707;3;93;Tidak Ada;2
708;310;13335;Tidak Ada;2
709;3;94;Tidak Ada;2
710;3;95;Tidak Ada;2
711;292;12497;Tidak Ada;2
712;292;12497;Tidak Ada;2
713;292;12498;Tidak Ada;2
714;3;96;Tidak Ada;2
715;292;12499;Tidak Ada;2
716;292;12500;Tidak Ada;2
717;3;97;Tidak Ada;2
718;214;9234;Tidak Ada;2
719;292;12501;Tidak Ada;2
720;214;9235;Tidak Ada;2
721;23;851;Tidak Ada;2
722;3;98;Tidak Ada;2
723;292;12502;Tidak Ada;2
724;214;9236;Tidak Ada;2
725;214;9237;Tidak Ada;2
726;214;9238;Tidak Ada;2
727;292;12503;Tidak Ada;2
728;214;9239;Tidak Ada;2
729;3;99;Tidak Ada;2
730;214;9240;Tidak Ada;2
731;292;12504;Tidak Ada;2
732;214;9241;Tidak Ada;2
733;214;9242;Tidak Ada;2
734;292;12505;Tidak Ada;2
735;3;100;Tidak Ada;2
736;292;12506;Tidak Ada;2
737;214;9243;Tidak Ada;2
738;240;10493;Tidak Ada;2
739;292;12507;Tidak Ada;2
740;214;9244;Rp4,8 miliar;2
741;214;9244;Rp4,8 miliar;2
742;214;9244;Rp632 juta;2
743;292;12508;Tidak Ada;2
744;3;101;Tidak Ada;2
745;240;10494;Tidak Ada;2
746;214;9245;Tidak Ada;2
747;240;10495;Tidak Ada;2
748;292;12509;Tidak Ada;2
749;214;9246;Tidak Ada;2
750;214;9247;Tidak Ada;2
751;292;12510;Tidak Ada;2
752;214;9248;Tidak Ada;2
753;292;12511;Tidak Ada;2
754;214;9249;Tidak Ada;2
755;214;9250;Rp1;2
756;292;12512;Tidak Ada;2
757;214;9251;triliun;2
758;292;12513;Tidak Ada;2
759;214;9252;Tidak Ada;2
760;292;12514;Tidak Ada;2
761;214;9253;Tidak Ada;2
762;214;9254;Tidak Ada;2
763;292;12515;Tidak Ada;2
764;214;9255;Tidak Ada;2
765;292;12516;Tidak Ada;2
766;214;9256;Tidak Ada;2
767;214;9257;Tidak Ada;2
768;292;12517;Tidak Ada;2
769;214;9258;Tidak Ada;2
770;292;12518;Tidak Ada;2
771;214;9259;Tidak Ada;2
772;292;12519;Tidak Ada;2
773;214;9260;Tidak Ada;2
774;292;12520;Tidak Ada;2
775;292;12521;Tidak Ada;2
776;292;12522;Tidak Ada;2
777;292;12523;Tidak Ada;2
778;292;12524;Tidak Ada;2
779;292;12525;Tidak Ada;2
780;292;12526;Tidak Ada;2
781;292;12527;Tidak Ada;2
782;292;12527;Tidak Ada;2
783;292;12528;Tidak Ada;2
784;292;12529;Tidak Ada;2
785;292;12530;Tidak Ada;2
786;292;12531;Tidak Ada;2
787;292;12532;Tidak Ada;2
788;292;12532;Tidak Ada;2
789;292;12533;Tidak Ada;2
790;267;11612;Tidak Ada;2
791;267;11613;Tidak Ada;2
792;267;11614;Tidak Ada;2
793;267;11615;Tidak Ada;2
794;267;11616;Tidak Ada;2
795;27;1265;Tidak Ada;2
796;240;10496;Tidak Ada;2
797;240;10497;Tidak Ada;2
798;240;10498;Tidak Ada;2
799;240;10499;Tidak Ada;2
800;240;10500;Tidak Ada;2
801;240;10501;Tidak Ada;2
802;240;10502;Tidak Ada;2
803;240;10503;Tidak Ada;2
804;240;10504;Tidak Ada;2
805;240;10505;Tidak Ada;2
806;240;10506;Tidak Ada;2
807;240;10507;Tidak Ada;2
808;240;10508;Tidak Ada;2
809;240;10509;Tidak Ada;2
810;242;10538;Tidak Ada;2
811;100;4137;Tidak Ada;2
812;100;4138;Tidak Ada;2
813;100;4139;Tidak Ada;2
814;100;4140;Tidak Ada;2
815;100;4141;Tidak Ada;2
816;100;4142;Tidak Ada;2
817;100;4143;Tidak Ada;2
818;27;1266;Tidak Ada;2
819;100;4144;Tidak Ada;2
820;100;4145;Tidak Ada;2
821;100;4146;Tidak Ada;2
822;100;4147;Tidak Ada;2
823;100;4148;Tidak Ada;2
824;43;2049;Tidak Ada;2
825;214;9261;Tidak Ada;2
826;214;9262;Tidak Ada;2
827;219;9375;Tidak Ada;2
828;219;9376;Tidak Ada;2
829;219;9377;Tidak Ada;2
830;219;9378;Tidak Ada;2
831;219;9379;Tidak Ada;2
832;219;9380;Tidak Ada;2
833;219;9381;Tidak Ada;2
834;219;9382;Tidak Ada;2
835;219;9383;Tidak Ada;2
836;219;9384;Tidak Ada;2
837;219;9385;Tidak Ada;2
838;219;9386;Tidak Ada;2
839;219;9387;Tidak Ada;2
840;219;9388;Tidak Ada;2
841;219;9389;Tidak Ada;2
842;219;9390;Tidak Ada;2
843;219;9391;Tidak Ada;2
844;219;9392;Tidak Ada;2
845;219;9393;Tidak Ada;2
846;219;9394;Tidak Ada;2
847;219;9395;Tidak Ada;2
848;219;9396;Tidak Ada;2
849;219;9397;Tidak Ada;2
850;219;9398;Tidak Ada;2
851;219;9399;Tidak Ada;2
852;219;9400;Tidak Ada;2
853;219;9401;Tidak Ada;2
854;219;9402;Tidak Ada;2
855;219;9403;Tidak Ada;2
856;219;9404;Tidak Ada;2
857;219;9405;Tidak Ada;2
858;219;9406;Tidak Ada;2
859;219;9407;Tidak Ada;2
860;219;9408;Tidak Ada;2
861;35;1571;Tidak Ada;2
862;35;1572;Tidak Ada;2
863;35;1573;Tidak Ada;2
864;35;1574;Tidak Ada;2
865;22;827;Tidak Ada;2
866;22;828;Tidak Ada;2
867;22;829;Tidak Ada;2
868;22;831;Tidak Ada;2
869;22;832;Tidak Ada;2
870;22;833;Tidak Ada;2
871;100;4149;Tidak Ada;2
872;100;4150;Tidak Ada;2
873;100;4151;Tidak Ada;2
874;100;4152;Tidak Ada;2
875;100;4153;Tidak Ada;2
876;100;4154;Tidak Ada;2
877;100;4155;Tidak Ada;2
878;242;10539;Tidak Ada;2
879;100;4156;Tidak Ada;2
880;242;10540;Tidak Ada;2
881;242;10541;Tidak Ada;2
882;242;10542;Tidak Ada;2
883;22;834;Tidak Ada;2
884;22;835;Tidak Ada;2
885;242;10543;Tidak Ada;2
886;107;4367;Tidak Ada;2
887;242;10544;Tidak Ada;2
888;242;10545;Tidak Ada;2
889;107;4368;Tidak Ada;2
890;107;4369;Tidak Ada;2
891;107;4370;Tidak Ada;2
892;242;10546;Tidak Ada;2
893;242;10547;Tidak Ada;2
894;242;10548;Tidak Ada;2
895;242;10549;Tidak Ada;2
896;242;10550;Tidak Ada;2
897;242;10551;Tidak Ada;2
898;107;4371;Tidak Ada;2
899;242;10552;Tidak Ada;2
900;242;10553;Tidak Ada;2
901;107;4372;Tidak Ada;2
902;242;10554;Tidak Ada;2
903;242;10555;Tidak Ada;2
904;242;10556;Tidak Ada;2
905;107;4373;Tidak Ada;2
906;107;4374;Tidak Ada;2
907;107;4375;Tidak Ada;2
908;107;4376;Tidak Ada;2
909;107;4377;Tidak Ada;2
910;242;10557;Tidak Ada;2
911;242;10558;Tidak Ada;2
912;107;4378;Tidak Ada;2
913;107;4379;Tidak Ada;2
914;107;4380;Tidak Ada;2
915;107;4381;Tidak Ada;2
916;107;4382;Tidak Ada;2
917;107;4383;Tidak Ada;2
918;107;4384;Tidak Ada;2
919;107;4385;Tidak Ada;2
920;22;836;Tidak Ada;2
921;107;4386;Tidak Ada;2
922;107;4387;Tidak Ada;2
923;22;837;Tidak Ada;2
924;107;4388;Tidak Ada;2
925;107;4389;Tidak Ada;2
926;107;4390;Tidak Ada;2
927;107;4391;Tidak Ada;2
928;22;838;Tidak Ada;2
929;22;839;Tidak Ada;2
930;107;4392;Tidak Ada;2
931;107;4393;Tidak Ada;2
932;107;4394;Tidak Ada;2
933;107;4395;Tidak Ada;2
934;107;4396;Tidak Ada;2
935;107;4397;Tidak Ada;2
936;107;4398;Tidak Ada;2
937;107;4399;Tidak Ada;2
938;22;840;Tidak Ada;2
939;107;4400;Tidak Ada;2
940;22;841;Tidak Ada;2
941;107;4401;Tidak Ada;2
942;113;4602;Tidak Ada;2
943;113;4603;Tidak Ada;2
944;113;4604;Tidak Ada;2
945;31;1443;Tidak Ada;2
946;31;1444;Tidak Ada;2
947;31;1445;Tidak Ada;2
948;31;1403;Tidak Ada;2
949;31;1404;Tidak Ada;2
950;31;1405;Tidak Ada;2
951;31;1406;Tidak Ada;2
952;31;1407;Tidak Ada;2
953;113;4605;Tidak Ada;2
954;31;1408;Tidak Ada;2
955;31;1409;Tidak Ada;2
956;31;1410;Tidak Ada;2
957;113;4606;Tidak Ada;2
958;31;1411;Tidak Ada;2
959;31;1412;Tidak Ada;2
960;31;1413;Tidak Ada;2
961;31;1414;Tidak Ada;2
962;31;1415;Tidak Ada;2
963;113;4607;Tidak Ada;2
964;113;4608;Tidak Ada;2
965;113;4609;Tidak Ada;2
966;113;4610;Tidak Ada;2
967;113;4611;Tidak Ada;2
968;113;4612;Tidak Ada;2
969;113;4613;Tidak Ada;2
970;113;4614;Tidak Ada;2
971;113;4615;Tidak Ada;2
972;113;4616;Tidak Ada;2
973;199;8668;Tidak Ada;2
974;199;8669;Tidak Ada;2
975;199;8670;Tidak Ada;2
976;199;8671;Tidak Ada;2
977;199;8672;Tidak Ada;2
978;199;8673;Tidak Ada;2
979;199;8674;Tidak Ada;2
980;199;8675;Tidak Ada;2
981;199;8676;Tidak Ada;2
982;199;8677;Tidak Ada;2
983;199;8678;Tidak Ada;2
984;199;8679;Tidak Ada;2
985;199;8680;Tidak Ada;2
986;31;1416;Tidak Ada;2
987;31;1417;Tidak Ada;2
988;31;1418;Tidak Ada;2
989;31;1419;Tidak Ada;2
990;23;864;Tidak Ada;2
991;23;865;Tidak Ada;2
992;23;866;Tidak Ada;2
993;23;867;Tidak Ada;2
994;23;868;Tidak Ada;2
995;23;869;Tidak Ada;2
996;23;870;Tidak Ada;2
997;23;871;Tidak Ada;2
998;23;872;Tidak Ada;1
999;23;873;Tidak Ada;2
1000;23;874;Tidak Ada;2
1001;23;875;Tidak Ada;2
1002;23;876;Tidak Ada;2
1003;23;877;Tidak Ada;2
1004;23;878;Tidak Ada;2
1005;23;879;Tidak Ada;2
1006;23;880;Tidak Ada;2
1007;23;881;Tidak Ada;2
1008;23;882;Tidak Ada;1
1009;23;883;Tidak Ada;1
1010;23;884;Tidak Ada;1
1011;23;885;Tidak Ada;1
1012;23;886;Tidak Ada;1
1013;23;887;Tidak Ada;1
1014;23;888;Tidak Ada;1
1015;23;889;Tidak Ada;1
1016;23;890;Tidak Ada;1
1017;23;891;Tidak Ada;1
1018;23;892;Tidak Ada;2
1019;23;893;Tidak Ada;2
1020;23;894;Tidak Ada;2
1021;23;895;Tidak Ada;2
1022;23;896;Tidak Ada;2
1023;23;897;Tidak Ada;1
1024;23;898;Tidak Ada;1
1025;23;899;Tidak Ada;1
1026;23;900;Tidak Ada;2
1027;23;901;Tidak Ada;2
1028;23;902;Tidak Ada;2
1029;23;903;Tidak Ada;2
1030;23;904;Tidak Ada;2
1031;23;905;Tidak Ada;2
1032;23;906;Tidak Ada;2
1033;23;907;Tidak Ada;2
1034;23;908;Tidak Ada;2
1035;23;909;Tidak Ada;2
1036;23;910;Tidak Ada;2
1037;31;1420;Tidak Ada;2
1038;31;1421;Tidak Ada;1
1039;242;10559;Tidak Ada;1
1040;242;10560;Tidak Ada;1
1041;31;1422;Tidak Ada;1
1042;31;1423;Tidak Ada;1
1043;242;10561;Tidak Ada;1
1044;242;10562;Tidak Ada;1
1045;242;10563;Tidak Ada;1
1046;242;10564;Tidak Ada;1
1047;242;10565;Tidak Ada;1
1048;242;10566;Tidak Ada;2
1049;306;13154;Tidak Ada;1
1050;242;10567;Tidak Ada;1
1051;242;10568;Tidak Ada;1
1052;242;10569;Tidak Ada;1
1053;242;10570;Tidak Ada;1
1054;31;1424;Tidak Ada;1
1055;31;1425;Tidak Ada;1
1056;31;1426;Tidak Ada;1
1057;242;10571;Tidak Ada;1
1058;242;10572;Tidak Ada;1
1059;242;10573;Tidak Ada;1
1060;242;10574;Tidak Ada;2
1061;306;13114;Tidak Ada;1
1062;242;10575;Tidak Ada;2
1063;31;1427;Tidak Ada;2
1064;31;1428;Tidak Ada;2
1065;306;13115;Tidak Ada;2
1066;242;10576;Tidak Ada;2
1067;31;1429;Tidak Ada;2
1068;242;10577;Tidak Ada;1
1069;31;1430;Tidak Ada;1
1070;242;10578;Tidak Ada;1
1071;242;10579;Tidak Ada;0
1072;242;10580;Tidak Ada;1
1073;242;10581;Tidak Ada;1
1074;242;10582;Tidak Ada;1
1075;242;10583;Tidak Ada;1
1076;242;10584;Tidak Ada;1
1077;242;10585;Tidak Ada;1
1078;306;13116;Tidak Ada;1
1079;242;10586;Tidak Ada;1
1080;242;10587;Tidak Ada;1
1081;306;13117;Tidak Ada;1
1082;242;10588;Tidak Ada;2
1083;306;13118;Tidak Ada;1
1084;306;13119;Tidak Ada;1
1085;306;13120;Tidak Ada;1
1086;31;1431;Tidak Ada;1
1087;31;1432;Tidak Ada;1
1088;31;1433;Tidak Ada;1
1089;31;1434;Tidak Ada;1
1090;31;1435;Tidak Ada;1
1091;31;1436;Tidak Ada;1
1092;31;1437;Tidak Ada;1
1093;31;1438;Tidak Ada;1
1094;31;1439;Tidak Ada;1
1095;31;1440;Tidak Ada;1
1096;31;1441;Tidak Ada;1
1097;31;1442;Tidak Ada;1
1098;24;911;Tidak Ada;1
1099;24;912;Tidak Ada;1
1100;24;913;Tidak Ada;1
1101;24;914;Tidak Ada;1
1102;24;915;Tidak Ada;1
1103;24;916;Tidak Ada;1
1104;24;917;Tidak Ada;1
1105;24;918;Tidak Ada;1
1106;24;919;Tidak Ada;1
1107;24;920;Tidak Ada;1
1108;24;921;Tidak Ada;1
1109;24;922;Tidak Ada;1
1110;24;923;Tidak Ada;1
1111;24;924;Tidak Ada;1
1112;24;925;Tidak Ada;1
1113;24;926;Tidak Ada;1
1114;24;927;Tidak Ada;1
1115;199;8687;Tidak Ada;1
1116;335;14390;Tidak Ada;1
1117;199;8688;Tidak Ada;1
1118;199;8689;Tidak Ada;1
1119;199;8690;Tidak Ada;1
1120;335;14391;Tidak Ada;1
1121;199;8691;Tidak Ada;1
1122;199;8692;Tidak Ada;1
1123;199;8693;Tidak Ada;1
1124;199;8694;Tidak Ada;1
1125;335;14392;Tidak Ada;1
1126;199;8695;Tidak Ada;2
1127;199;8696;Tidak Ada;2
1128;335;14393;Tidak Ada;1
1129;335;14394;Tidak Ada;1
1130;199;8697;Tidak Ada;1
1131;199;8698;Tidak Ada;1
1132;335;14395;Tidak Ada;1
1133;199;8699;Tidak Ada;1
1134;335;14396;Tidak Ada;1
1135;199;8700;Tidak Ada;2
1136;335;14398;Tidak Ada;2
1137;199;8701;Tidak Ada;2
1138;199;8702;Tidak Ada;1
1139;199;8703;Tidak Ada;1
1140;199;8704;Tidak Ada;1
1141;199;8705;Tidak Ada;1
1142;199;8706;Tidak Ada;1
1143;199;8707;Tidak Ada;1
1144;199;8708;Tidak Ada;2
1145;199;8709;Tidak Ada;2
1146;335;14399;Tidak Ada;1
1147;335;14400;Tidak Ada;1
1148;199;8710;Tidak Ada;1
1149;335;14358;Tidak Ada;1
1150;199;8711;Tidak Ada;1
1151;335;14359;Tidak Ada;1
1152;199;8712;Tidak Ada;1
1153;335;14360;Tidak Ada;1
1154;199;8713;Tidak Ada;1
1155;335;14361;Tidak Ada;1
1156;207;9007;Tidak Ada;2
1157;207;9008;Tidak Ada;2
1158;207;9009;Tidak Ada;2
1159;207;9010;Tidak Ada;2
1160;207;9011;Tidak Ada;2
1161;207;9012;Tidak Ada;2
1162;207;9013;Tidak Ada;2
1163;335;14362;Tidak Ada;2
1164;335;14363;Tidak Ada;2
1165;199;8714;Tidak Ada;2
1166;43;2050;Tidak Ada;2
1167;199;8715;Tidak Ada;2
1168;335;14364;Rp8,999 juta;2
1169;199;8716;Tidak Ada;2
1170;199;8717;Tidak Ada;2
1171;199;8718;Tidak Ada;2
1172;199;8719;Tidak Ada;2
1173;199;8720;Tidak Ada;2
1174;335;14365;Tidak Ada;2
1175;199;8721;Tidak Ada;2
1176;335;14366;Tidak Ada;2
1177;199;8722;Tidak Ada;2
1178;199;8723;Tidak Ada;2
1179;335;14367;Tidak Ada;2
1180;199;8724;Tidak Ada;2
1181;199;8725;Tidak Ada;2
1182;199;8726;Tidak Ada;2
1183;199;8727;Tidak Ada;2
1184;335;14368;Tidak Ada;2
1185;335;14369;100 ribu unit;2
1186;335;14370;Tidak Ada;2
1187;335;14371;Tidak Ada;2
1188;215;9293;Tidak Ada;2
1189;215;9263;Tidak Ada;2
1190;335;14372;Tidak Ada;2
1191;215;9264;Tidak Ada;2
1192;335;14373;Tidak Ada;2
1193;215;9265;Tidak Ada;2
1194;35;1575;Tidak Ada;2
1195;306;13121;Tidak Ada;2
1196;306;13122;Tidak Ada;2
1197;27;1267;Tidak Ada;2
1198;27;1268;Tidak Ada;2
1199;27;1269;Tidak Ada;2
1200;335;14374;Tidak Ada;2
1201;335;14375;Tidak Ada;2
1202;335;14376;Tidak Ada;2
1203;335;14377;Tidak Ada;2
1204;335;14378;Tidak Ada;2
1205;335;14379;Rp9;2
1206;335;14380;Tidak Ada;2
1207;335;14381;Tidak Ada;2
1208;335;14384;Tidak Ada;2
1209;335;14385;Tidak Ada;2
1210;335;14386;Tidak Ada;2
1211;335;14387;Tidak Ada;2
1212;335;14388;Tidak Ada;2
1213;335;14389;Tidak Ada;2
1214;335;14401;Tidak Ada;2
1215;370;15882;Tidak Ada;2
1216;335;14402;Tidak Ada;2
1217;335;14403;Tidak Ada;2
1218;359;15391;Tidak Ada;2
1219;359;15392;Tidak Ada;2
1220;359;15393;Tidak Ada;2
1221;359;15394;Tidak Ada;2
1222;359;15395;Tidak Ada;2
1223;359;15396;Tidak Ada;2
1224;199;8681;Tidak Ada;2
1225;199;8682;Tidak Ada;2
1226;199;8683;Tidak Ada;2
1227;199;8684;Tidak Ada;2
1228;199;8685;Tidak Ada;2
1229;370;15884;Tidak Ada;2
1230;370;15885;Tidak Ada;2
1231;199;8686;Tidak Ada;2
1232;370;15886;Tidak Ada;2
1233;199;8687;Tidak Ada;2
1234;370;15887;Tidak Ada;2
1235;199;8688;Tidak Ada;2
1236;370;15888;Tidak Ada;2
1237;199;8689;Tidak Ada;2
1238;199;8690;Tidak Ada;2
1239;43;2051;Tidak Ada;2
1240;359;15376;Tidak Ada;2
1241;43;2052;Tidak Ada;2
1242;43;2053;Tidak Ada;2
1243;359;15377;Tidak Ada;2
1244;43;2054;Tidak Ada;2
1245;43;2055;Tidak Ada;2
1246;43;2056;Tidak Ada;2
1247;199;8691;Tidak Ada;2
1248;199;8692;Tidak Ada;2
1249;43;2039;Tidak Ada;2
1250;199;8692;Tidak Ada;2
1251;199;8693;Tidak Ada;2
1252;199;8694;Tidak Ada;2
1253;43;2040;Tidak Ada;2
1254;43;2041;Tidak Ada;2
1255;43;2042;Tidak Ada;2
1256;27;1270;Tidak Ada;2
1257;43;2043;Tidak Ada;2
1258;43;2044;Tidak Ada;2
1259;27;1271;Tidak Ada;2
1260;27;1272;Tidak Ada;2
1261;43;2045;Tidak Ada;2
1262;43;2046;Tidak Ada;2
1263;27;1235;Tidak Ada;2
1264;27;1236;Tidak Ada;2
1265;43;2047;Tidak Ada;2
1266;27;1237;Tidak Ada;2
1267;43;2048;Tidak Ada;2
1268;75;3249;Tidak Ada;2
1269;27;1238;Tidak Ada;2
1270;359;15378;Tidak Ada;2
1271;75;3250;Tidak Ada;2
1272;27;1239;Tidak Ada;2
1273;27;1240;Tidak Ada;2
1274;359;15379;Tidak Ada;2
1275;27;1241;Tidak Ada;2
1276;359;15381;Tidak Ada;2
1277;27;1242;Tidak Ada;2
1278;75;3251;Tidak Ada;2
1279;359;15383;Tidak Ada;2
1280;27;1243;Tidak Ada;2
1281;75;3252;Tidak Ada;2
1282;359;15387;Tidak Ada;2
1283;359;15388;Tidak Ada;2
1284;75;3219;Tidak Ada;2
1285;27;1244;Tidak Ada;2
1286;359;15389;Tidak Ada;2
1287;27;1245;Tidak Ada;2
1288;75;3220;Tidak Ada;2
1289;27;1246;Tidak Ada;2
1290;75;3221;Tidak Ada;2
1291;75;3222;Tidak Ada;2
1292;27;1247;Tidak Ada;2
1293;75;3223;Tidak Ada;2
1294;27;1248;Tidak Ada;2
1295;75;3224;Tidak Ada;2
1296;359;15390;Tidak Ada;2
1297;75;3225;Tidak Ada;2
1298;351;15115;Tidak Ada;2
1299;27;1249;Tidak Ada;2
1300;351;15116;Rp200 ribu;2
1301;75;3226;Tidak Ada;2
1302;351;15117;Tidak Ada;2
1303;27;1250;Tidak Ada;2
1304;75;3227;Tidak Ada;2
1305;75;3228;Tidak Ada;2
1306;351;15118;Tidak Ada;2
1307;75;3229;Tidak Ada;2
1308;351;15119;Tidak Ada;2
1309;351;15120;Tidak Ada;2
1310;351;15121;Rp1,5 juta;2
1311;75;3230;Tidak Ada;2
1312;351;15122;Tidak Ada;2
1313;75;3231;Tidak Ada;2
1314;351;15123;Tidak Ada;2
1315;75;3232;Tidak Ada;2
1316;75;3233;Tidak Ada;2
1317;351;15124;Rp10 juta;2
1318;351;15085;Tidak Ada;2
1319;351;15086;Tidak Ada;2
1320;351;15087;Tidak Ada;2
1321;48;2191;Tidak Ada;2
1322;5951;249804;Tidak Ada;2
1323;5951;249805;Tidak Ada;2
1324;199;8695;Tidak Ada;2
1325;199;8696;Tidak Ada;2
1326;5951;249806;Tidak Ada;2
1327;5951;249807;Tidak Ada;2
1328;5951;249808;Tidak Ada;2
1329;5951;249809;Tidak Ada;2
1330;5951;249810;Tidak Ada;2
1331;48;2192;Tidak Ada;2
1332;5951;249811;Tidak Ada;2
1333;48;2193;Tidak Ada;2
1334;5951;249812;Tidak Ada;2
1335;5951;249813;Tidak Ada;2
1336;5951;249814;Tidak Ada;2
1337;5951;249815;Tidak Ada;2
1338;48;2194;Tidak Ada;2
1339;5951;249816;Tidak Ada;2
1340;5951;249817;Tidak Ada;2
1341;5951;249818;Tidak Ada;2
1342;5951;249819;Tidak Ada;2
1343;5951;249820;Tidak Ada;2
1344;370;15883;Tidak Ada;2
1345;5951;249821;Tidak Ada;2
1346;5951;249822;Tidak Ada;2
1347;370;15889;Tidak Ada;2
1348;370;15890;Tidak Ada;2
1349;370;15842;Tidak Ada;2
1350;48;2195;Tidak Ada;2
1351;48;2196;Tidak Ada;2
1352;5951;249823;Tidak Ada;2
1353;5951;249824;Tidak Ada;2
1354;5951;249825;Tidak Ada;2
1355;5951;249826;Tidak Ada;2
1356;5951;249827;Tidak Ada;2
1357;5951;249828;Tidak Ada;2
1358;5951;249829;Tidak Ada;2
1359;5951;249830;Tidak Ada;2
1360;5951;249831;Tidak Ada;2
1361;5951;249832;Tidak Ada;2
1362;370;15843;Tidak Ada;2
1363;5951;249833;Tidak Ada;2
1364;370;15844;Tidak Ada;2
1365;5951;249834;Tidak Ada;2
1366;370;15845;Tidak Ada;2
1367;5951;249835;Tidak Ada;2
1368;5951;249836;Tidak Ada;2
1369;5951;249837;Tidak Ada;2
1370;370;15846;Tidak Ada;2
1371;5951;249838;Tidak Ada;2
1372;370;15847;Tidak Ada;2
1373;5951;249839;Tidak Ada;2
1374;5951;249840;Tidak Ada;2
1375;5951;249841;Tidak Ada;2
1376;5951;249842;Tidak Ada;2
1377;370;15848;Tidak Ada;2
1378;5951;249843;Tidak Ada;2
1379;370;15849;Tidak Ada;2
1380;5951;249844;Tidak Ada;2
1381;370;15850;Tidak Ada;2
1382;370;15851;Tidak Ada;2
1383;370;15852;Tidak Ada;2
1384;370;15853;Tidak Ada;2
1385;370;15854;Tidak Ada;2
1386;370;15855;Tidak Ada;2
1387;370;15856;Tidak Ada;2
1388;5951;249845;Tidak Ada;2
1389;370;15857;Tidak Ada;2
1390;5951;249846;Tidak Ada;2
1391;370;15858;Tidak Ada;2
1392;5951;249847;Tidak Ada;2
1393;370;15859;Tidak Ada;2
1394;370;15860;Tidak Ada;2
1395;5951;249848;Tidak Ada;2
1396;370;15861;Tidak Ada;2
1397;5951;249849;Tidak Ada;2
1398;370;15862;Tidak Ada;2
1399;5951;249850;Tidak Ada;2
1400;370;15863;Tidak Ada;2
1401;370;15864;Tidak Ada;2
1402;370;15865;Tidak Ada;2
1403;370;15866;Tidak Ada;2
1404;370;15867;Tidak Ada;2
1405;370;15868;Tidak Ada;2
1406;370;15868;Tidak Ada;2
1407;370;15869;Tidak Ada;2
1408;370;15870;Tidak Ada;2
1409;370;15871;Tidak Ada;2
1410;370;15872;Tidak Ada;2
1411;199;8697;Tidak Ada;2
1412;370;15873;Tidak Ada;2
1413;370;15874;Tidak Ada;2
1414;199;8698;Tidak Ada;2
1415;370;15875;Tidak Ada;2
1416;370;15876;Tidak Ada;2
1417;370;15877;Tidak Ada;2
1418;199;8699;Tidak Ada;2
1419;370;15878;Tidak Ada;2
1420;199;8700;Tidak Ada;2
1421;370;15879;Tidak Ada;2
1422;199;8701;Tidak Ada;2
1423;370;15880;Tidak Ada;2
1424;199;8702;Tidak Ada;2
1425;370;15881;Tidak Ada;2
1426;372;16052;Tidak Ada;2
1427;372;16053;Tidak Ada;2
1428;372;16054;Tidak Ada;2
1429;372;16055;Tidak Ada;2
1430;372;16056;Tidak Ada;2
1431;372;16057;Tidak Ada;2
1432;372;16058;Tidak Ada;2
1433;372;16001;Tidak Ada;2
1434;372;16002;Tidak Ada;2
1435;372;16003;Tidak Ada;2
1436;372;16004;Tidak Ada;2
1437;372;16005;Tidak Ada;2
1438;372;16006;Tidak Ada;2
1439;372;16007;Tidak Ada;2
1440;372;16008;Tidak Ada;2
1441;372;16009;Tidak Ada;2
1442;372;16010;Tidak Ada;2
1443;372;16011;Tidak Ada;2
1444;372;16012;Tidak Ada;2
1445;372;16013;Tidak Ada;2
1446;372;16014;Tidak Ada;2
1447;372;16015;Tidak Ada;2
1448;372;16016;Tidak Ada;2
1449;372;16016;Tidak Ada;2
1450;199;8703;Tidak Ada;2
1451;199;8704;Tidak Ada;2
1452;199;8705;Tidak Ada;2
1453;199;8706;Tidak Ada;2
1454;199;8707;Tidak Ada;2
1455;199;8708;Tidak Ada;2
1456;199;8709;Tidak Ada;2
1457;5965;250375;Tidak Ada;2
1458;5965;250376;Tidak Ada;2
1459;5965;250377;Tidak Ada;2
1460;5965;250378;Tidak Ada;2
1461;5965;250379;Tidak Ada;2
1462;5965;250380;Tidak Ada;2
1463;5965;250381;Tidak Ada;2
1464;5965;250382;Tidak Ada;2
1465;5965;250383;Tidak Ada;2
1466;5965;250384;Tidak Ada;2
1467;5965;250385;Tidak Ada;2
1468;5965;250386;Tidak Ada;2
1469;5965;250387;Tidak Ada;2
1470;5965;250388;Tidak Ada;2
1471;5965;250389;Tidak Ada;2
1472;5965;250390;Tidak Ada;2
1473;5965;250391;Tidak Ada;2
1474;5965;250392;Tidak Ada;2
1475;5965;250393;Tidak Ada;2
1476;5965;250394;Tidak Ada;2
1477;5965;250395;Tidak Ada;2
1478;5965;250396;Tidak Ada;2
1479;5965;250397;Tidak Ada;2
1480;5965;250398;Tidak Ada;2
1481;5965;250399;Tidak Ada;2
1482;5965;250400;Tidak Ada;2
1483;5965;250401;Tidak Ada;2
1484;5965;250402;Tidak Ada;2
1485;5965;250403;Tidak Ada;2
1486;5965;250404;Tidak Ada;2
1487;5965;250405;Tidak Ada;2
1488;5965;250406;Tidak Ada;2
1489;5965;250407;Tidak Ada;2
1490;5965;250408;Tidak Ada;2
1491;5965;250409;Tidak Ada;2
1492;5965;250410;Tidak Ada;2
1493;5960;250192;Tidak Ada;2
1494;5960;250193;Tidak Ada;2
1495;5960;250194;Tidak Ada;2
1496;5960;250195;Tidak Ada;2
1497;5960;250196;Tidak Ada;2
1498;5960;250197;Tidak Ada;2
1499;5960;250198;Tidak Ada;2
1500;5960;250199;Tidak Ada;2
1501;5960;250200;Tidak Ada;2
1502;5960;250201;Tidak Ada;2
1503;5960;250202;Tidak Ada;2
1504;5960;250203;Tidak Ada;2
1505;5960;250204;Tidak Ada;2
1506;5960;250205;Tidak Ada;2
1507;5960;250206;Tidak Ada;2
1508;262;11385;Tidak Ada;2
1509;262;11386;Tidak Ada;2
1510;262;11387;Tidak Ada;2
1511;262;11388;Tidak Ada;2
1512;222;9449;Tidak Ada;2
1513;262;11389;Tidak Ada;2
1514;262;11390;Tidak Ada;2
1515;262;11391;Tidak Ada;2
1516;262;11392;Tidak Ada;2
1517;351;15088;Tidak Ada;2
1518;351;15089;Tidak Ada;2
1519;207;9014;Tidak Ada;2
1520;207;9015;Tidak Ada;2
1521;207;9016;Tidak Ada;2
1522;207;8987;Tidak Ada;2
1523;207;8988;Tidak Ada;2
1524;207;8989;Tidak Ada;2
1525;207;8990;Tidak Ada;2
1526;207;8991;Tidak Ada;2
1527;207;8992;Tidak Ada;2
1528;207;8993;Tidak Ada;2
1529;207;8994;Tidak Ada;2
1530;207;8995;Tidak Ada;2
1531;207;8996;Tidak Ada;2
1532;207;8997;Tidak Ada;2
1533;207;8998;Tidak Ada;2
1534;207;8999;Tidak Ada;2
1535;207;9000;Tidak Ada;2
1536;207;9001;Tidak Ada;2
1537;207;9002;Tidak Ada;2
1538;207;9003;Tidak Ada;2
1539;207;9004;Tidak Ada;2
1540;35;1576;Tidak Ada;2
1541;267;11617;Tidak Ada;2
1542;207;9005;Tidak Ada;2
1543;35;1577;Tidak Ada;2
1544;207;9006;Tidak Ada;2
1545;200;8748;Tidak Ada;2
1546;35;1578;Tidak Ada;2
1547;267;11617;Tidak Ada;2
1548;35;1579;Tidak Ada;2
1549;200;8749;Tidak Ada;2
1550;267;11618;Tidak Ada;2
1551;267;11618;Tidak Ada;2
1552;200;8750;Tidak Ada;2
1553;35;1580;Tidak Ada;2
1554;200;8751;Tidak Ada;2
1555;267;11619;Tidak Ada;2
1556;267;11619;Tidak Ada;2
1557;35;1581;Tidak Ada;2
1558;35;1582;Tidak Ada;2
1559;267;11620;Tidak Ada;2
1560;200;8752;Tidak Ada;2
1561;35;1583;Tidak Ada;2
1562;35;1584;Tidak Ada;2
1563;200;8753;Tidak Ada;2
1564;267;11620;Tidak Ada;2
1565;35;1585;Tidak Ada;2
1566;200;8754;Tidak Ada;2
1567;35;1586;Tidak Ada;2
1568;71;3134;Tidak Ada;2
1569;200;8755;Tidak Ada;2
1570;267;11621;Tidak Ada;2
1571;35;1587;Tidak Ada;2
1572;267;11621;Tidak Ada;2
1573;35;1588;Tidak Ada;2
1574;200;8728;Tidak Ada;2
1575;98;4070;Tidak Ada;2
1576;267;11592;Tidak Ada;2
1577;200;8729;Tidak Ada;2
1578;35;1589;Tidak Ada;2
1579;267;11592;Tidak Ada;2
1580;200;8730;Tidak Ada;2
1581;35;1590;Tidak Ada;2
1582;200;8731;Tidak Ada;2
1583;35;1591;Tidak Ada;2
1584;200;8732;Tidak Ada;2
1585;200;8733;Tidak Ada;2
1586;267;11593;Tidak Ada;2
1587;267;11593;Tidak Ada;2
1588;192;8370;Tidak Ada;2
1589;200;8734;Tidak Ada;2
1590;192;8371;Tidak Ada;2
1591;192;8372;Tidak Ada;2
1592;267;11595;Tidak Ada;2
1593;200;8735;Tidak Ada;2
1594;267;11595;Tidak Ada;2
1595;192;8373;Tidak Ada;2
1596;200;8736;Tidak Ada;2
1597;267;11596;Tidak Ada;2
1598;267;11596;Tidak Ada;2
1599;200;8737;Tidak Ada;2
1600;192;8374;Tidak Ada;2
1601;98;4071;Tidak Ada;2
1602;192;8375;Tidak Ada;2
1603;267;11597;Tidak Ada;2
1604;200;8738;Tidak Ada;2
1605;192;8376;Tidak Ada;2
1606;267;11597;Tidak Ada;2
1607;98;4072;Tidak Ada;2
1608;98;4072;Tidak Ada;2
1609;200;8739;Tidak Ada;2
1610;267;11600;Tidak Ada;2
1611;98;4073;Tidak Ada;2
1612;200;8740;Tidak Ada;2
1613;267;11601;Tidak Ada;2
1614;267;11600;Tidak Ada;2
1615;192;8377;Tidak Ada;2
1616;98;4025;Tidak Ada;2
1617;200;8741;Tidak Ada;2
1618;200;8742;Tidak Ada;2
1619;192;8378;Tidak Ada;2
1620;267;11603;Tidak Ada;2
1621;267;11603;Tidak Ada;2
1622;192;8379;Tidak Ada;2
1623;200;8743;Tidak Ada;2
1624;98;4027;Tidak Ada;2
1625;267;11604;Tidak Ada;2
1626;267;11604;Tidak Ada;2
1627;192;8380;Tidak Ada;2
1628;192;8380;Tidak Ada;2
1629;267;11605;Tidak Ada;2
1630;192;8381;Tidak Ada;2
1631;98;4028;Tidak Ada;2
1632;267;11606;Tidak Ada;2
1633;98;4029;Tidak Ada;2
1634;192;8382;Tidak Ada;2
1635;267;11608;Tidak Ada;2
1636;98;4030;Tidak Ada;2
1637;267;11610;Tidak Ada;2
1638;192;8383;Tidak Ada;2
1639;267;11622;Tidak Ada;2
1640;98;4031;Tidak Ada;2
1641;192;8384;Tidak Ada;2
1642;98;4032;Tidak Ada;2
1643;267;11623;Tidak Ada;2
1644;267;11623;Tidak Ada;2
1645;98;4033;Tidak Ada;2
1646;192;8385;Tidak Ada;2
1647;267;11624;Tidak Ada;2
1648;98;4035;Tidak Ada;2
1649;267;11625;Tidak Ada;2
1650;98;4036;Tidak Ada;2
1651;98;4037;Tidak Ada;2
1652;267;11626;Tidak Ada;2
1653;192;8386;Tidak Ada;2
1654;98;4040;Tidak Ada;2
1655;267;11627;Tidak Ada;2
1656;192;8387;Tidak Ada;2
1657;267;11628;Tidak Ada;2
1658;192;8388;Tidak Ada;2
1659;267;11629;Tidak Ada;2
1660;267;11604;Tidak Ada;2
1661;267;11627;Tidak Ada;2
1662;267;11630;Tidak Ada;2
1663;192;8389;Tidak Ada;2
1664;98;4041;Tidak Ada;2
1665;267;11632;Tidak Ada;2
1666;192;8390;Tidak Ada;2
1667;98;4042;Tidak Ada;2
1668;192;8391;Tidak Ada;2
1669;98;4043;Tidak Ada;2
1670;192;8392;Tidak Ada;2
1671;203;8869;Tidak Ada;2
1672;98;4044;Tidak Ada;2
1673;98;4045;Tidak Ada;2
1674;98;4046;Tidak Ada;2
1675;203;8870;Tidak Ada;2
1676;192;8393;Tidak Ada;2
1677;98;4047;Tidak Ada;2
1678;98;4048;Tidak Ada;2
1679;192;8394;Tidak Ada;2
1680;98;4049;Tidak Ada;2
1681;203;8871;Tidak Ada;2
1682;98;4050;Tidak Ada;2
1683;203;8872;Tidak Ada;2
1684;98;4051;Tidak Ada;2
1685;98;4052;Tidak Ada;2
1686;98;4053;Tidak Ada;2
1687;98;4054;Tidak Ada;2
1688;98;4055;Tidak Ada;2
1689;192;8395;Tidak Ada;2
1690;203;8873;Tidak Ada;2
1691;203;8874;Tidak Ada;2
1692;284;12246;Tidak Ada;2
1693;284;12247;Tidak Ada;2
1694;284;12248;Tidak Ada;2
1695;284;12249;Tidak Ada;2
1696;284;12250;Tidak Ada;2
1697;284;12250;Tidak Ada;2
1698;284;12251;Tidak Ada;2
1699;289;12407;Tidak Ada;2
1700;289;12408;Tidak Ada;2
1701;289;12409;Tidak Ada;2
1702;289;12410;Tidak Ada;2
1703;289;12411;Tidak Ada;2
1704;289;12412;Tidak Ada;2
1705;289;12413;Tidak Ada;2
1706;76;3255;Tidak Ada;2
1707;200;8744;Rp10 miliar;2
1708;200;8745;Tidak Ada;2
1709;200;8746;Tidak Ada;2
1710;200;8747;Tidak Ada;2
1711;204;8942;Tidak Ada;2
1712;204;8943;Tidak Ada;2
1713;204;8902;Tidak Ada;2
1714;204;8903;Tidak Ada;2
1715;204;8904;Tidak Ada;2
1716;204;8905;Tidak Ada;2
1717;204;8906;Tidak Ada;2
1718;204;8907;Tidak Ada;2
1719;98;4056;Tidak Ada;2
1720;98;4057;Tidak Ada;2
1721;98;4058;Tidak Ada;2
1722;98;4059;Tidak Ada;2
1723;98;4060;Tidak Ada;2
1724;98;4061;Tidak Ada;2
1725;98;4062;Tidak Ada;2
1726;98;4064;Tidak Ada;2
1727;98;4065;Tidak Ada;2
1728;98;4066;Tidak Ada;2
1729;98;4067;Tidak Ada;2
1730;98;4068;Tidak Ada;2
1731;98;4069;Tidak Ada;2
1732;139;5944;Tidak Ada;2
1733;147;6365;Tidak Ada;2
1734;147;6366;Tidak Ada;2
1735;147;6367;Tidak Ada;2
1736;147;6371;Tidak Ada;2
1737;147;6372;Tidak Ada;2
1738;147;6320;Tidak Ada;2
1739;147;6321;Tidak Ada;2
1740;147;6322;Tidak Ada;2
1741;147;6323;Tidak Ada;2
1742;147;6324;Tidak Ada;2
1743;147;6326;Tidak Ada;2
1744;244;10622;Tidak Ada;2
1745;289;12414;Tidak Ada;2
1746;289;12415;Tidak Ada;2
1747;289;12416;Tidak Ada;2
1748;289;12417;Tidak Ada;2
1749;289;12418;Tidak Ada;2
1750;289;12419;Tidak Ada;2
1751;289;12420;Tidak Ada;2
1752;289;12421;Tidak Ada;2
1753;289;12422;Tidak Ada;2
1754;289;12423;Tidak Ada;2
1755;289;12424;Tidak Ada;2
1756;289;12425;Tidak Ada;2
1757;289;12426;Tidak Ada;2
1758;289;12427;Tidak Ada;2
1759;244;10623;Tidak Ada;2
1760;244;10624;Tidak Ada;2
1761;289;12428;Tidak Ada;2
1762;289;12429;Tidak Ada;2
1763;244;10625;Tidak Ada;2
1764;289;12430;Tidak Ada;2
1765;289;12431;Tidak Ada;2
1766;289;12432;Tidak Ada;2
1767;293;12534;Tidak Ada;2
1768;293;12535;Tidak Ada;2
1769;293;12536;Tidak Ada;2
1770;293;12537;Tidak Ada;2
1771;293;12538;Tidak Ada;2
1772;293;12539;Tidak Ada;2
1773;293;12540;Tidak Ada;2
1774;293;12541;Tidak Ada;2
1775;293;12542;Tidak Ada;2
1776;293;12543;Tidak Ada;2
1777;293;12544;Tidak Ada;2
1778;293;12545;Tidak Ada;2
1779;293;12546;Tidak Ada;2
1780;293;12547;Tidak Ada;2
1781;293;12548;Tidak Ada;2
1782;244;10626;Tidak Ada;2
1783;244;10627;Tidak Ada;2
1784;244;10628;Tidak Ada;2
1785;244;10629;Tidak Ada;2
1786;244;10630;Tidak Ada;2
1787;244;10631;Tidak Ada;2
1788;244;10632;Tidak Ada;2
1789;244;10633;Tidak Ada;2
1790;244;10634;Tidak Ada;2
1791;244;10635;Tidak Ada;2
1792;244;10636;Tidak Ada;2
1793;244;10637;Tidak Ada;2
1794;244;10638;Tidak Ada;2
1795;244;10639;Tidak Ada;2
1796;204;8908;Tidak Ada;2
1797;204;8909;Tidak Ada;2
1798;204;8910;Tidak Ada;2
1799;204;8911;Tidak Ada;2
1800;204;8912;Tidak Ada;2
1801;204;8913;Tidak Ada;2
1802;204;8914;Tidak Ada;2
1803;204;8915;Tidak Ada;2
1804;204;8916;Tidak Ada;2
1805;204;8917;Tidak Ada;2
1806;204;8918;Tidak Ada;2
1807;75;3234;Tidak Ada;2
1808;75;3235;Tidak Ada;2
1809;75;3236;Tidak Ada;2
1810;75;3237;Tidak Ada;2
1811;75;3238;Tidak Ada;2
1812;75;3239;Tidak Ada;2
1813;75;3240;Tidak Ada;2
1814;75;3241;Tidak Ada;2
1815;75;3242;Tidak Ada;2
1816;75;3243;Tidak Ada;2
1817;75;3244;Tidak Ada;2
1818;75;3245;Tidak Ada;2
1819;192;8396;Tidak Ada;2
1820;147;6327;Tidak Ada;2
1821;147;6328;Tidak Ada;2
1822;147;6329;Tidak Ada;2
1823;147;6331;Tidak Ada;2
1824;147;6332;Tidak Ada;2
1825;147;6333;Tidak Ada;2
1826;147;6334;Tidak Ada;2
1827;147;6335;Tidak Ada;2
1828;147;6336;Tidak Ada;2
1829;147;6337;Tidak Ada;2
1830;147;6338;Tidak Ada;2
1831;147;6339;Tidak Ada;2
1832;147;6340;Tidak Ada;2
1833;147;6341;Tidak Ada;2
1834;147;6342;Tidak Ada;2
1835;147;6342;Tidak Ada;2
1836;147;6343;Tidak Ada;2
1837;147;6344;Tidak Ada;2
1838;147;6345;Tidak Ada;2
1839;147;6346;Tidak Ada;2
1840;113;4617;Tidak Ada;2
1841;113;4618;Tidak Ada;2
1842;76;3256;Tidak Ada;2
1843;76;3257;Tidak Ada;2
1844;76;3258;Tidak Ada;2
1845;76;3259;Tidak Ada;2
1846;76;3260;Tidak Ada;2
1847;76;3261;Tidak Ada;2
1848;76;3262;Tidak Ada;2
1849;76;3263;Tidak Ada;2
1850;76;3264;Tidak Ada;2
1851;76;3265;Tidak Ada;2
1852;76;3266;Tidak Ada;2
1853;76;3267;Tidak Ada;2
1854;76;3268;Tidak Ada;2
1855;76;3269;Tidak Ada;2
1856;76;3270;Tidak Ada;2
1857;76;3271;Tidak Ada;2
1858;76;3272;Tidak Ada;2
1859;76;3273;Tidak Ada;2
1860;76;3274;Tidak Ada;2
1861;76;3275;Tidak Ada;2
1862;76;3276;Tidak Ada;2
1863;76;3277;Tidak Ada;2
1864;76;3278;Tidak Ada;2
1865;113;4619;Tidak Ada;2
1866;113;4620;Tidak Ada;2
1867;113;4621;Tidak Ada;2
1868;113;4622;Tidak Ada;2
1869;113;4623;Tidak Ada;2
1870;113;4624;Tidak Ada;2
1871;113;4625;Tidak Ada;2
1872;113;4626;Tidak Ada;2
1873;113;4627;Tidak Ada;2
1874;113;4628;Tidak Ada;2
1875;113;4629;Tidak Ada;2
1876;113;4630;Tidak Ada;2
1877;113;4631;Tidak Ada;2
1878;113;4632;Tidak Ada;2
1879;113;4633;Tidak Ada;2
1880;113;4634;Tidak Ada;2
1881;113;4635;Tidak Ada;2
1882;113;4636;Tidak Ada;2
1883;113;4637;Tidak Ada;2
1884;113;4638;Tidak Ada;2
1885;113;4639;Tidak Ada;2
1886;113;4640;Tidak Ada;2
1887;113;4641;Tidak Ada;2
1888;113;4642;Tidak Ada;2
1889;113;4643;Tidak Ada;2
1890;113;4644;Tidak Ada;2
1891;113;4645;Tidak Ada;2
1892;113;4646;Tidak Ada;2
1893;113;4647;Tidak Ada;2
1894;113;4648;Tidak Ada;2
1895;113;4649;Tidak Ada;2
1896;113;4650;Tidak Ada;2
1897;113;4651;Tidak Ada;2
1898;113;4652;Tidak Ada;2
1899;113;4653;Tidak Ada;2
1900;113;4654;Tidak Ada;2
1901;114;4655;Tidak Ada;2
1902;114;4656;Tidak Ada;2
1903;114;4657;Tidak Ada;2
1904;204;8919;Tidak Ada;2
1905;204;8920;Tidak Ada;2
1906;27;1251;Tidak Ada;2
1907;27;1252;Tidak Ada;2
1908;27;1253;Tidak Ada;2
1909;27;1254;Tidak Ada;2
1910;27;1255;Tidak Ada;2
1911;5894;247711;Tidak Ada;2
1912;27;1256;Tidak Ada;2
1913;27;1257;Tidak Ada;2
1914;27;1258;Tidak Ada;2
1915;27;1259;Tidak Ada;2
1916;5894;247712;Tidak Ada;2
1917;27;1260;Tidak Ada;2
1918;27;1261;Tidak Ada;2
1919;5894;247713;Tidak Ada;2
1920;27;1262;Tidak Ada;2
1921;5894;247714;Tidak Ada;2
1922;27;1263;Tidak Ada;2
1923;27;1264;Tidak Ada;2
1924;5894;247715;Tidak Ada;2
1925;5894;247716;Tidak Ada;2
1926;5894;247717;Tidak Ada;2
1927;5894;247718;Tidak Ada;2
1928;5894;247719;Tidak Ada;2
1929;5894;247720;Tidak Ada;2
1930;5894;247721;Tidak Ada;2
1931;5894;247722;Tidak Ada;2
1932;5905;248110;Tidak Ada;2
1933;5894;247723;Tidak Ada;2
1934;5894;247724;Tidak Ada;2
1935;5894;247725;Tidak Ada;2
1936;5905;248111;Tidak Ada;2
1937;5894;247726;Tidak Ada;2
1938;5905;248112;Tidak Ada;2
1939;5894;247727;Tidak Ada;2
1940;5894;247728;Tidak Ada;2
1941;5894;247729;Tidak Ada;2
1942;5894;247730;Tidak Ada;2
1943;5894;247731;Tidak Ada;2
1944;5894;247732;Tidak Ada;2
1945;5894;247733;Tidak Ada;2
1946;5894;247734;Tidak Ada;2
1947;5894;247735;Tidak Ada;2
1948;5894;247736;Tidak Ada;2
1949;5905;248113;Tidak Ada;2
1950;5894;247737;Tidak Ada;2
1951;5894;247738;Tidak Ada;2
1952;5894;247739;Tidak Ada;2
1953;5905;248114;Tidak Ada;2
1954;5905;248115;Tidak Ada;2
1955;5905;248116;Tidak Ada;2
1956;5894;247740;Tidak Ada;2
1957;5905;248117;Tidak Ada;2
1958;5894;247741;Tidak Ada;2
1959;5894;247742;Tidak Ada;2
1960;5905;248118;Tidak Ada;2
1961;5905;248119;Tidak Ada;2
1962;5894;247743;Tidak Ada;2
1963;5894;247744;Tidak Ada;2
1964;5905;248120;Tidak Ada;2
1965;5905;248121;Tidak Ada;2
1966;5905;248122;Tidak Ada;2
1967;5905;248123;Tidak Ada;2
1968;5905;248124;Tidak Ada;2
1969;5905;248125;Tidak Ada;2
1970;5905;248126;Tidak Ada;2
1971;114;4658;Tidak Ada;2
1972;114;4659;Tidak Ada;2
1973;114;4660;Tidak Ada;2
1974;306;13123;Tidak Ada;2
1975;306;13124;Tidak Ada;2
1976;306;13125;Tidak Ada;2
1977;114;4661;Tidak Ada;2
1978;114;4662;Tidak Ada;2
1979;114;4663;Tidak Ada;2
1980;5905;248127;Tidak Ada;2
1981;5905;248128;Tidak Ada;2
1982;5905;248129;Tidak Ada;2
1983;114;4664;Tidak Ada;2
1984;5905;248130;Tidak Ada;2
1985;114;4665;Tidak Ada;2
1986;5905;248131;Tidak Ada;2
1987;114;4666;Tidak Ada;2
1988;5894;247745;Tidak Ada;2
1989;114;4667;Tidak Ada;2
1990;5894;247746;Tidak Ada;2
1991;5894;247747;Tidak Ada;2
1992;5894;247748;Tidak Ada;2
1993;5894;247749;Tidak Ada;2
1994;5894;247750;Tidak Ada;2
1995;5894;247751;Tidak Ada;2
1996;114;4668;Tidak Ada;2
1997;5894;247752;Tidak Ada;2
1998;5894;247753;Tidak Ada;2
1999;114;4669;Tidak Ada;2
2000;5894;247754;Tidak Ada;2
2001;5897;247830;Tidak Ada;2
2002;5894;247755;Tidak Ada;2
2003;5894;247756;Tidak Ada;2
2004;5897;247831;Tidak Ada;2
2005;114;4670;Tidak Ada;2
2006;5894;247757;Tidak Ada;2
2007;5897;247832;Tidak Ada;2
2008;5894;247758;Tidak Ada;2
2009;114;4671;Tidak Ada;2
2010;114;4672;Tidak Ada;2
2011;5903;248065;Tidak Ada;2
2012;114;4673;Tidak Ada;2
2013;5897;247833;Tidak Ada;2
2014;5903;248066;Tidak Ada;2
2015;75;3246;Tidak Ada;2
2016;5897;247834;Tidak Ada;2
2017;5903;248067;Tidak Ada;2
2018;5903;248068;Tidak Ada;2
2019;114;4674;Tidak Ada;2
2020;5903;248069;Tidak Ada;2
2021;5897;247835;Tidak Ada;2
2022;114;4675;Tidak Ada;2
2023;75;3247;Tidak Ada;2
2024;5903;248070;Tidak Ada;2
2025;5903;248071;Tidak Ada;2
2026;114;4676;Tidak Ada;2
2027;5897;247836;Tidak Ada;2
2028;75;3248;Tidak Ada;2
2029;5903;248072;Tidak Ada;2
2030;5903;248073;Tidak Ada;2
2031;5903;248074;Tidak Ada;2
2032;5897;247837;Tidak Ada;2
2033;5903;248075;Tidak Ada;2
2034;213;9231;Tidak Ada;2
2035;5897;247838;Tidak Ada;2
2036;5872;246890;Tidak Ada;2
2037;5872;246891;Tidak Ada;2
2038;213;9232;Tidak Ada;2
2039;5872;246892;Tidak Ada;2
2040;252;10977;Tidak Ada;2
2041;5872;246893;Tidak Ada;2
2042;5959;250185;Tidak Ada;2
2043;252;10978;Tidak Ada;2
2044;5872;246894;Tidak Ada;2
2045;5872;246895;Tidak Ada;2
2046;5959;250186;Tidak Ada;2
2047;252;10979;Tidak Ada;2
2048;114;4677;Tidak Ada;2
2049;5959;250187;Tidak Ada;2
2050;252;10980;Tidak Ada;2
2051;5872;246896;Tidak Ada;2
2052;114;4678;Tidak Ada;2
2053;5872;246897;Tidak Ada;2
2054;252;10981;Tidak Ada;2
2055;5872;246898;Tidak Ada;2
2056;114;4679;Tidak Ada;2
2057;252;10982;Tidak Ada;2
2058;5872;246899;Tidak Ada;2
2059;5872;246900;Tidak Ada;2
2060;252;10983;Tidak Ada;2
2061;5872;246901;Tidak Ada;2
2062;5959;250188;Tidak Ada;2
2063;5872;246902;Tidak Ada;2
2064;252;10984;Tidak Ada;2
2065;5959;250189;Tidak Ada;2
2066;5872;246903;Tidak Ada;2
2067;114;4680;Tidak Ada;2
2068;252;10985;Tidak Ada;2
2069;5872;246904;Tidak Ada;2
2070;5872;246905;Tidak Ada;2
2071;114;4681;Tidak Ada;2
2072;5872;246906;Tidak Ada;2
2073;5959;250190;Tidak Ada;2
2074;252;10986;Tidak Ada;2
2075;5959;250191;Tidak Ada;2
2076;5959;250155;Tidak Ada;2
2077;252;10987;Tidak Ada;2
2078;114;4682;Tidak Ada;2
2079;5959;250156;Tidak Ada;2
2080;252;10988;Tidak Ada;2
2081;5959;250157;Tidak Ada;2
2082;252;10989;Tidak Ada;2
2083;252;10990;Tidak Ada;2
2084;252;10991;Tidak Ada;2
2085;5959;250158;Tidak Ada;2
2086;252;10992;Tidak Ada;2
2087;252;10993;Tidak Ada;2
2088;5959;250159;Tidak Ada;2
2089;252;10994;Tidak Ada;2
2090;252;10995;Tidak Ada;2
2091;5959;250161;Tidak Ada;2
2092;114;4683;Tidak Ada;2
2093;252;10996;Tidak Ada;2
2094;5959;250162;Tidak Ada;2
2095;114;4684;Tidak Ada;2
2096;252;10997;Tidak Ada;2
2097;114;4685;Tidak Ada;2
2098;252;10998;Tidak Ada;2
2099;114;4686;Tidak Ada;2
2100;252;10999;Tidak Ada;2
2101;114;4687;Tidak Ada;2
2102;252;11000;Tidak Ada;2
2103;114;4688;Tidak Ada;2
2104;252;11001;Tidak Ada;2
2105;114;4689;Tidak Ada;2
2106;252;11002;Tidak Ada;2
2107;252;11003;Tidak Ada;2
2108;114;4690;Tidak Ada;2
2109;252;11004;Tidak Ada;2
2110;114;4691;Tidak Ada;2
2111;252;11005;Tidak Ada;2
2112;114;4692;Tidak Ada;2
2113;252;11006;Tidak Ada;2
2114;116;4711;Tidak Ada;2
2115;252;11007;Tidak Ada;2
2116;5959;250163;Tidak Ada;2
2117;252;11008;Tidak Ada;2
2118;116;4712;Tidak Ada;2
2119;5959;250164;Tidak Ada;2
2120;252;11009;Tidak Ada;2
2121;252;11010;Tidak Ada;2
2122;116;4713;Tidak Ada;2
2123;5959;250165;Tidak Ada;2
2124;116;4714;Tidak Ada;2
2125;5959;250166;Tidak Ada;2
2126;116;4715;Tidak Ada;2
2127;116;4716;Tidak Ada;2
2128;116;4717;Tidak Ada;2
2129;116;4718;Tidak Ada;2
2130;116;4719;Tidak Ada;2
2131;116;4720;Tidak Ada;2
2132;5897;247839;Tidak Ada;2
2133;5897;247840;Tidak Ada;2
2134;244;10640;Tidak Ada;2
2135;244;10641;Tidak Ada;2
2136;244;10642;Tidak Ada;2
2137;244;10643;Tidak Ada;2
2138;244;10644;Tidak Ada;2
2139;244;10645;Tidak Ada;2
2140;244;10646;Tidak Ada;2
2141;244;10647;Tidak Ada;2
2142;244;10648;Tidak Ada;2
2143;244;10649;Tidak Ada;2
2144;244;10650;Tidak Ada;2
2145;5967;250456;Tidak Ada;2
2146;5967;250457;Tidak Ada;2
2147;5967;250458;20 Agustus 2018;2
2148;5967;250459;Tidak Ada;2
2149;5967;250460;Rp1;2
2150;5967;250461;Tidak Ada;2
2151;5967;250462;Rp1;2
2152;5967;250463;Tidak Ada;2
2153;5967;250464;Rupiah;2
2154;5967;250465;Rp73 triliun;2
2155;5967;250466;Rp1;2
2156;5967;250467;Tidak Ada;2
2157;5967;250468;Tidak Ada;2
2158;5967;250469;Tidak Ada;2
2159;5967;250470;Tidak Ada;2
2160;5967;250471;Tidak Ada;2
2161;5967;250472;Rp1;2
2162;5967;250473;Tidak Ada;2
2163;5967;250474;Tidak Ada;2
2164;71;3135;Tidak Ada;2
2165;71;3136;Tidak Ada;2
2166;71;3137;Tidak Ada;2
2167;71;3138;Tidak Ada;2
2168;71;3139;Tidak Ada;2
2169;71;3140;Tidak Ada;2
2170;71;3141;Tidak Ada;2
2171;71;3142;Tidak Ada;2
2172;71;3114;Tidak Ada;2
2173;71;3115;Tidak Ada;2
2174;71;3116;Tidak Ada;2
2175;71;3117;Tidak Ada;2
2176;71;3118;Tidak Ada;2
2177;71;3119;Tidak Ada;2
2178;71;3120;Tidak Ada;2
2179;71;3121;Tidak Ada;2
2180;71;3122;Tidak Ada;2
2181;71;3123;Tidak Ada;2
2182;71;3124;Tidak Ada;2
2183;71;3125;Tidak Ada;2
2184;141;6037;Tidak Ada;2
2185;71;3126;Tidak Ada;2
2186;71;3127;Tidak Ada;2
2187;71;3128;Tidak Ada;2
2188;141;6038;Tidak Ada;2
2189;71;3129;Tidak Ada;2
2190;71;3130;Tidak Ada;2
2191;71;3131;Tidak Ada;2
2192;71;3132;Tidak Ada;2
2193;71;3133;Tidak Ada;2
2194;5926;248930;Tidak Ada;2
2195;5926;248931;Tidak Ada;2
2196;141;6039;Tidak Ada;2
2197;5926;248932;Tidak Ada;2
2198;5926;248933;Tidak Ada;2
2199;5926;248934;Tidak Ada;2
2200;5926;248935;Tidak Ada;2
2201;141;6040;Tidak Ada;2
2202;141;6041;Tidak Ada;2
2203;5926;248936;Tidak Ada;2
2204;141;6042;Tidak Ada;2
2205;141;6043;Tidak Ada;2
2206;5926;248937;Tidak Ada;2
2207;5926;248892;Tidak Ada;2
2208;141;6044;Tidak Ada;2
2209;5926;248893;Tidak Ada;2
2210;5926;248894;Tidak Ada;2
2211;5926;248897;Tidak Ada;2
2212;5926;248898;Tidak Ada;2
2213;5926;248899;Tidak Ada;2
2214;5926;248900;Tidak Ada;2
2215;5926;248901;Tidak Ada;2
2216;5926;248902;Tidak Ada;2
2217;5926;248903;Tidak Ada;2
2218;5926;248904;Tidak Ada;2
2219;5926;248905;Tidak Ada;2
2220;5926;248906;Tidak Ada;2
2221;5926;248907;Tidak Ada;2
2222;5926;248908;Tidak Ada;2
2223;141;6045;Tidak Ada;2
2224;141;6046;Tidak Ada;2
2225;141;5966;Tidak Ada;2
2226;141;5967;Tidak Ada;2
2227;5926;248909;Tidak Ada;2
2228;5926;248910;Tidak Ada;2
2229;141;5968;Tidak Ada;2
2230;141;5969;Tidak Ada;2
2231;141;5970;Tidak Ada;2
2232;5967;250475;Tidak Ada;2
2233;5967;250476;Tidak Ada;2
2234;5967;250477;Tidak Ada;2
2235;5967;250478;Tidak Ada;2
2236;76;3279;Tidak Ada;2
2237;5967;250479;Tidak Ada;2
2238;76;3280;Tidak Ada;2
2239;5967;250480;Tidak Ada;2
2240;5967;250481;Tidak Ada;2
2241;203;8875;Tidak Ada;2
2242;203;8876;Tidak Ada;2
2243;5967;250482;Tidak Ada;2
2244;203;8877;Tidak Ada;2
2245;203;8878;Tidak Ada;2
2246;203;8879;Tidak Ada;2
2247;5967;250483;Tidak Ada;2
2248;203;8880;Tidak Ada;2
2249;203;8881;Tidak Ada;2
2250;293;12549;Tidak Ada;2
2251;203;8882;Tidak Ada;2
2252;293;12550;Tidak Ada;2
2253;203;8883;Tidak Ada;2
2254;203;8884;Tidak Ada;2
2255;5967;250484;Tidak Ada;2
2256;293;12551;Tidak Ada;2
2257;293;12552;Tidak Ada;2
2258;203;8885;Tidak Ada;2
2259;293;12553;Tidak Ada;2
2260;203;8886;Tidak Ada;2
2261;293;12554;Tidak Ada;2
2262;5967;250485;Tidak Ada;2
2263;203;8887;Tidak Ada;2
2264;293;12555;Tidak Ada;2
2265;203;8888;Tidak Ada;2
2266;293;12556;Tidak Ada;2
2267;203;8889;Tidak Ada;2
2268;5967;250486;Tidak Ada;2
2269;293;12557;Tidak Ada;2
2270;293;12558;Tidak Ada;2
2271;203;8890;Tidak Ada;2
2272;293;12559;Tidak Ada;2
2273;203;8891;Tidak Ada;2
2274;293;12560;Tidak Ada;2
2275;76;3281;Tidak Ada;2
2276;203;8892;Tidak Ada;2
2277;293;12561;Tidak Ada;2
2278;293;12562;Tidak Ada;2
2279;76;3282;Tidak Ada;2
2280;293;12563;Tidak Ada;2
2281;5967;250487;Tidak Ada;2
2282;293;12564;Tidak Ada;2
2283;76;3283;Tidak Ada;2
2284;294;12565;Tidak Ada;2
2285;76;3284;Tidak Ada;2
2286;294;12566;Tidak Ada;2
2287;203;8893;Tidak Ada;2
2288;203;8894;Tidak Ada;2
2289;294;12567;Tidak Ada;2
2290;203;8895;Tidak Ada;2
2291;294;12569;Tidak Ada;2
2292;96;4016;Tidak Ada;2
2293;294;12570;Tidak Ada;2
2294;141;5971;Tidak Ada;2
2295;203;8896;Tidak Ada;2
2296;294;12572;Tidak Ada;2
2297;5967;250488;Tidak Ada;2
2298;141;5972;Tidak Ada;2
2299;203;8897;Tidak Ada;2
2300;96;4017;Tidak Ada;2
2301;294;12573;Tidak Ada;2
2302;203;8898;Tidak Ada;2
2303;294;12574;Tidak Ada;2
2304;203;8899;Tidak Ada;2
2305;96;4018;Tidak Ada;2
2306;294;12575;Tidak Ada;2
2307;203;8900;Tidak Ada;2
2308;96;4019;Tidak Ada;2
2309;203;8901;Tidak Ada;2
2310;5919;248647;Tidak Ada;2
2311;5919;248648;Tidak Ada;2
2312;96;4020;Tidak Ada;2
2313;5919;248616;Tidak Ada;2
2314;5919;248617;Tidak Ada;2
2315;5919;248618;Tidak Ada;2
2316;5919;248619;Tidak Ada;2
2317;5919;248620;Tidak Ada;2
2318;5919;248621;Tidak Ada;2
2319;96;4021;Tidak Ada;2
2320;5919;248622;Tidak Ada;2
2321;5919;248623;Tidak Ada;2
2322;294;12576;Tidak Ada;2
2323;5919;248624;Tidak Ada;2
2324;5919;248625;Tidak Ada;2
2325;5919;248626;Tidak Ada;2
2326;96;3965;Tidak Ada;2
2327;96;3966;Tidak Ada;2
2328;96;3967;Tidak Ada;2
2329;5919;248627;Tidak Ada;2
2330;294;12577;Tidak Ada;2
2331;96;3968;Tidak Ada;2
2332;5919;248628;Tidak Ada;2
2333;96;3969;Tidak Ada;2
2334;5919;248629;Tidak Ada;2
2335;294;12578;Tidak Ada;2
2336;5919;248630;Tidak Ada;2
2337;96;3970;Tidak Ada;2
2338;5919;248631;Tidak Ada;2
2339;5919;248632;Tidak Ada;2
2340;5919;248633;Tidak Ada;2
2341;96;3971;Tidak Ada;2
2342;5919;248635;Tidak Ada;2
2343;294;12579;Tidak Ada;2
2344;96;3972;Tidak Ada;2
2345;294;12580;Tidak Ada;2
2346;96;3973;Tidak Ada;2
2347;96;3974;Tidak Ada;2
2348;294;12581;Tidak Ada;2
2349;294;12582;Tidak Ada;2
2350;294;12583;Tidak Ada;2
2351;96;3975;Tidak Ada;2
2352;294;12584;Tidak Ada;2
2353;96;3976;Tidak Ada;2
2354;96;3977;Tidak Ada;2
2355;96;3978;Tidak Ada;2
2356;96;3979;Tidak Ada;2
2357;96;3980;Tidak Ada;2
2358;96;3981;Tidak Ada;2
2359;96;3982;Tidak Ada;2
2360;96;3983;Tidak Ada;2
2361;96;3984;Tidak Ada;2
2362;96;3985;Tidak Ada;2
2363;96;3986;Tidak Ada;2
2364;96;3988;Tidak Ada;2
2365;96;3989;Tidak Ada;2
2366;109;4462;Tidak Ada;2
2367;5895;247789;Tidak Ada;2
2368;109;4463;Tidak Ada;2
2369;5895;247759;Tidak Ada;2
2370;109;4464;Tidak Ada;2
2371;5895;247760;Tidak Ada;2
2372;5895;247761;Tidak Ada;2
2373;96;3990;Tidak Ada;2
2374;5895;247762;Tidak Ada;2
2375;109;4465;Tidak Ada;2
2376;96;3991;Tidak Ada;2
2377;5895;247763;Tidak Ada;2
2378;109;4466;Tidak Ada;2
2379;96;3992;Tidak Ada;2
2380;96;3993;Tidak Ada;2
2381;5895;247764;Tidak Ada;2
2382;5895;247765;Tidak Ada;2
2383;5895;247766;Tidak Ada;2
2384;5895;247767;Tidak Ada;2
2385;5895;247768;Tidak Ada;2
2386;5895;247772;Tidak Ada;2
2387;5895;247776;Tidak Ada;2
2388;5895;247777;Tidak Ada;2
2389;5895;247778;Tidak Ada;2
2390;5895;247779;Tidak Ada;2
2391;5895;247780;Tidak Ada;2
2392;5895;247781;Tidak Ada;2
2393;5895;247782;dolar;2
2394;5895;247785;dolar as;2
2395;5895;247785;Rupiah;2
2396;5895;247788;Tidak Ada;2
2397;109;4467;Tidak Ada;2
2398;5898;247906;Tidak Ada;2
2399;5898;247856;Tidak Ada;2
2400;109;4468;Tidak Ada;2
2401;5898;247857;Tidak Ada;2
2402;5898;247858;Tidak Ada;2
2403;5898;247859;Tidak Ada;2
2404;5898;247860;Tidak Ada;2
2405;5898;247863;Tidak Ada;2
2406;5898;247866;Tidak Ada;2
2407;5898;247867;Tidak Ada;2
2408;5898;247869;Tidak Ada;2
2409;5898;247870;Tidak Ada;2
2410;5898;247871;Tidak Ada;2
2411;109;4469;Tidak Ada;2
2412;5898;247872;Tidak Ada;2
2413;109;4470;Tidak Ada;2
2414;5898;247873;Tidak Ada;2
2415;5898;247874;Tidak Ada;2
2416;109;4471;Tidak Ada;2
2417;109;4472;Tidak Ada;2
2418;5898;247875;Tidak Ada;2
2419;5898;247877;Tidak Ada;2
2420;5898;247879;Tidak Ada;2
2421;109;4473;Tidak Ada;2
2422;5898;247880;Tidak Ada;2
2423;5898;247881;Tidak Ada;2
2424;5898;247883;Tidak Ada;2
2425;5898;247884;Tidak Ada;2
2426;5898;247886;Tidak Ada;2
2427;109;4474;Tidak Ada;2
2428;5898;247890;Tidak Ada;2
2429;5898;247891;Tidak Ada;2
2430;109;4475;Tidak Ada;2
2431;5898;247892;Tidak Ada;2
2432;5898;247893;Tidak Ada;2
2433;3;119;Tidak Ada;2
2434;3;120;Tidak Ada;2
2435;3;121;Tidak Ada;2
2436;3;122;Tidak Ada;2
2437;3;123;Tidak Ada;2
2438;3;124;Tidak Ada;2
2439;3;125;Tidak Ada;2
2440;3;126;Tidak Ada;2
2441;3;127;Tidak Ada;2
2442;3;128;Rp300;2
2443;3;128;Rp300 juta;2
2444;3;128;juta;2
2445;3;129;Tidak Ada;2
2446;3;130;Tidak Ada;2
2447;351;15090;Tidak Ada;2
2448;3;131;Tidak Ada;2
2449;351;15091;Tidak Ada;2
2450;351;15092;Tidak Ada;2
2451;3;132;Tidak Ada;2
2452;351;15094;Tidak Ada;2
2453;3;133;Tidak Ada;2
2454;5898;247894;Tidak Ada;2
2455;109;4476;Tidak Ada;2
2456;109;4477;Tidak Ada;2
2457;4;184;Tidak Ada;2
2458;5898;247895;Tidak Ada;2
2459;4;185;Tidak Ada;2
2460;109;4478;Tidak Ada;2
2461;5898;247896;Tidak Ada;2
2462;115;4693;Tidak Ada;2
2463;5898;247897;Tidak Ada;2
2464;4;186;Tidak Ada;2
2465;5898;247901;Tidak Ada;2
2466;4;187;Tidak Ada;2
2467;5898;247903;Tidak Ada;2
2468;115;4694;Tidak Ada;2
2469;4;188;Tidak Ada;2
2470;4;189;Tidak Ada;2
2471;5898;247904;Tidak Ada;2
2472;115;4695;Tidak Ada;2
2473;4;190;Tidak Ada;2
2474;4;191;Tidak Ada;2
2475;115;4696;Tidak Ada;2
2476;5901;248011;Tidak Ada;2
2477;4;192;Tidak Ada;2
2478;4;134;Tidak Ada;2
2479;5901;248012;Tidak Ada;2
2480;4;135;Tidak Ada;2
2481;4;136;Tidak Ada;2
2482;5901;248013;Tidak Ada;2
2483;4;137;Tidak Ada;2
2484;115;4697;Tidak Ada;2
2485;115;4698;Tidak Ada;2
2486;5901;248015;Tidak Ada;2
2487;115;4699;Tidak Ada;2
2488;5901;248016;Tidak Ada;2
2489;115;4700;Tidak Ada;2
2490;5901;248017;Tidak Ada;2
2491;115;4701;Tidak Ada;2
2492;5901;248018;Tidak Ada;2
2493;115;4702;Tidak Ada;2
2494;192;8397;Tidak Ada;2
2495;115;4703;Tidak Ada;2
2496;5901;248019;Tidak Ada;2
2497;115;4704;Tidak Ada;2
2498;192;8398;Tidak Ada;2
2499;115;4705;Tidak Ada;2
2500;306;13126;Tidak Ada;2
2501;306;13127;Tidak Ada;2
2502;115;4706;Tidak Ada;2
2503;306;13128;Tidak Ada;2
2504;306;13129;Tidak Ada;2
2505;306;13130;Tidak Ada;2
2506;115;4707;Tidak Ada;2
2507;306;13131;Tidak Ada;2
2508;115;4708;Tidak Ada;2
2509;306;13132;Tidak Ada;2
2510;306;13133;Tidak Ada;2
2511;306;13134;Tidak Ada;2
2512;306;13135;Tidak Ada;2
2513;306;13136;Tidak Ada;2
2514;306;13137;Tidak Ada;2
2515;115;4709;Tidak Ada;2
2516;306;13138;Tidak Ada;2
2517;306;13139;Tidak Ada;2
2518;115;4710;Tidak Ada;2
2519;306;13140;Tidak Ada;2
2520;306;13141;Tidak Ada;2
2521;306;13142;Tidak Ada;2
2522;5901;248020;Tidak Ada;2
2523;5901;247991;Tidak Ada;2
2524;306;13143;Tidak Ada;2
2525;116;4721;Tidak Ada;2
2526;306;13144;Tidak Ada;2
2527;306;13145;Tidak Ada;2
2528;306;13146;Tidak Ada;2
2529;116;4722;Tidak Ada;2
2530;116;4723;Tidak Ada;2
2531;116;4724;Tidak Ada;2
2532;116;4725;Tidak Ada;2
2533;122;5172;Tidak Ada;2
2534;5901;247992;Tidak Ada;2
2535;122;5173;Tidak Ada;2
2536;5901;247993;Tidak Ada;2
2537;122;5174;Tidak Ada;2
2538;116;4726;Tidak Ada;2
2539;5901;247994;Tidak Ada;2
2540;122;5175;Tidak Ada;2
2541;5901;247995;Tidak Ada;2
2542;122;5176;Tidak Ada;2
2543;122;5177;Tidak Ada;2
2544;122;5178;Tidak Ada;2
2545;116;4727;Tidak Ada;2
2546;122;5179;Tidak Ada;2
2547;122;5180;Tidak Ada;2
2548;122;5181;Tidak Ada;2
2549;116;4728;Tidak Ada;2
2550;122;5142;Tidak Ada;2
2551;116;4729;Tidak Ada;2
2552;116;4730;Tidak Ada;2
2553;116;4731;Tidak Ada;2
2554;116;4732;Tidak Ada;2
2555;116;4733;Tidak Ada;2
2556;116;4734;Tidak Ada;2
2557;116;4735;Tidak Ada;2
2558;5958;250140;Tidak Ada;2
2559;116;4736;Tidak Ada;2
2560;5958;250142;Tidak Ada;2
2561;5958;250144;Tidak Ada;2
2562;5958;250145;Tidak Ada;2
2563;5958;250120;Tidak Ada;2
2564;5958;250121;Tidak Ada;2
2565;116;4737;Tidak Ada;2
2566;116;4738;Tidak Ada;2
2567;116;4739;Tidak Ada;2
2568;116;4740;Tidak Ada;2
2569;5959;250167;Tidak Ada;2
2570;5959;250168;Tidak Ada;2
2571;5959;250169;Tidak Ada;2
2572;116;4741;Tidak Ada;2
2573;5959;250170;Tidak Ada;2
2574;5959;250171;Tidak Ada;2
2575;116;4742;Tidak Ada;2
2576;5959;250172;Tidak Ada;2
2577;5958;250122;Tidak Ada;2
2578;5959;250173;Tidak Ada;2
2579;204;8921;Tidak Ada;2
2580;5959;250174;Tidak Ada;2
2581;5958;250123;Tidak Ada;2
2582;5959;250175;Tidak Ada;2
2583;116;4743;Tidak Ada;2
2584;5958;250126;Tidak Ada;2
2585;204;8922;Tidak Ada;2
2586;5959;250176;Tidak Ada;2
2587;204;8923;Tidak Ada;2
2588;5958;250128;Tidak Ada;2
2589;5958;250129;Tidak Ada;2
2590;204;8924;Tidak Ada;2
2591;5959;250177;Tidak Ada;2
2592;204;8925;Tidak Ada;2
2593;204;8926;Tidak Ada;2
2594;5958;250130;Tidak Ada;2
2595;5958;250133;Tidak Ada;2
2596;5959;250178;Tidak Ada;2
2597;204;8927;Tidak Ada;2
2598;5959;250179;Tidak Ada;2
2599;204;8928;Tidak Ada;2
2600;204;8929;Tidak Ada;2
2601;5958;250134;Tidak Ada;2
2602;5959;250180;Tidak Ada;2
2603;5936;249260;Tidak Ada;2
2604;204;8930;Tidak Ada;2
2605;5959;250181;Tidak Ada;2
2606;5936;249267;Tidak Ada;2
2607;5959;250182;Tidak Ada;2
2608;204;8931;Tidak Ada;2
2609;5936;249268;Tidak Ada;2
2610;204;8932;Tidak Ada;2
2611;5959;250183;Tidak Ada;2
2612;204;8933;Tidak Ada;2
2613;5936;249270;Tidak Ada;2
2614;5959;250184;Tidak Ada;2
2615;5936;249271;Tidak Ada;2
2616;204;8934;Tidak Ada;2
2617;5955;250035;Tidak Ada;2
2618;5936;249284;Tidak Ada;2
2619;204;8935;Tidak Ada;2
2620;5955;250036;Tidak Ada;2
2621;204;8936;Tidak Ada;2
2622;5936;249288;Tidak Ada;2
2623;204;8937;Tidak Ada;2
2624;5936;249295;Tidak Ada;2
2625;204;8938;Tidak Ada;2
2626;5955;250037;Rp958,8 miliar;2
2627;5962;250296;Tidak Ada;2
2628;204;8939;Tidak Ada;2
2629;5962;250297;Tidak Ada;2
2630;204;8940;Tidak Ada;2
2631;5955;250038;Rp557,7 miliar;2
2632;5955;250038;Rp428,1 miliar;2
2633;5962;250267;Tidak Ada;2
2634;204;8941;Tidak Ada;2
2635;5955;250039;Rp1 triliun;2
2636;201;8827;Tidak Ada;2
2637;201;8828;Tidak Ada;2
2638;201;8829;Tidak Ada;2
2639;5955;250040;Rp3,3 triliun;2
2640;201;8830;Tidak Ada;2
2641;5962;250268;Tidak Ada;2
2642;201;8756;Tidak Ada;2
2643;5955;250041;Rp4 triliun;2
2644;201;8757;Tidak Ada;2
2645;5962;250269;Tidak Ada;2
2646;117;4744;Tidak Ada;2
2647;5962;250270;Tidak Ada;2
2648;5955;250042;Tidak Ada;2
2649;5962;250271;Tidak Ada;2
2650;5962;250272;Tidak Ada;2
2651;5955;250043;Tidak Ada;2
2652;117;4745;Tidak Ada;2
2653;5962;250273;Tidak Ada;2
2654;5962;250274;Tidak Ada;2
2655;5955;249995;Tidak Ada;2
2656;5962;250275;Tidak Ada;2
2657;5962;250276;Tidak Ada;2
2658;5955;249996;Tidak Ada;2
2659;5962;250277;Tidak Ada;2
2660;5962;250278;Tidak Ada;2
2661;5955;249997;Tidak Ada;2
2662;5962;250282;Tidak Ada;2
2663;5955;249998;Tidak Ada;2
2664;5962;250283;Tidak Ada;2
2665;5955;249999;Tidak Ada;2
2666;5955;250000;Tidak Ada;2
2667;5962;250286;Tidak Ada;2
2668;5962;250287;Tidak Ada;2
2669;117;4746;Tidak Ada;2
2670;5955;250001;Tidak Ada;2
2671;5955;250003;Tidak Ada;2
2672;117;4747;Tidak Ada;2
2673;117;4748;Tidak Ada;2
2674;5955;250004;Tidak Ada;2
2675;5955;250005;Tidak Ada;2
2676;5955;250007;Tidak Ada;2
2677;117;4749;Tidak Ada;2
2678;5955;250008;Tidak Ada;2
2679;5955;250009;Tidak Ada;2
2680;5955;250010;Tidak Ada;2
2681;117;4750;Tidak Ada;2
2682;5955;250011;Tidak Ada;2
2683;117;4751;Tidak Ada;2
2684;5955;250012;Tidak Ada;2
2685;117;4752;Tidak Ada;2
2686;5955;250013;Tidak Ada;2
2687;5955;250014;Tidak Ada;2
2688;5955;250016;Tidak Ada;2
2689;117;4753;Tidak Ada;2
2690;5955;250017;Tidak Ada;2
2691;5955;250018;Tidak Ada;2
2692;117;4754;Tidak Ada;2
2693;5955;250019;Tidak Ada;2
2694;5955;250020;Tidak Ada;2
2695;117;4755;Tidak Ada;2
2696;5955;250022;Tidak Ada;2
2697;5955;250023;Tidak Ada;2
2698;5955;250024;Tidak Ada;2
2699;5955;250025;Tidak Ada;2
2700;5955;250026;Tidak Ada;2
2701;117;4756;Tidak Ada;2
2702;5955;250027;Tidak Ada;2
2703;5955;250028;Tidak Ada;2
2704;5955;250029;Tidak Ada;2
2705;5955;250030;Tidak Ada;2
2706;306;13147;Tidak Ada;2
2707;306;13148;Tidak Ada;2
2708;306;13149;Tidak Ada;2
2709;306;13150;Tidak Ada;2
2710;306;13151;Tidak Ada;2
2711;306;13152;Tidak Ada;2
2712;306;13153;Tidak Ada;2
2713;312;13407;Tidak Ada;2
2714;312;13408;Tidak Ada;2
2715;312;13409;Tidak Ada;2
2716;192;8399;Tidak Ada;2
2717;192;8400;Tidak Ada;2
2718;192;8401;Tidak Ada;2
2719;192;8402;Tidak Ada;2
2720;192;8403;Tidak Ada;2
2721;192;8404;Tidak Ada;2
2722;192;8405;Tidak Ada;2
2723;351;15095;Tidak Ada;2
2724;351;15096;Tidak Ada;2
2725;351;15097;Tidak Ada;2
2726;351;15098;Tidak Ada;2
2727;351;15099;Tidak Ada;2
2728;351;15100;Tidak Ada;2
2729;351;15101;Tidak Ada;2
2730;351;15102;Tidak Ada;2
2731;222;9450;Tidak Ada;2
2732;222;9451;Tidak Ada;2
2733;222;9452;Tidak Ada;2
2734;222;9453;Tidak Ada;2
2735;222;9454;Tidak Ada;2
2736;141;5973;Tidak Ada;2
2737;222;9455;Tidak Ada;2
2738;141;5974;Tidak Ada;2
2739;141;5975;Tidak Ada;2
2740;141;5976;Tidak Ada;2
2741;141;5977;Tidak Ada;2
2742;141;5978;Tidak Ada;2
2743;141;5979;Tidak Ada;2
2744;141;5980;Tidak Ada;2
2745;141;5981;Tidak Ada;2
2746;222;9456;Tidak Ada;2
2747;222;9457;Tidak Ada;2
2748;222;9458;Tidak Ada;2
2749;222;9459;Tidak Ada;2
2750;141;5982;Tidak Ada;2
2751;141;5983;Tidak Ada;2
2752;222;9460;Tidak Ada;2
2753;222;9461;Tidak Ada;2
2754;222;9462;Tidak Ada;2
2755;222;9463;Tidak Ada;2
2756;222;9464;Rp30 ribu;2
2757;222;9465;Rp50 ribu;2
2758;222;9466;Rp15 ribu;2
2759;222;9467;Rp50 ribu;2
2760;222;9468;lima puluh ribu;2
2761;222;9469;Tidak Ada;2
2762;141;5984;Tidak Ada;2
2763;141;5985;Tidak Ada;2
2764;117;4757;Tidak Ada;2
2765;117;4758;Tidak Ada;2
2766;117;4759;Tidak Ada;2
2767;117;4760;Tidak Ada;2
2768;117;4761;Tidak Ada;2
2769;117;4762;Tidak Ada;2
2770;117;4763;Tidak Ada;2
2771;117;4764;Tidak Ada;2
2772;117;4765;Tidak Ada;2
2773;117;4766;Tidak Ada;2
2774;117;4767;Tidak Ada;2
2775;117;4768;Tidak Ada;2
2776;117;4769;Tidak Ada;2
2777;117;4770;Tidak Ada;2
2778;117;4771;Tidak Ada;2
2779;117;4772;Tidak Ada;2
2780;117;4772;Tidak Ada;2
2781;5926;248912;Tidak Ada;2
2782;5926;248913;Tidak Ada;2
2783;117;4773;Tidak Ada;2
2784;5926;248914;Tidak Ada;2
2785;117;4774;Tidak Ada;2
2786;5926;248915;Tidak Ada;2
2787;5926;248916;Tidak Ada;2
2788;5926;248918;Tidak Ada;2
2789;117;4775;Tidak Ada;2
2790;5926;248920;Tidak Ada;2
2791;5926;248921;Tidak Ada;2
2792;117;4776;Tidak Ada;2
2793;5926;248922;Tidak Ada;2
2794;5926;248923;Tidak Ada;2
2795;117;4777;Tidak Ada;2
2796;5926;248926;Tidak Ada;2
2797;5926;248928;Tidak Ada;2
2798;5926;248929;Tidak Ada;2
2799;117;4778;Tidak Ada;2
2800;117;4779;Tidak Ada;2
2801;117;4780;Tidak Ada;2
2802;123;5209;Tidak Ada;2
2803;123;5210;Tidak Ada;2
2804;5816;244358;Tidak Ada;2
2805;5816;244360;Tidak Ada;2
2806;5816;244361;Tidak Ada;2
2807;5816;244362;Tidak Ada;2
2808;123;5211;Tidak Ada;2
2809;5816;244363;Tidak Ada;2
2810;5816;244364;Tidak Ada;2
2811;5816;244365;Tidak Ada;2
2812;5816;244366;Tidak Ada;2
2813;4;138;Tidak Ada;2
2814;123;5212;Tidak Ada;2
2815;5816;244367;Tidak Ada;2
2816;5816;244368;Tidak Ada;2
2817;5816;244338;Tidak Ada;2
2818;4;139;Tidak Ada;2
2819;123;5213;Tidak Ada;2
2820;5816;244339;Tidak Ada;2
2821;5816;244340;Tidak Ada;2
2822;123;5214;Tidak Ada;2
2823;5816;244341;Tidak Ada;2
2824;4;140;Tidak Ada;2
2825;5919;248636;Tidak Ada;2
2826;123;5215;Tidak Ada;2
2827;4;141;Tidak Ada;2
2828;5816;244342;Tidak Ada;2
2829;5919;248637;Tidak Ada;2
2830;5816;244343;Tidak Ada;2
2831;5919;248638;Tidak Ada;2
2832;5816;244344;Tidak Ada;2
2833;123;5216;Tidak Ada;2
2834;5816;244345;Tidak Ada;2
2835;123;5217;Tidak Ada;2
2836;5816;244346;Tidak Ada;2
2837;5816;244347;Tidak Ada;2
2838;123;5218;Tidak Ada;2
2839;5816;244348;Tidak Ada;2
2840;123;5219;Tidak Ada;2
2841;5816;244349;Tidak Ada;2
2842;123;5220;Tidak Ada;2
2843;4;142;Tidak Ada;2
2844;5816;244350;Tidak Ada;2
2845;5816;244351;Tidak Ada;2
2846;123;5221;Tidak Ada;2
2847;5816;244352;Tidak Ada;2
2848;5816;244353;Tidak Ada;2
2849;123;5222;Tidak Ada;2
2850;5816;244354;Tidak Ada;2
2851;123;5223;Tidak Ada;2
2852;5816;244355;Tidak Ada;2
2853;5816;244356;Tidak Ada;2
2854;5816;244357;Tidak Ada;2
2855;123;5224;Tidak Ada;2
2856;123;5225;Tidak Ada;2
2857;123;5226;Tidak Ada;2
2858;123;5227;Tidak Ada;2
2859;123;5228;Tidak Ada;2
2860;123;5229;Tidak Ada;2
2861;123;5230;Tidak Ada;2
2862;123;5231;Tidak Ada;2
2863;123;5232;Tidak Ada;2
2864;123;5233;Tidak Ada;2
2865;123;5234;Tidak Ada;2
2866;123;5235;Tidak Ada;2
2867;123;5236;Tidak Ada;2
2868;123;5237;Tidak Ada;2
2869;123;5238;Tidak Ada;2
2870;123;5239;Tidak Ada;2
2871;141;5986;Tidak Ada;2
2872;5952;249851;Tidak Ada;2
2873;5953;249904;Tidak Ada;2
2874;5854;246119;Tidak Ada;2
2875;5854;246120;Tidak Ada;2
2876;5854;246121;Tidak Ada;2
2877;5854;246122;Tidak Ada;2
2878;5854;246123;Tidak Ada;2
2879;45;2100;Tidak Ada;2
2880;5854;246124;Tidak Ada;2
2881;45;2101;Tidak Ada;2
2882;5854;246125;Tidak Ada;2
2883;5854;246126;Tidak Ada;2
2884;45;2102;Tidak Ada;2
2885;5854;246127;Tidak Ada;2
2886;5854;246128;Tidak Ada;2
2887;5854;246129;Tidak Ada;2
2888;5854;246130;Tidak Ada;2
2889;45;2103;Tidak Ada;2
2890;5854;246131;Tidak Ada;2
2891;45;2104;Tidak Ada;2
2892;5854;246132;Tidak Ada;2
2893;45;2105;Tidak Ada;2
2894;5854;246133;Tidak Ada;2
2895;5854;246134;Tidak Ada;2
2896;5854;246135;Tidak Ada;2
2897;45;2106;Tidak Ada;2
2898;5854;246136;Tidak Ada;2
2899;45;2107;Tidak Ada;2
2900;5854;246137;Tidak Ada;2
2901;5854;246138;Tidak Ada;2
2902;5854;246139;Tidak Ada;2
2903;5854;246140;Tidak Ada;2
2904;5854;246141;Tidak Ada;2
2905;5955;250031;Tidak Ada;2
2906;45;2108;7,18 sen USD;2
2907;5854;246142;Tidak Ada;2
2908;5955;250032;Tidak Ada;2
2909;5854;246143;Tidak Ada;2
2910;45;2109;Tidak Ada;2
2911;5854;246144;Tidak Ada;2
2912;5955;250033;Tidak Ada;2
2913;5955;250034;Tidak Ada;2
2914;5854;246145;Tidak Ada;2
2915;5961;250257;Tidak Ada;2
2916;5854;246146;Tidak Ada;2
2917;5961;250258;Tidak Ada;2
2918;5854;246147;Tidak Ada;2
2919;5854;246148;Tidak Ada;2
2920;45;2110;Tidak Ada;2
2921;5961;250259;Tidak Ada;2
2922;5854;246149;Tidak Ada;2
2923;5854;246150;Tidak Ada;2
2924;5961;250260;Tidak Ada;2
2925;5854;246151;Tidak Ada;2
2926;5961;250261;Tidak Ada;2
2927;5961;250264;Tidak Ada;2
2928;5854;246152;Tidak Ada;2
2929;5854;246153;Tidak Ada;2
2930;5961;250265;Tidak Ada;2
2931;5854;246154;Tidak Ada;2
2932;5854;246155;Tidak Ada;2
2933;5961;250227;Tidak Ada;2
2934;5854;246156;Tidak Ada;2
2935;5961;250228;Tidak Ada;2
2936;5854;246157;Tidak Ada;2
2937;5961;250229;Tidak Ada;2
2938;5854;246158;Tidak Ada;2
2939;5961;250230;Tidak Ada;2
2940;5854;246159;Tidak Ada;2
2941;5961;250231;Tidak Ada;2
2942;5961;250232;Tidak Ada;2
2943;5854;246160;Tidak Ada;2
2944;5854;246161;Tidak Ada;2
2945;5961;250233;Tidak Ada;2
2946;5854;246162;Tidak Ada;2
2947;5961;250234;Tidak Ada;2
2948;5854;246163;Tidak Ada;2
2949;5854;246164;Tidak Ada;2
2950;5854;246165;Tidak Ada;2
2951;5961;250237;Tidak Ada;2
2952;5854;246166;Tidak Ada;2
2953;5854;246167;Tidak Ada;2
2954;5854;246168;Tidak Ada;2
2955;5854;246169;Tidak Ada;2
2956;5854;246170;Tidak Ada;2
2957;5854;246171;Tidak Ada;2
2958;5961;250238;Tidak Ada;2
2959;5961;250239;Tidak Ada;2
2960;123;5240;Tidak Ada;2
2961;123;5241;Tidak Ada;2
2962;123;5242;Tidak Ada;2
2963;123;5243;Tidak Ada;2
2964;123;5244;Tidak Ada;2
2965;123;5245;Tidak Ada;2
2966;123;5246;Tidak Ada;2
2967;123;5247;Tidak Ada;2
2968;123;5248;Tidak Ada;2
2969;123;5249;Tidak Ada;2
2970;123;5250;Tidak Ada;2
2971;123;5251;Tidak Ada;2
2972;123;5252;Tidak Ada;2
2973;123;5253;Tidak Ada;2
2974;123;5254;Tidak Ada;2
2975;123;5255;Tidak Ada;2
2976;123;5256;Tidak Ada;2
2977;123;5257;Tidak Ada;2
2978;123;5258;Tidak Ada;2
2979;123;5259;Tidak Ada;2
2980;123;5260;Tidak Ada;2
2981;123;5261;Tidak Ada;2
2982;123;5262;Tidak Ada;2
2983;136;5720;Tidak Ada;2
2984;136;5721;Tidak Ada;2
2985;136;5722;Tidak Ada;2
2986;136;5723;Tidak Ada;2
2987;136;5724;Tidak Ada;2
2988;136;5725;Tidak Ada;2
2989;136;5726;Tidak Ada;2
2990;136;5727;Tidak Ada;2
2991;136;5728;Tidak Ada;2
2992;136;5729;Tidak Ada;2
2993;136;5730;Tidak Ada;2
2994;136;5731;Tidak Ada;2
2995;136;5732;Tidak Ada;2
2996;136;5733;Tidak Ada;2
2997;5813;244251;Tidak Ada;2
2998;5813;244254;Tidak Ada;2
2999;5813;244255;Tidak Ada;2
3000;5813;244256;Tidak Ada;2
3001;5813;244257;Tidak Ada;2
3002;5813;244260;Tidak Ada;2
3003;5813;244219;Tidak Ada;2
3004;5813;244220;Tidak Ada;2
3005;5813;244221;Tidak Ada;2
3006;5813;244224;Tidak Ada;2
3007;5813;244225;Tidak Ada;2
3008;5813;244226;Tidak Ada;2
3009;4;143;Tidak Ada;2
3010;5813;244228;Tidak Ada;2
3011;5813;244229;Tidak Ada;2
3012;5813;244230;Tidak Ada;2
3013;5813;244232;Tidak Ada;2
3014;5813;244234;Tidak Ada;2
3015;5813;244235;Tidak Ada;2
3016;5813;244236;Tidak Ada;2
3017;5813;244237;Tidak Ada;2
3018;5813;244239;Tidak Ada;2
3019;5813;244242;Tidak Ada;2
3020;5813;244243;Tidak Ada;2
3021;5813;244244;Tidak Ada;2
3022;5813;244249;Tidak Ada;2
3023;5813;244250;Tidak Ada;2
3024;5848;245921;Tidak Ada;2
3025;5848;245922;Tidak Ada;2
3026;5848;245923;Tidak Ada;2
3027;5848;245926;Tidak Ada;2
3028;5848;245899;Tidak Ada;2
3029;5848;245900;Tidak Ada;2
3030;5848;245901;Tidak Ada;2
3031;5848;245902;Tidak Ada;2
3032;5848;245903;Tidak Ada;2
3033;5848;245904;Tidak Ada;2
3034;222;9470;Tidak Ada;2
3035;222;9471;Tidak Ada;2
3036;222;9472;Tidak Ada;2
3037;222;9473;Tidak Ada;2
3038;222;9474;Tidak Ada;2
3039;222;9475;Tidak Ada;2
3040;222;9476;Tidak Ada;2
3041;222;9477;Tidak Ada;2
3042;222;9478;Tidak Ada;2
3043;222;9479;Tidak Ada;2
3044;222;9480;Tidak Ada;2
3045;222;9481;Tidak Ada;2
3046;222;9482;Tidak Ada;2
3047;222;9483;Tidak Ada;2
3048;222;9484;Tidak Ada;2
3049;222;9485;Tidak Ada;2
3050;222;9486;Tidak Ada;2
3051;222;9487;Tidak Ada;2
3052;222;9488;Tidak Ada;2
3053;255;11065;Tidak Ada;2
3054;255;11067;Tidak Ada;2
3055;255;11068;Tidak Ada;2
3056;255;11069;Tidak Ada;2
3057;255;11070;Tidak Ada;2
3058;255;11071;Tidak Ada;2
3059;255;11072;Tidak Ada;2
3060;255;11073;Tidak Ada;2
3061;255;11020;Tidak Ada;2
3062;255;11021;Tidak Ada;2
3063;255;11023;Tidak Ada;2
3064;255;11024;Tidak Ada;2
3065;255;11025;Tidak Ada;2
3066;255;11026;Tidak Ada;2
3067;255;11027;Tidak Ada;2
3068;255;11028;Tidak Ada;2
3069;255;11029;Tidak Ada;2
3070;255;11030;Tidak Ada;2
3071;255;11031;Tidak Ada;2
3072;255;11032;Tidak Ada;2
3073;255;11033;Tidak Ada;2
3074;255;11036;Tidak Ada;2
3075;255;11037;Tidak Ada;2
3076;255;11038;Tidak Ada;2
3077;255;11039;Tidak Ada;2
3078;255;11041;Tidak Ada;2
3079;255;11042;Tidak Ada;2
3080;255;11044;Tidak Ada;2
3081;255;11045;Tidak Ada;2
3082;255;11046;Tidak Ada;2
3083;255;11047;Tidak Ada;2
3084;255;11048;meterai Rp.6.000;2
3085;255;11050;Tidak Ada;2
