id_event;id_berita;id_kalimat;nama_event;isValid
1;15;590;Tidak Ada;1
2;15;579;Tidak Ada;1
3;15;580;Tidak Ada;1
4;15;581;Tidak Ada;1
5;15;583;Tidak Ada;1
6;15;587;Tidak Ada;0
7;15;588;Tidak Ada;1
8;15;590;Twitter,;0
9;3;92;Honda Jazz Brio Tuning Contest;1
10;3;93;Honda Jazz Tuning Contest;1
11;3;93;Honda Brio Tuning Contest;1
12;3;94;Honda Jazz Tuning Contest \(JTC\);1
13;15;579;Tidak Ada;1
14;3;95;Honda Brio Tuning Contest \(BTC\);1
15;3;96;Honda Jazz Brio Tuning Contest \(JBTC\);1
16;3;97;Tidak Ada;1
17;15;590;Tidak Ada;1
18;15;579;Tidak Ada;1
19;15;580;Tidak Ada;1
20;15;581;Tidak Ada;1
21;15;583;Tidak Ada;1
22;15;587;Survei;2
23;15;588;Tidak Ada;1
24;3;92;Honda Jazz Brio Tuning Contest 2017;1
25;3;93;Honda Jazz Tuning Contest dan Honda Brio Tuning Contest 2017;2
26;3;94;Honda Jazz Tuning Contest \(JTC\);1
27;3;95;Honda Brio Tuning Contest \(BTC\);1
28;3;96;Honda Jazz Brio Tuning Contest \(JBTC\);1
29;3;97;Tidak Ada;1
30;23;851;balap MotoGP;2
31;3;98;Tidak Ada;1
32;3;99;Tidak Ada;1
33;3;100;Honda Jazz Brio Tuning Contest;1
34;3;101;Tidak Ada;2
35;3;102;Tidak Ada;1
36;3;103;Tidak Ada;1
37;3;104;Tidak Ada;1
38;3;105;Tidak Ada;1
39;15;590;Tidak Ada;1
40;3;106;Tidak Ada;1
41;15;579;Tidak Ada;1
42;15;580;Tidak Ada;1
43;15;581;Tidak Ada;1
44;3;107;Tidak Ada;1
45;15;583;Tidak Ada;1
46;3;108;Tidak Ada;1
47;3;109;Tidak Ada;1
48;15;587;Tidak Ada;2
49;3;110;Tidak Ada;1
50;15;588;Tidak Ada;1
51;3;111;Tidak Ada;1
52;3;92;Honda Jazz Brio Tuning Contest 2017\.;2
53;3;112;Tidak Ada;1
54;3;113;Tidak Ada;1
55;3;114;Tidak Ada;1
56;3;115;Tidak Ada;2
57;3;116;Tidak Ada;1
58;3;117;Tidak Ada;1
59;3;118;Tidak Ada;2
60;109;4445;Tidak Ada;2
61;109;4446;Tidak Ada;1
62;109;4447;Tidak Ada;2
63;21;777;Tidak Ada;1
64;21;778;Tidak Ada;1
65;21;779;Tidak Ada;1
66;21;780;Tidak Ada;1
67;21;781;Tidak Ada;1
68;21;782;Tidak Ada;1
69;21;783;Tidak Ada;1
70;21;784;Tidak Ada;1
71;21;785;Tidak Ada;1
72;21;786;Tidak Ada;1
73;21;787;Tidak Ada;1
74;21;788;Tidak Ada;1
75;21;789;Tidak Ada;1
76;21;790;Tidak Ada;1
77;21;791;Tidak Ada;1
78;21;792;Tidak Ada;1
79;21;793;Tidak Ada;1
80;21;794;Tidak Ada;1
81;21;795;Tidak Ada;1
82;21;796;Tidak Ada;1
83;21;797;Tidak Ada;1
84;21;798;Tidak Ada;1
85;21;799;Tidak Ada;1
86;21;800;Tidak Ada;1
87;21;801;Tidak Ada;1
88;21;802;Tidak Ada;1
89;23;852;MotoGP;1
90;23;853;Tidak Ada;1
91;23;854;Moto2;1
92;23;854;Moto3;1
93;23;855;MotoGP;1
94;23;856;Tidak Ada;1
95;23;857;kelas 500cc;0
96;23;858;Tidak Ada;1
97;23;859;Tidak Ada;1
98;23;860;Tidak Ada;1
99;109;4445;Tolerance Film Festival;1
100;109;4446;Tidak Ada;1
101;109;4447;Tidak Ada;1
102;109;4448;Perang Dunia II;1
103;109;4449;Tidak Ada;1
104;109;4450;Tidak Ada;1
105;23;861;Tidak Ada;1
106;109;4451;Tidak Ada;1
107;109;4452;Tidak Ada;1
108;109;4453;Tidak Ada;1
109;23;862;Tidak Ada;1
110;23;863;Grand Prix;1
111;23;864;Tidak Ada;1
112;23;865;Tidak Ada;1
113;23;866;Tidak Ada;1
114;23;867;Tidak Ada;1
115;23;868;Tidak Ada;1
116;23;869;Tidak Ada;1
117;35;1566;Mars 2020;0
118;35;1567;dokumentasi wilayah;0
119;35;1567;penjelajahan area baru;0
120;35;1568;foto;0
121;35;1569;dokumentasi;0
122;197;8572;Tidak Ada;1
123;22;842;Tidak Ada;1
124;22;843;Tidak Ada;1
125;22;844;Tidak Ada;1
126;22;845;Tidak Ada;1
127;22;846;Tidak Ada;1
128;23;870;Tidak Ada;1
129;197;8572;Tidak Ada;1
130;197;8573;Tidak Ada;1
131;197;8574;Tidak Ada;1
132;23;871;Tidak Ada;1
133;23;872;Tidak Ada;1
134;197;8575;Tidak Ada;1
135;197;8578;Tidak Ada;2
136;197;8579;Tidak Ada;1
137;197;8580;Tidak Ada;1
138;197;8581;Tidak Ada;1
139;22;847;Tidak Ada;1
140;23;873;Tidak Ada;1
141;22;848;Tidak Ada;1
142;22;849;Tidak Ada;1
143;100;4134;Tidak Ada;2
144;23;874;Tidak Ada;1
145;22;850;Tidak Ada;1
146;199;8666;kampanye;2
147;199;8667;memperingati Hari Anak Internasional;0
148;199;8668;Kampanye;2
149;199;8669;Badan Perserikatan Bangsa-Bangsa \(PBB\) ini mengundang anak dari seluruh dunia;0
150;199;8670;Tidak Ada;1
151;199;8671;Tidak Ada;1
152;199;8672;kampanye;2
153;199;8673;Tidak Ada;1
154;199;8674;Kampanye;2
155;199;8675;safari;2
156;199;8676;Tidak Ada;1
157;199;8677;Tidak Ada;2
158;22;810;Tidak Ada;2
159;199;8678;Tidak Ada;1
160;199;8679;Tidak Ada;2
161;199;8680;Gerakan Stop Perkawinan Anak;2
162;199;8681;Tidak Ada;1
163;199;8682;Tidak Ada;1
164;199;8683;Tidak Ada;1
165;199;8684;mempelajari data perkawinan anak \(dini\) di Indonesia\.;2
166;199;8685;Tidak Ada;2
167;199;8686;Tidak Ada;2
168;199;8687;Tidak Ada;1
169;199;8688;Tidak Ada;1
170;199;8689;Tidak Ada;1
171;199;8690;Tidak Ada;1
172;199;8691;Tidak Ada;1
173;199;8692;Tidak Ada;1
174;199;8693;Tidak Ada;1
175;199;8694;Tidak Ada;1
176;199;8695;Tidak Ada;1
177;22;811;Tidak Ada;1
178;199;8696;Tidak Ada;1
179;22;812;Tidak Ada;1
180;22;813;kampanye Pilkada 2017;0
181;199;8697;Tidak Ada;2
182;199;8698;Tidak Ada;2
183;199;8699;Tidak Ada;2
184;22;814;Tidak Ada;2
185;199;8700;Tidak Ada;2
186;199;8701;Tidak Ada;2
187;199;8702;Tidak Ada;2
188;199;8703;Tidak Ada;2
189;199;8704;Tidak Ada;2
190;22;815;Tidak Ada;2
191;199;8705;Tidak Ada;2
192;199;8706;Tidak Ada;2
193;199;8707;Tidak Ada;2
194;199;8708;Tidak Ada;2
195;199;8709;Tidak Ada;2
196;199;8710;Tidak Ada;2
197;199;8711;Tidak Ada;2
198;199;8712;Tidak Ada;2
199;199;8713;Tidak Ada;2
200;22;816;Tidak Ada;2
201;199;8714;Tidak Ada;2
202;22;817;Tidak Ada;2
203;199;8715;Tidak Ada;2
204;199;8716;Tidak Ada;2
205;199;8717;Tidak Ada;2
206;199;8718;Tidak Ada;2
207;199;8719;Tidak Ada;2
208;199;8720;Tidak Ada;2
209;199;8721;Tidak Ada;2
210;199;8722;Kampanye;2
211;199;8723;Tidak Ada;2
212;199;8724;Tidak Ada;2
213;199;8725;Tidak Ada;2
214;199;8726;Hari Anak Internasional;2
215;199;8727;Indonesia Layak Anak 2030;2
216;215;9293;Tidak Ada;2
217;22;818;Tidak Ada;2
218;22;819;Tidak Ada;2
219;199;8666;kampanye;2
220;199;8667;Hari Anak Internasional;2
221;199;8668;kampanye;2
222;199;8669;Tidak Ada;2
223;215;9263;Tidak Ada;2
224;199;8670;Tidak Ada;2
225;215;9264;Tidak Ada;2
226;199;8671;Tidak Ada;2
227;199;8672;kampanye gerakan stop perkawinan anak;2
228;199;8673;Tidak Ada;2
229;199;8674;Kampanye;2
230;199;8675;Hari Anak Internasional;2
231;215;9265;Tidak Ada;2
232;199;8676;Tidak Ada;2
233;215;9266;Tidak Ada;2
234;215;9267;Tidak Ada;2
235;199;8677;Tidak Ada;2
236;199;8678;Tidak Ada;2
237;215;9268;Tidak Ada;2
238;215;9269;Tidak Ada;2
239;215;9270;Tidak Ada;2
240;199;8679;Tidak Ada;2
241;215;9271;Tidak Ada;2
242;215;9272;Tidak Ada;2
243;199;8680;Tidak Ada;2
244;215;9273;Tidak Ada;2
245;199;8681;Tidak Ada;2
246;215;9274;Tidak Ada;2
247;199;8682;Tidak Ada;2
248;215;9275;Tidak Ada;2
249;21;803;Tidak Ada;2
250;21;804;Tidak Ada;2
251;21;805;Tidak Ada;2
252;21;806;Tidak Ada;2
253;21;807;Tidak Ada;2
254;21;808;Tidak Ada;2
255;21;809;Tidak Ada;2
256;179;7695;Tidak Ada;2
257;179;7696;Tidak Ada;2
258;179;7697;Tidak Ada;2
259;179;7698;Tidak Ada;2
260;179;7699;Tidak Ada;2
261;179;7700;Tidak Ada;2
262;179;7701;Tidak Ada;2
263;179;7702;Tidak Ada;2
264;179;7703;Tidak Ada;2
265;179;7704;Tidak Ada;2
266;179;7705;Tidak Ada;2
267;179;7706;Tidak Ada;2
268;215;9276;Tidak Ada;2
269;179;7707;Tidak Ada;2
270;179;7708;Tidak Ada;2
271;215;9277;Tidak Ada;2
272;215;9278;Tidak Ada;2
273;215;9280;Tidak Ada;2
274;179;7709;Tidak Ada;2
275;179;7710;Tidak Ada;2
276;179;7711;Tidak Ada;2
277;179;7712;Tidak Ada;2
278;179;7713;Tidak Ada;2
279;179;7714;Tidak Ada;2
280;179;7715;Tidak Ada;2
281;179;7716;Tidak Ada;2
282;179;7717;Tidak Ada;2
283;179;7718;Tidak Ada;2
284;179;7719;Tidak Ada;2
285;179;7720;Tidak Ada;2
286;3;98;Tidak Ada;2
287;3;99;Tidak Ada;2
288;179;7721;Tidak Ada;2
289;179;7722;Tidak Ada;2
290;179;7723;Tidak Ada;2
291;179;7724;Tidak Ada;2
292;179;7725;Tidak Ada;2
293;179;7726;Tidak Ada;2
294;179;7727;Tidak Ada;2
295;179;7728;Tidak Ada;2
296;179;7729;Tidak Ada;2
297;179;7730;Tidak Ada;2
298;179;7731;Tidak Ada;2
299;179;7732;Tidak Ada;2
300;179;7733;Tidak Ada;2
301;179;7734;Tidak Ada;2
302;179;7735;Tidak Ada;2
303;179;7736;Tidak Ada;2
304;179;7737;Tidak Ada;2
305;179;7738;Tidak Ada;2
306;179;7739;Tidak Ada;2
307;179;7740;Tidak Ada;2
308;197;8582;Tidak Ada;2
309;197;8583;Tidak Ada;2
310;197;8584;Tidak Ada;2
311;197;8585;Tidak Ada;2
312;197;8586;Tidak Ada;2
313;197;8587;Tidak Ada;2
314;197;8588;Tidak Ada;2
315;197;8589;Tidak Ada;2
316;100;4135;Tidak Ada;2
317;197;8590;Tidak Ada;2
318;197;8591;Tidak Ada;2
319;197;8592;Tidak Ada;2
320;197;8593;Tidak Ada;2
321;22;820;Tidak Ada;2
322;197;8594;Tidak Ada;2
323;22;821;Tidak Ada;2
324;197;8595;Tidak Ada;2
325;197;8596;Tidak Ada;2
326;197;8597;Tidak Ada;2
327;197;8598;Tidak Ada;2
328;197;8599;Tidak Ada;2
329;197;8600;Tidak Ada;2
330;197;8601;Tidak Ada;2
331;197;8602;Tidak Ada;2
332;197;8603;Tidak Ada;2
333;197;8604;Tidak Ada;2
334;197;8605;Tidak Ada;2
335;197;8606;Tidak Ada;2
336;197;8607;Tidak Ada;2
337;206;8948;Tidak Ada;2
338;206;8949;Tidak Ada;2
339;206;8950;Tidak Ada;2
340;206;8951;Tidak Ada;2
341;206;8952;Tidak Ada;2
342;195;8538;Tidak Ada;2
343;206;8953;Tidak Ada;2
344;206;8957;Tidak Ada;2
345;22;823;Tidak Ada;2
346;195;8539;Tidak Ada;2
347;195;8540;Tidak Ada;2
348;206;8958;Tidak Ada;2
349;206;8959;Tidak Ada;2
350;206;8960;Tidak Ada;2
351;195;8541;Tidak Ada;2
352;206;8961;Tidak Ada;2
353;206;8962;Tidak Ada;2
354;195;8506;Sambutan;2
355;195;8507;Tidak Ada;2
356;206;8963;Tidak Ada;2
357;195;8508;Tidak Ada;2
358;195;8509;Tidak Ada;2
359;195;8510;Tidak Ada;2
360;195;8511;Tidak Ada;2
361;206;8964;Tidak Ada;2
362;206;8965;Tidak Ada;2
363;195;8512;Tidak Ada;2
364;30;1362;Tidak Ada;2
365;195;8513;Tidak Ada;2
366;206;8966;Tidak Ada;2
367;195;8514;Tidak Ada;2
368;30;1363;Tidak Ada;2
369;195;8515;Tidak Ada;2
370;30;1364;Tidak Ada;2
371;206;8967;Tidak Ada;2
372;30;1365;Tidak Ada;2
373;206;8968;Tidak Ada;2
374;195;8516;Tidak Ada;2
375;195;8517;Tidak Ada;2
376;30;1366;Tidak Ada;2
377;195;8518;Tidak Ada;2
378;22;824;Tidak Ada;2
379;195;8519;Tidak Ada;2
380;30;1367;Tidak Ada;2
381;206;8969;Tidak Ada;2
382;195;8520;Tidak Ada;2
383;30;1368;Tidak Ada;2
384;195;8521;Tidak Ada;2
385;206;8970;Tidak Ada;2
386;30;1369;Tidak Ada;2
387;195;8522;Tidak Ada;2
388;206;8971;Tidak Ada;2
389;195;8523;Tidak Ada;2
390;206;8972;Tidak Ada;2
391;206;8973;Tidak Ada;2
392;30;1370;Ekspose Perbenihan dan Sumber daya Genetik Mangga;2
393;22;825;Tidak Ada;2
394;195;8524;Tidak Ada;2
395;195;8525;Tidak Ada;2
396;30;1371;Tidak Ada;2
397;195;8526;Tidak Ada;2
398;206;8974;Tidak Ada;2
399;195;8527;Tidak Ada;2
400;195;8529;Tidak Ada;2
401;195;8531;Tidak Ada;2
402;195;8532;Tidak Ada;2
403;30;1372;Tidak Ada;2
404;195;8533;Tidak Ada;2
405;206;8975;Tidak Ada;2
406;195;8534;Tidak Ada;2
407;195;8535;Tidak Ada;2
408;30;1373;Tidak Ada;2
409;30;1374;Tidak Ada;2
410;206;8976;Tidak Ada;2
411;195;8536;Tidak Ada;2
412;195;8537;Tidak Ada;2
413;206;8977;Tidak Ada;2
414;188;8169;Tidak Ada;2
415;30;1375;Tidak Ada;2
416;206;8978;Tidak Ada;2
417;188;8170;Tidak Ada;2
418;30;1376;Tidak Ada;2
419;188;8171;Tidak Ada;2
420;30;1377;Tidak Ada;2
421;30;1378;Tidak Ada;2
422;188;8172;Tidak Ada;2
423;206;8979;Tidak Ada;2
424;188;8173;Tidak Ada;2
425;30;1379;Tidak Ada;2
426;188;8149;Tidak Ada;2
427;30;1380;Tidak Ada;2
428;206;8980;Tidak Ada;2
429;30;1381;Tidak Ada;2
430;30;1382;Tidak Ada;2
431;206;8981;Tidak Ada;2
432;206;8982;Tidak Ada;2
433;30;1383;Tidak Ada;2
434;100;4136;menyerahkan keketuaan ASEAN kepada Singapura;2
435;30;1384;Tidak Ada;2
436;206;8983;Tidak Ada;2
437;30;1385;Tidak Ada;2
438;188;8150;Tidak Ada;2
439;206;8984;Tidak Ada;2
440;30;1386;Tidak Ada;2
441;206;8985;Tidak Ada;2
442;30;1387;Tidak Ada;2
443;206;8986;Tidak Ada;2
444;188;8151;Tidak Ada;2
445;188;8152;Tidak Ada;2
446;217;9323;Cultural Festival \(BWCF\) 2017;2
447;217;9323;Borobudur Writers;2
448;30;1388;Tidak Ada;2
449;188;8153;Tidak Ada;2
450;22;826;Tidak Ada;2
451;30;1389;Tidak Ada;2
452;217;9324;Gandawyuha dan pencarian religiusitas Agama-agama di Nusantara;2
453;188;8154;Tidak Ada;2
454;217;9325;BWCF 2017;2
455;188;8155;Tidak Ada;2
456;30;1390;Tidak Ada;2
457;217;9326;BWCF ke-6;2
458;30;1391;Tidak Ada;2
459;188;8156;Tidak Ada;2
460;217;9327;Tidak Ada;2
461;188;8157;Tidak Ada;2
462;217;9328;BWCF;2
463;30;1392;Tidak Ada;2
464;188;8158;Tidak Ada;2
465;217;9330;BWFC 2017;2
466;188;8159;Tidak Ada;2
467;188;8160;Tidak Ada;2
468;30;1393;Tidak Ada;2
469;188;8161;Tidak Ada;2
470;188;8162;Tidak Ada;2
471;188;8163;Tidak Ada;2
472;188;8164;Tidak Ada;2
473;188;8165;Tidak Ada;2
474;188;8166;Tidak Ada;2
475;188;8167;Tidak Ada;2
476;188;8168;Tidak Ada;2
477;30;1394;Tidak Ada;2
478;30;1395;Tidak Ada;2
479;210;9099;Tidak Ada;2
480;210;9108;Tidak Ada;2
481;210;9079;Tidak Ada;2
482;30;1396;Tidak Ada;2
483;210;9080;Tidak Ada;2
484;210;9081;Tidak Ada;2
485;210;9082;Tidak Ada;2
486;30;1397;Tidak Ada;2
487;210;9083;Tidak Ada;2
488;30;1398;Tidak Ada;2
489;30;1399;Tidak Ada;2
490;210;9084;Tidak Ada;2
491;210;9085;Tidak Ada;2
492;210;9086;Tidak Ada;2
493;30;1400;Tidak Ada;2
494;30;1401;Tidak Ada;2
495;210;9087;Tidak Ada;2
496;30;1402;Tidak Ada;2
497;45;2090;Tidak Ada;2
498;45;2091;Tidak Ada;2
499;45;2092;Tidak Ada;2
500;45;2094;Tidak Ada;2
501;45;2095;Tidak Ada;2
502;45;2096;Tidak Ada;2
503;45;2097;Tidak Ada;2
504;45;2098;Tidak Ada;2
505;45;2099;Tidak Ada;2
506;215;9281;Tidak Ada;2
507;215;9282;Tidak Ada;2
508;215;9283;Tidak Ada;2
509;215;9284;Tidak Ada;2
510;215;9285;Siaran pers;2
511;215;9286;Tidak Ada;2
512;215;9287;Tidak Ada;2
513;215;9288;Tidak Ada;2
514;215;9290;Tidak Ada;2
515;215;9291;Tidak Ada;2
516;211;9109;Tidak Ada;2
517;211;9110;Tidak Ada;2
518;211;9111;Tidak Ada;2
519;211;9112;Tidak Ada;2
520;211;9113;Tidak Ada;2
521;211;9114;Tidak Ada;2
522;211;9115;Tidak Ada;2
523;211;9116;Tidak Ada;2
524;211;9117;Tidak Ada;2
525;211;9118;Piala Dunia 2018;2
526;211;9119;Tidak Ada;2
527;240;10479;membacakan putusan;2
528;240;10479;pendaftaran parpol peserta Pemilu;2
529;211;9120;Piala AFF U-18;2
530;211;9120;Kualifikasi Piala Asia U-19;2
531;211;9121;Tidak Ada;2
532;211;9122;Tidak Ada;2
533;211;9123;Tidak Ada;2
534;211;9124;Tidak Ada;2
535;211;9125;Tidak Ada;2
536;211;9126;Tidak Ada;2
537;211;9127;Tidak Ada;2
538;211;9128;Tidak Ada;2
539;211;9129;Tidak Ada;2
540;211;9130;Tidak Ada;2
541;211;9131;Tidak Ada;2
542;211;9132;Tidak Ada;2
543;211;9133;Tidak Ada;2
544;211;9134;Tidak Ada;2
545;211;9135;Tidak Ada;2
546;211;9136;Tidak Ada;2
547;211;9137;Tidak Ada;2
548;211;9138;Tidak Ada;2
549;211;9139;Tidak Ada;2
550;211;9140;Piala AFF U-19;2
551;211;9141;Tidak Ada;2
552;211;9142;Piala AFF U-19;2
553;211;9143;Piala Asia U-19;2
554;211;9144;Piala Asia U-19;2
555;211;9145;Piala AFC;2
556;211;9146;Tidak Ada;2
557;211;9147;Tidak Ada;2
558;285;12272;Tidak Ada;2
559;285;12273;Tidak Ada;2
560;285;12274;Tidak Ada;2
561;23;851;MotoGp;2
562;285;12277;Tidak Ada;2
563;285;12278;Tidak Ada;2
564;285;12279;Tidak Ada;2
565;285;12280;Tidak Ada;2
566;23;852;MotoGP;2
567;23;853;Tidak Ada;2
568;23;854;Tidak Ada;2
569;285;12255;Tidak Ada;2
570;23;855;MotoGP;2
571;23;856;Tidak Ada;2
572;199;8683;Tidak Ada;2
573;285;12256;Tidak Ada;2
574;285;12257;Tidak Ada;2
575;199;8684;Tidak Ada;2
576;199;8684;Tidak Ada;2
577;199;8684;Tidak Ada;2
578;23;857;Tidak Ada;2
579;23;858;Tidak Ada;2
580;285;12258;Tidak Ada;2
581;199;8685;Tidak Ada;2
582;23;859;Tidak Ada;2
583;285;12259;mengungsi;2
584;23;860;Tidak Ada;2
585;109;4454;Tidak Ada;2
586;199;8686;Tidak Ada;2
587;109;4455;film Nina Bobo Untuk Bobby;2
588;285;12260;Tidak Ada;2
589;23;861;Tidak Ada;2
590;23;862;Tidak Ada;2
591;23;863;Tidak Ada;2
592;285;12261;Tidak Ada;2
593;285;12262;Tidak Ada;2
594;285;12263;Tidak Ada;2
595;285;12264;Tidak Ada;2
596;285;12265;Tidak Ada;2
597;285;12266;Tidak Ada;2
598;285;12267;Tidak Ada;2
599;285;12268;Tidak Ada;2
600;285;12269;Tidak Ada;2
601;285;12270;Tidak Ada;2
602;285;12271;Tidak Ada;2
603;310;13336;Tidak Ada;2
604;310;13299;Tidak Ada;2
605;310;13300;Tidak Ada;2
606;310;13301;Tidak Ada;2
607;310;13302;Tidak Ada;2
608;310;13303;Tidak Ada;2
609;310;13304;Tidak Ada;2
610;310;13305;Tidak Ada;2
611;310;13306;Tidak Ada;2
612;310;13307;Tidak Ada;2
613;310;13308;Tidak Ada;2
614;310;13308;Tidak Ada;2
615;310;13309;Tidak Ada;2
616;310;13309;Tidak Ada;2
617;310;13310;Tidak Ada;2
618;211;9148;Tidak Ada;2
619;310;13312;Tidak Ada;2
620;211;9149;Tidak Ada;2
621;109;4456;Tidak Ada;2
622;211;9150;Tidak Ada;2
623;310;13313;Tidak Ada;2
624;211;9151;Piala AFC 2014;2
625;109;4457;Tidak Ada;2
626;15;579;Tidak Ada;2
627;211;9151;Turnamen Toulon 2017;2
628;35;1570;Tidak Ada;2
629;310;13314;Tidak Ada;2
630;240;10480;Tidak Ada;2
631;310;13315;Tidak Ada;2
632;211;9152;Tidak Ada;2
633;15;580;Tidak Ada;2
634;310;13316;Tidak Ada;2
635;240;10481;Pemilihan Kepala Daerah;2
636;199;8666;kampanye Gerakan Stop Perkawinan Anak;2
637;310;13317;Tidak Ada;2
638;199;8666;kampanye Gerakan Stop Perkawinan Anak;2
639;310;13318;Tidak Ada;2
640;109;4458;Tidak Ada;2
641;211;9153;Tidak Ada;2
642;310;13319;Tidak Ada;2
643;109;4459;Tolerance Film Festival;2
644;109;4459;Tidak Ada;2
645;211;9154;Tidak Ada;2
646;310;13321;Tidak Ada;2
647;211;9155;Tidak Ada;2
648;240;10482;Pemilihan Umum Legislatif dan Presiden;2
649;211;9156;Piala AFF U-19;2
650;310;13323;Tidak Ada;2
651;199;8667;Hari Anak Internasional;2
652;211;9157;Tidak Ada;2
653;15;581;Tidak Ada;2
654;211;9158;Tidak Ada;2
655;310;13324;Tidak Ada;2
656;109;4460;Tolerance Film Festival;2
657;109;4460;Tidak Ada;2
658;211;9159;Tidak Ada;2
659;211;9160;Piala Dunia;2
660;240;10483;Tidak Ada;2
661;310;13325;Tidak Ada;2
662;211;9161;Piala Dunia;2
663;211;9161;Piala AFC U-19;2
664;310;13326;Tidak Ada;2
665;211;9162;Tidak Ada;2
666;240;10484;Tidak Ada;2
667;211;9163;Tidak Ada;2
668;211;9164;Tidak Ada;2
669;211;9165;Piala Dunia 2022;2
670;310;13327;Tidak Ada;2
671;240;10485;Tidak Ada;2
672;211;9166;Tidak Ada;2
673;15;583;Tidak Ada;2
674;211;9167;Tidak Ada;2
675;310;13328;Tidak Ada;2
676;240;10486;Tidak Ada;2
677;310;13329;Tidak Ada;2
678;211;9168;Tidak Ada;2
679;240;10487;Tidak Ada;2
680;15;587;Survei Sosial Ekonomi Nasional;2
681;211;9169;Tidak Ada;2
682;15;587;Susenas;2
683;15;587;Tidak Ada;2
684;109;4461;International Day of Tolerance;2
685;109;4461;Tolerance Film Festival;2
686;211;9170;Tidak Ada;2
687;310;13330;Tidak Ada;2
688;211;9171;Tidak Ada;2
689;240;10488;Tidak Ada;2
690;310;13331;Tidak Ada;2
691;211;9172;Tidak Ada;2
692;240;10489;Tidak Ada;2
693;15;588;Tidak Ada;2
694;310;13332;Tidak Ada;2
695;211;9173;Tidak Ada;2
696;211;9174;Tidak Ada;2
697;240;10490;Tidak Ada;2
698;3;92;Honda Jazz Brio Tuning Contest 2017\.;2
699;3;92;Tidak Ada;2
700;310;13333;Tidak Ada;2
701;214;9233;Tidak Ada;2
702;240;10491;Tidak Ada;2
703;310;13334;Tidak Ada;2
704;3;93;Honda Jazz Tuning Contest;2
705;240;10492;Hoax;2
706;3;93;Honda Brio Tuning Contest 2017;2
707;310;13335;Tidak Ada;2
708;3;94;Honda Jazz Tuning Contest \(JTC\);2
709;3;94;Honda Jazz Tuning Contest;2
710;3;94;\(JTC\);2
711;3;94;Honda Jazz Tuning Contest \(JTC\);2
712;3;95;Honda Brio Tuning Contest \(BTC\);2
713;3;95;Honda Brio Tuning Contest;2
714;3;95;\(BTC\);2
715;292;12497;Tidak Ada;2
716;292;12498;Tidak Ada;2
717;3;96;Honda Jazz Brio Tuning Contest;2
718;3;96;Honda Jazz Brio Tuning Contest \(JBTC\);2
719;3;96;\(JBTC\);2
720;292;12499;Tidak Ada;2
721;292;12500;Tidak Ada;2
722;3;97;Tidak Ada;2
723;214;9234;Tidak Ada;2
724;292;12501;Tidak Ada;2
725;23;851;Tidak Ada;2
726;214;9235;Tidak Ada;2
727;3;98;Tidak Ada;2
728;292;12502;Tidak Ada;2
729;214;9236;Tidak Ada;2
730;214;9237;Tidak Ada;2
731;214;9238;Tidak Ada;2
732;292;12503;Tidak Ada;2
733;214;9239;Tidak Ada;2
734;3;99;Tidak Ada;2
735;214;9240;Tidak Ada;2
736;292;12504;Tidak Ada;2
737;214;9241;Tidak Ada;2
738;214;9242;Tidak Ada;2
739;292;12505;Tidak Ada;2
740;3;100;Honda Jazz Brio Tuning Contest;2
741;292;12506;Tidak Ada;2
742;214;9243;Tidak Ada;2
743;240;10493;Pilkada;2
744;292;12507;Tidak Ada;2
745;292;12508;Tidak Ada;2
746;214;9244;Tidak Ada;2
747;3;101;Tidak Ada;2
748;240;10494;Tidak Ada;2
749;214;9245;Tidak Ada;2
750;240;10495;Kampanye;2
751;292;12509;Tidak Ada;2
752;214;9246;Tidak Ada;2
753;214;9247;Tidak Ada;2
754;292;12510;Tidak Ada;2
755;292;12510;Tidak Ada;2
756;292;12510;Tidak Ada;2
757;214;9248;Tidak Ada;2
758;292;12511;Tidak Ada;2
759;214;9249;Tidak Ada;2
760;214;9250;Tidak Ada;2
761;292;12512;Tidak Ada;2
762;214;9251;Tidak Ada;2
763;292;12513;Tidak Ada;2
764;214;9252;Tidak Ada;2
765;292;12514;Tidak Ada;2
766;214;9253;Tidak Ada;2
767;214;9254;Tidak Ada;2
768;292;12515;Tidak Ada;2
769;214;9255;Tidak Ada;2
770;292;12516;Tidak Ada;2
771;214;9256;Tidak Ada;2
772;214;9257;Tidak Ada;2
773;292;12517;Tidak Ada;2
774;214;9258;Tidak Ada;2
775;292;12518;Tidak Ada;2
776;214;9259;Tidak Ada;2
777;292;12519;Tidak Ada;2
778;214;9260;Tidak Ada;2
779;292;12520;Tidak Ada;2
780;292;12521;Tidak Ada;2
781;292;12521;Tidak Ada;2
782;292;12522;Tidak Ada;2
783;292;12523;Tidak Ada;2
784;292;12524;Tidak Ada;2
785;292;12525;Tidak Ada;2
786;292;12526;Tidak Ada;2
787;292;12527;Tidak Ada;2
788;292;12528;Tidak Ada;2
789;292;12529;Tidak Ada;2
790;292;12530;Tidak Ada;2
791;292;12531;Tidak Ada;2
792;292;12532;Tidak Ada;2
793;292;12533;Tidak Ada;2
794;267;11612;Tidak Ada;2
795;267;11613;Tidak Ada;2
796;267;11614;Tidak Ada;2
797;267;11615;Tidak Ada;1
798;267;11616;Tidak Ada;1
799;27;1265;Tidak Ada;1
800;240;10496;kampanye;2
801;240;10496;pembukaan perdagangan Bursa Efek Jakarta;2
802;240;10497;Pilkada;0
803;240;10498;Pilkada;0
804;240;10499;pesta demokrasi;0
805;240;10500;demokrasi;0
806;240;10501;Tidak Ada;1
807;240;10502;Tidak Ada;1
808;240;10503;Tidak Ada;1
809;240;10504;Tidak Ada;1
810;240;10505;Tidak Ada;1
811;240;10506;Tidak Ada;2
812;240;10507;Tidak Ada;2
813;240;10508;Tidak Ada;2
814;240;10509;Tidak Ada;2
815;242;10538;Kue pancong;0
816;100;4137;Konferensi Tingkat Tinggi \(KTT\);1
817;100;4138;\(ASEAN Consensus on the Promotion and Protection of the Rights of Migrant Workers\);2
818;100;4139;Pemufakatan bersaama itu menyepakati perlindungan bagi pekerja migran;0
819;100;4139;Pemufakatan bersaama itu menyepakati perlindungan bagi pekerja migran;0
820;100;4140;Tidak Ada;1
821;100;4141;Tidak Ada;1
822;100;4142;Tidak Ada;1
823;100;4143;Liputan6;2
824;27;1266;Tidak Ada;2
825;100;4144;Tidak Ada;2
826;100;4145;Tidak Ada;2
827;100;4146;Tidak Ada;1
828;100;4147;Tidak Ada;1
829;100;4148;Tidak Ada;1
830;43;2049;Tidak Ada;1
831;214;9261;Tidak Ada;1
832;214;9262;Tidak Ada;1
833;219;9375;Tidak Ada;1
834;219;9376;Tidak Ada;1
835;219;9377;Tidak Ada;1
836;219;9378;Tidak Ada;1
837;219;9379;Tidak Ada;1
838;219;9380;Tidak Ada;1
839;219;9381;Tidak Ada;1
840;219;9382;Tidak Ada;1
841;219;9383;Rapat Umum Pemegang Saham Luar Biasa \(RUPSLB\);1
842;219;9384;RUPSLB;1
843;219;9385;RUPSLB;1
844;219;9386;Tidak Ada;1
845;219;9387;Tidak Ada;1
846;219;9388;Tidak Ada;1
847;219;9389;Tidak Ada;1
848;219;9390;Tidak Ada;1
849;219;9391;Tidak Ada;1
850;219;9392;Tidak Ada;1
851;219;9393;Tidak Ada;1
852;219;9394;Tidak Ada;1
853;219;9395;Tidak Ada;1
854;219;9396;Tidak Ada;1
855;219;9397;Tidak Ada;1
856;219;9398;Tidak Ada;1
857;219;9399;Tidak Ada;1
858;219;9400;Tidak Ada;1
859;219;9401;Tidak Ada;1
860;219;9402;Tidak Ada;1
861;219;9403;Tidak Ada;1
862;219;9404;Tidak Ada;1
863;219;9405;Tidak Ada;1
864;219;9406;Tidak Ada;1
865;219;9407;Tidak Ada;2
866;219;9408;Tidak Ada;1
867;35;1571;Tidak Ada;1
868;35;1572;Tidak Ada;1
869;35;1573;Tidak Ada;1
870;35;1574;Tidak Ada;1
871;22;827;Tidak Ada;2
872;22;828;Tidak Ada;2
873;22;829;Tidak Ada;2
874;22;831;Tidak Ada;2
875;22;832;Tidak Ada;2
876;22;833;Tidak Ada;2
877;100;4149;Cebu Declaration;2
878;100;4150;Tidak Ada;2
879;100;4151;Tidak Ada;2
880;100;4152;Tidak Ada;2
881;100;4153;Tidak Ada;2
882;100;4154;Tidak Ada;2
883;100;4155;Tidak Ada;2
884;242;10539;Tidak Ada;2
885;100;4156;Tidak Ada;2
886;242;10540;Tidak Ada;2
887;242;10541;Kue pancong;2
888;242;10542;Tidak Ada;2
889;22;834;Tidak Ada;2
890;22;835;Tidak Ada;2
891;242;10543;pasar malam di Queens Night Market;2
892;107;4367;Tidak Ada;2
893;242;10544;Tidak Ada;2
894;242;10545;Vendy Award;2
895;107;4368;Tidak Ada;2
896;107;4369;Tidak Ada;2
897;242;10546;Vendy Award;2
898;107;4370;Tidak Ada;2
899;242;10547;Tidak Ada;2
900;242;10548;Tidak Ada;2
901;242;10549;Tidak Ada;2
902;242;10550;Tidak Ada;2
903;242;10551;Tidak Ada;2
904;107;4371;Tidak Ada;2
905;242;10552;Tidak Ada;2
906;242;10553;Tidak Ada;2
907;242;10554;Tidak Ada;2
908;107;4372;Tidak Ada;2
909;242;10555;Tidak Ada;2
910;242;10556;Tidak Ada;2
911;107;4373;Tidak Ada;2
912;107;4374;Tidak Ada;2
913;107;4375;Tidak Ada;2
914;107;4376;Tidak Ada;2
915;107;4377;Tidak Ada;2
916;242;10557;Tidak Ada;2
917;107;4378;Tidak Ada;2
918;242;10558;Tidak Ada;2
919;107;4379;Tidak Ada;2
920;107;4380;Tidak Ada;2
921;107;4381;Tidak Ada;2
922;107;4382;Tidak Ada;2
923;107;4383;Tidak Ada;2
924;107;4384;Tidak Ada;2
925;107;4385;Tidak Ada;2
926;22;836;Tidak Ada;2
927;107;4386;Tidak Ada;2
928;107;4387;Tidak Ada;2
929;22;837;Tidak Ada;2
930;107;4388;Tidak Ada;2
931;107;4389;Tidak Ada;2
932;107;4390;Tidak Ada;2
933;107;4391;Training Director Jakarta Defensive Driving Center \(JDDC\), dalam wawancara dengan Liputan6;2
934;22;838;Tidak Ada;2
935;22;839;Tidak Ada;2
936;107;4392;Tidak Ada;2
937;107;4393;Tidak Ada;2
938;107;4394;Tidak Ada;2
939;107;4395;Tidak Ada;2
940;107;4396;Tidak Ada;2
941;107;4397;Tidak Ada;2
942;107;4398;Tidak Ada;2
943;107;4399;Tidak Ada;2
944;22;840;Tidak Ada;2
945;107;4400;Tidak Ada;2
946;22;841;Tidak Ada;2
947;107;4401;Tidak Ada;2
948;113;4602;Tidak Ada;2
949;113;4603;Tidak Ada;2
950;113;4604;Tidak Ada;2
951;31;1443;Tidak Ada;2
952;31;1444;Tidak Ada;2
953;31;1445;Tidak Ada;2
954;31;1403;Tidak Ada;2
955;31;1404;Tidak Ada;2
956;31;1405;Tidak Ada;2
957;31;1406;Tidak Ada;2
958;31;1407;Tidak Ada;2
959;113;4605;Tidak Ada;2
960;31;1408;Tidak Ada;2
961;31;1409;Tidak Ada;2
962;31;1410;Tidak Ada;2
963;113;4606;Tidak Ada;2
964;31;1411;Tidak Ada;2
965;31;1412;Tidak Ada;2
966;31;1413;Tidak Ada;2
967;31;1414;Tidak Ada;2
968;31;1415;Tidak Ada;2
969;113;4607;Tidak Ada;2
970;113;4608;Tidak Ada;2
971;113;4609;Tidak Ada;2
972;113;4610;Tidak Ada;2
973;113;4611;Tidak Ada;2
974;113;4612;Tidak Ada;2
975;113;4613;Tidak Ada;2
976;113;4614;Tidak Ada;2
977;113;4615;Tidak Ada;2
978;113;4616;Tidak Ada;2
979;199;8668;kampanye #KidsTakeOver;2
980;199;8669;Tidak Ada;2
981;199;8670;Tidak Ada;2
982;199;8671;membantu kehidupan sesama anak-anak, memperjuangkan hak mereka, dan mengoptimalkan potensi mereka;2
983;199;8672;kampanye gerakan stop perkawinan anak di Tanah Air\.;2
984;199;8673;Tidak Ada;2
985;199;8674;Tidak Ada;2
986;199;8675;Hari Anak Internasional;2
987;199;8676;Tidak Ada;2
988;199;8677;Tidak Ada;2
989;199;8678;kategori perkawinan anak;2
990;199;8679;cuitan Twitter;2
991;199;8680;merevisi batas usia minimal untuk kawin;2
992;31;1416;Tidak Ada;2
993;31;1417;Tidak Ada;2
994;31;1418;Tidak Ada;2
995;31;1419;Tidak Ada;2
996;23;864;Tidak Ada;2
997;23;865;Tidak Ada;2
998;23;866;Tidak Ada;2
999;23;867;Tidak Ada;2
1000;23;868;Tidak Ada;2
1001;23;869;Tidak Ada;2
1002;23;870;Tidak Ada;2
1003;23;871;Tidak Ada;2
1004;23;872;Tidak Ada;2
1005;23;873;Tidak Ada;2
1006;23;874;Tidak Ada;2
1007;23;875;Tidak Ada;2
1008;23;876;Tidak Ada;2
1009;23;877;GP Valencia;2
1010;23;878;Tidak Ada;2
1011;23;879;Tidak Ada;2
1012;23;880;Tidak Ada;2
1013;23;881;Tidak Ada;2
1014;23;882;Tidak Ada;2
1015;23;883;Tidak Ada;2
1016;23;884;Tidak Ada;2
1017;23;885;Tidak Ada;2
1018;23;886;Tidak Ada;2
1019;23;887;Tidak Ada;2
1020;23;888;Tidak Ada;2
1021;23;889;Tidak Ada;2
1022;23;890;Tidak Ada;2
1023;23;891;Tidak Ada;2
1024;23;892;Tidak Ada;2
1025;23;893;Tidak Ada;2
1026;23;894;Tidak Ada;2
1027;23;895;Tidak Ada;2
1028;23;896;Tidak Ada;2
1029;23;897;Tidak Ada;2
1030;23;898;Tidak Ada;2
1031;23;899;Tidak Ada;2
1032;23;900;Tidak Ada;2
1033;23;901;Tidak Ada;2
1034;23;902;Tidak Ada;2
1035;23;903;Tidak Ada;2
1036;23;904;Tidak Ada;2
1037;23;905;Tidak Ada;2
1038;23;906;Tidak Ada;2
1039;23;907;Tidak Ada;2
1040;23;908;Tidak Ada;2
1041;23;909;Tidak Ada;2
1042;23;910;Tidak Ada;2
1043;31;1420;Tidak Ada;2
1044;31;1421;Tidak Ada;2
1045;242;10559;Tidak Ada;2
1046;242;10560;Kue pancong;2
1047;31;1422;Tidak Ada;2
1048;242;10561;Kue pancong;2
1049;31;1423;Tidak Ada;2
1050;242;10562;Kue pancong;2
1051;242;10563;kue bandros;2
1052;242;10564;bandros gaul;2
1053;242;10565;Tidak Ada;2
1054;242;10566;Tidak Ada;2
1055;306;13154;Tidak Ada;2
1056;242;10567;Tidak Ada;2
1057;242;10568;Tidak Ada;2
1058;242;10569;Tidak Ada;2
1059;242;10570;Tidak Ada;2
1060;31;1424;Tidak Ada;2
1061;31;1425;Tidak Ada;2
1062;31;1426;Tidak Ada;2
1063;242;10571;Tidak Ada;2
1064;242;10572;Tidak Ada;2
1065;242;10573;Tidak Ada;2
1066;242;10574;Tidak Ada;2
1067;306;13114;Tidak Ada;2
1068;242;10575;Tidak Ada;2
1069;31;1427;Tidak Ada;2
1070;31;1428;Tidak Ada;2
1071;306;13115;Tidak Ada;2
1072;242;10576;Tidak Ada;2
1073;31;1429;Tidak Ada;2
1074;242;10577;Tidak Ada;2
1075;31;1430;Tidak Ada;2
1076;242;10578;Tidak Ada;2
1077;306;13116;Tidak Ada;2
1078;242;10579;Tidak Ada;2
1079;242;10580;Tidak Ada;2
1080;242;10581;Tidak Ada;2
1081;242;10582;Tidak Ada;2
1082;242;10583;Tidak Ada;2
1083;242;10584;Tidak Ada;2
1084;242;10585;Tidak Ada;2
1085;242;10586;Tidak Ada;2
1086;242;10587;Tidak Ada;2
1087;306;13117;Tidak Ada;2
1088;242;10588;Tidak Ada;2
1089;306;13118;Tidak Ada;2
1090;306;13119;Tidak Ada;2
1091;306;13120;Tidak Ada;2
1092;31;1431;Tidak Ada;2
1093;31;1432;Tidak Ada;2
1094;31;1433;Tidak Ada;2
1095;31;1434;Tidak Ada;2
1096;31;1435;Tidak Ada;2
1097;31;1436;Tidak Ada;2
1098;31;1437;Tidak Ada;2
1099;31;1438;Tidak Ada;2
1100;31;1439;Tidak Ada;2
1101;31;1440;Tidak Ada;2
1102;31;1441;Tidak Ada;2
1103;31;1442;Tidak Ada;2
1104;24;911;Tidak Ada;2
1105;24;912;Liga 1 Indonesia;2
1106;24;913;Go-Jek Traveloka Liga 1 Indonesia;2
1107;24;914;Tidak Ada;2
1108;24;915;Liga 1 Indonesia;2
1109;24;916;Tidak Ada;2
1110;24;917;Tidak Ada;2
1111;24;918;Tidak Ada;2
1112;24;919;Tidak Ada;2
1113;24;920;Tidak Ada;2
1114;24;921;Tidak Ada;2
1115;24;922;Tidak Ada;2
1116;24;923;Tidak Ada;2
1117;24;924;Tidak Ada;2
1118;24;925;Tidak Ada;2
1119;24;926;Tidak Ada;2
1120;24;927;Tidak Ada;2
1121;199;8687;Tidak Ada;2
1122;335;14390;Tidak Ada;2
1123;199;8688;Tidak Ada;2
1124;199;8689;Tidak Ada;2
1125;199;8690;Tidak Ada;2
1126;335;14391;Tidak Ada;2
1127;199;8691;Tidak Ada;2
1128;199;8692;Tidak Ada;2
1129;199;8693;Tidak Ada;2
1130;199;8694;Tidak Ada;2
1131;335;14392;Tidak Ada;2
1132;199;8695;Tidak Ada;2
1133;199;8696;Tidak Ada;2
1134;335;14393;Tidak Ada;2
1135;335;14394;Tidak Ada;2
1136;199;8697;Tidak Ada;2
1137;199;8698;Tidak Ada;2
1138;335;14395;Tidak Ada;2
1139;199;8699;Tidak Ada;2
1140;335;14396;Tidak Ada;2
1141;199;8700;Tidak Ada;2
1142;335;14398;Tidak Ada;2
1143;199;8701;Tidak Ada;2
1144;199;8702;Tidak Ada;2
1145;199;8703;Tidak Ada;2
1146;199;8704;Tidak Ada;2
1147;199;8705;Tidak Ada;2
1148;199;8706;Tidak Ada;2
1149;199;8707;Tidak Ada;2
1150;199;8708;Tidak Ada;2
1151;199;8709;Tidak Ada;2
1152;335;14399;Tidak Ada;2
1153;335;14400;Tidak Ada;2
1154;199;8710;Tidak Ada;2
1155;335;14358;Tidak Ada;2
1156;199;8711;Tidak Ada;2
1157;335;14359;Tidak Ada;2
1158;199;8712;Tidak Ada;2
1159;335;14360;Tidak Ada;2
1160;199;8713;Tidak Ada;2
1161;335;14361;Tidak Ada;2
1162;207;9007;Tidak Ada;2
1163;207;9008;Tidak Ada;2
1164;207;9009;Tidak Ada;2
1165;207;9010;Tidak Ada;2
1166;207;9011;Tidak Ada;2
1167;207;9012;Tidak Ada;2
1168;207;9013;Tidak Ada;2
1169;335;14362;Tidak Ada;2
1170;335;14363;Tidak Ada;2
1171;199;8714;Tidak Ada;2
1172;43;2050;Tidak Ada;2
1173;199;8715;Tidak Ada;2
1174;335;14364;Tidak Ada;2
1175;199;8716;Tidak Ada;2
1176;199;8717;Tidak Ada;2
1177;199;8718;Tidak Ada;2
1178;199;8719;Tidak Ada;2
1179;199;8720;Tidak Ada;2
1180;335;14365;Tidak Ada;2
1181;199;8721;Tidak Ada;2
1182;335;14366;Tidak Ada;2
1183;199;8722;Tidak Ada;2
1184;199;8723;Tidak Ada;2
1185;335;14367;Tidak Ada;2
1186;199;8724;Tidak Ada;2
1187;199;8725;Tidak Ada;2
1188;199;8726;Hari Anak Internasional;2
1189;199;8727;Tidak Ada;2
1190;335;14368;Tidak Ada;2
1191;335;14369;Tidak Ada;2
1192;335;14370;Tidak Ada;2
1193;335;14371;Tidak Ada;2
1194;215;9293;Tidak Ada;2
1195;215;9263;Tidak Ada;2
1196;335;14372;Tidak Ada;2
1197;215;9264;Tidak Ada;2
1198;335;14373;Tidak Ada;2
1199;215;9265;Tidak Ada;2
1200;35;1575;Mars Exploration Rover;2
1201;35;1575;misi Mars Exploration Rover \(MER\);2
1202;306;13121;Tidak Ada;2
1203;306;13122;Tidak Ada;2
1204;27;1267;fitur terbaru;2
1205;27;1268;Perbaikan;2
1206;27;1268;Antar Jemput;2
1207;27;1269;Perbaikan;2
1208;335;14374;Tidak Ada;2
1209;335;14375;Tidak Ada;2
1210;335;14376;Tidak Ada;2
1211;335;14377;Tidak Ada;2
1212;335;14378;pasaran;2
1213;335;14379;Tidak Ada;2
1214;335;14380;Tidak Ada;2
1215;335;14381;Tidak Ada;2
1216;335;14384;Tidak Ada;2
1217;335;14385;Tidak Ada;2
1218;335;14386;Tidak Ada;2
1219;335;14387;Tidak Ada;2
1220;335;14388;Tidak Ada;2
1221;335;14389;Tidak Ada;2
1222;335;14401;Tidak Ada;2
1223;370;15882;Tidak Ada;2
1224;335;14402;Tidak Ada;2
1225;335;14403;menjangkau;2
1226;359;15391;Tidak Ada;2
1227;359;15392;Pengeluaran;2
1228;359;15393;Tidak Ada;2
1229;359;15394;Tidak Ada;2
1230;359;15395;Tidak Ada;2
1231;359;15396;Tidak Ada;2
1232;199;8681;Tidak Ada;2
1233;199;8682;Tidak Ada;2
1234;199;8683;Tidak Ada;2
1235;199;8684;Tidak Ada;2
1236;199;8685;Tidak Ada;2
1237;370;15884;Tidak Ada;2
1238;370;15885;Tidak Ada;2
1239;199;8686;Tidak Ada;2
1240;370;15886;Tidak Ada;2
1241;199;8687;Tidak Ada;2
1242;370;15887;Tidak Ada;2
1243;199;8688;Tidak Ada;2
1244;370;15888;Tidak Ada;2
1245;199;8689;Tidak Ada;2
1246;199;8690;Tidak Ada;2
1247;43;2051;Tidak Ada;2
1248;359;15376;Tidak Ada;2
1249;43;2052;Tidak Ada;2
1250;43;2053;Tidak Ada;2
1251;359;15377;Tidak Ada;2
1252;43;2054;Tidak Ada;2
1253;43;2055;Tidak Ada;2
1254;43;2056;Tidak Ada;2
1255;199;8691;Tidak Ada;2
1256;199;8692;Tidak Ada;2
1257;43;2039;Tidak Ada;2
1258;199;8693;Tidak Ada;2
1259;199;8694;Tidak Ada;2
1260;43;2040;Tidak Ada;2
1261;43;2041;Tidak Ada;2
1262;43;2042;Tidak Ada;2
1263;27;1270;layanan;2
1264;43;2043;Tidak Ada;2
1265;43;2044;Tidak Ada;2
1266;27;1271;Pemberian Hadiah;2
1267;27;1272;Mendapatkan Info;2
1268;43;2045;Tidak Ada;2
1269;27;1235;Ilustrasi mengenal;2
1270;43;2046;Tidak Ada;2
1271;27;1236;Tidak Ada;2
1272;43;2047;Tidak Ada;2
1273;27;1237;perawatan;2
1274;43;2048;Tidak Ada;2
1275;75;3249;Tidak Ada;2
1276;27;1238;Tidak Ada;2
1277;359;15378;Tidak Ada;2
1278;75;3250;Tidak Ada;2
1279;27;1239;Tidak Ada;2
1280;27;1240;Tidak Ada;2
1281;359;15379;Tidak Ada;2
1282;27;1241;Tidak Ada;2
1283;359;15381;Tidak Ada;2
1284;27;1242;Tidak Ada;2
1285;75;3251;Tidak Ada;2
1286;359;15383;Tidak Ada;2
1287;27;1243;Tidak Ada;2
1288;75;3252;Tidak Ada;2
1289;359;15387;Tidak Ada;2
1290;359;15388;Tidak Ada;2
1291;75;3219;Pernikahan;2
1292;27;1244;Tidak Ada;2
1293;359;15389;Tidak Ada;2
1294;27;1245;Tidak Ada;2
1295;75;3220;Tidak Ada;2
1296;27;1246;Tidak Ada;2
1297;75;3221;Tidak Ada;2
1298;75;3222;Tidak Ada;2
1299;27;1247;Tidak Ada;2
1300;75;3223;Tidak Ada;2
1301;27;1248;Tidak Ada;2
1302;75;3224;Tidak Ada;2
1303;359;15390;Tidak Ada;2
1304;75;3225;Tidak Ada;2
1305;27;1249;Tidak Ada;2
1306;351;15115;Tidak Ada;2
1307;351;15116;Tidak Ada;2
1308;75;3226;Tidak Ada;2
1309;351;15117;Tidak Ada;2
1310;27;1250;Tidak Ada;2
1311;75;3227;Tidak Ada;2
1312;75;3228;Tidak Ada;2
1313;351;15118;Tidak Ada;2
1314;75;3229;Tidak Ada;2
1315;351;15119;Tidak Ada;2
1316;351;15120;Tidak Ada;2
1317;351;15121;Tidak Ada;2
1318;75;3230;Tidak Ada;2
1319;351;15122;Tidak Ada;2
1320;75;3231;Tidak Ada;2
1321;48;2191;Tidak Ada;2
1322;351;15123;Tidak Ada;2
1323;75;3232;Tidak Ada;2
1324;75;3233;Tidak Ada;2
1325;351;15124;Tidak Ada;2
1326;351;15085;Tidak Ada;2
1327;351;15086;Tidak Ada;2
1328;351;15087;Tidak Ada;2
1329;5951;249804;Asian Games 2018;2
1330;5951;249805;Tidak Ada;2
1331;199;8695;Tidak Ada;2
1332;199;8696;Tidak Ada;2
1333;5951;249806;Tidak Ada;2
1334;5951;249807;Tidak Ada;2
1335;5951;249808;Tidak Ada;2
1336;5951;249809;Asian Games 2018;2
1337;5951;249810;Tidak Ada;2
1338;48;2192;Tidak Ada;2
1339;5951;249811;Tidak Ada;2
1340;48;2193;Tidak Ada;2
1341;5951;249812;Tidak Ada;2
1342;5951;249813;Tidak Ada;2
1343;5951;249814;Tidak Ada;2
1344;48;2194;Forwot;2
1345;5951;249815;Tidak Ada;2
1346;5951;249816;Tidak Ada;2
1347;5951;249817;Tidak Ada;2
1348;5951;249818;Tidak Ada;2
1349;5951;249819;Tidak Ada;2
1350;5951;249820;Tidak Ada;2
1351;370;15883;Tidak Ada;2
1352;5951;249821;Tidak Ada;2
1353;5951;249822;Tidak Ada;2
1354;370;15889;Tidak Ada;2
1355;370;15890;Tidak Ada;2
1356;370;15842;Tidak Ada;2
1357;48;2195;Tidak Ada;2
1358;48;2196;Tidak Ada;2
1359;5951;249823;Tidak Ada;2
1360;5951;249824;Tidak Ada;2
1361;5951;249825;Tidak Ada;2
1362;5951;249826;Tidak Ada;2
1363;5951;249827;Tidak Ada;2
1364;5951;249828;Tidak Ada;2
1365;5951;249829;Tidak Ada;2
1366;5951;249830;Tidak Ada;2
1367;5951;249831;Tidak Ada;2
1368;5951;249832;Tidak Ada;2
1369;370;15843;Tidak Ada;2
1370;5951;249833;Tidak Ada;2
1371;370;15844;Tidak Ada;2
1372;5951;249834;Tidak Ada;2
1373;370;15845;Tidak Ada;2
1374;5951;249835;Tidak Ada;2
1375;5951;249836;Tidak Ada;2
1376;5951;249837;Tidak Ada;2
1377;370;15846;Tidak Ada;2
1378;5951;249838;Tidak Ada;2
1379;370;15847;Tidak Ada;2
1380;5951;249839;Tidak Ada;2
1381;5951;249840;Tidak Ada;2
1382;5951;249841;Tidak Ada;2
1383;5951;249842;Tidak Ada;2
1384;370;15848;Tidak Ada;2
1385;5951;249843;Tidak Ada;2
1386;370;15849;Tidak Ada;2
1387;5951;249844;Tidak Ada;2
1388;370;15850;Tidak Ada;2
1389;370;15851;Tidak Ada;2
1390;370;15852;Tidak Ada;2
1391;370;15853;Tidak Ada;2
1392;370;15854;Tidak Ada;2
1393;370;15855;Tidak Ada;2
1394;370;15856;Tidak Ada;2
1395;370;15856;Tidak Ada;2
1396;5951;249845;Tidak Ada;2
1397;370;15857;Tidak Ada;2
1398;5951;249846;Tidak Ada;2
1399;370;15858;Tidak Ada;2
1400;5951;249847;Tidak Ada;2
1401;370;15859;Tidak Ada;2
1402;370;15860;Tidak Ada;2
1403;5951;249848;Tidak Ada;2
1404;370;15861;Tidak Ada;2
1405;5951;249849;Tidak Ada;2
1406;5951;249850;Tidak Ada;2
1407;370;15862;Tidak Ada;2
1408;370;15863;Tidak Ada;2
1409;370;15864;Tidak Ada;2
1410;370;15865;Tidak Ada;2
1411;370;15866;Tidak Ada;2
1412;370;15867;Tidak Ada;2
1413;370;15868;Tidak Ada;2
1414;370;15869;Tidak Ada;2
1415;370;15870;Tidak Ada;2
1416;370;15871;Tidak Ada;2
1417;370;15872;Tidak Ada;2
1418;199;8697;Tidak Ada;2
1419;5952;249851;Asian Games 2018;2
1420;370;15873;Tidak Ada;2
1421;370;15874;Tidak Ada;2
1422;199;8698;Tidak Ada;2
1423;370;15875;Tidak Ada;2
1424;370;15876;Tidak Ada;2
1425;370;15877;Tidak Ada;2
1426;199;8699;Tidak Ada;2
1427;370;15878;Tidak Ada;2
1428;199;8700;Tidak Ada;2
1429;370;15879;Tidak Ada;2
1430;199;8701;Tidak Ada;2
1431;370;15880;Tidak Ada;2
1432;199;8702;Tidak Ada;2
1433;370;15881;Tidak Ada;2
1434;372;16052;Tidak Ada;2
1435;372;16053;Tidak Ada;2
1436;372;16054;Tidak Ada;2
1437;372;16055;Tidak Ada;2
1438;372;16056;Tidak Ada;2
1439;372;16057;Tidak Ada;2
1440;372;16058;Tidak Ada;2
1441;372;16001;Jakarta Biennale 2017;2
1442;372;16002;Tidak Ada;2
1443;372;16003;Tidak Ada;2
1444;372;16003;Tidak Ada;2
1445;372;16003;Tidak Ada;2
1446;372;16003;Tidak Ada;2
1447;372;16003;Tidak Ada;2
1448;372;16003;Tidak Ada;2
1449;372;16003;Tidak Ada;2
1450;372;16003;Tidak Ada;2
1451;372;16004;JIWA;2
1452;372;16005;Tidak Ada;2
1453;372;16006;Tidak Ada;2
1454;372;16007;Tidak Ada;2
1455;372;16008;Gerakan Seni Rupa Baru Indonesia;2
1456;372;16009;Tidak Ada;2
1457;372;16010;Tidak Ada;2
1458;372;16011;Tidak Ada;2
1459;372;16012;Tidak Ada;2
1460;372;16013;Tidak Ada;2
1461;372;16014;Tidak Ada;2
1462;372;16015;Tidak Ada;2
1463;372;16016;JIWA;2
1464;199;8703;Tidak Ada;2
1465;199;8704;Tidak Ada;2
1466;199;8705;Tidak Ada;2
1467;199;8706;Tidak Ada;2
1468;199;8707;Tidak Ada;2
1469;199;8708;Tidak Ada;2
1470;199;8709;Tidak Ada;2
1471;5965;250375;Tidak Ada;2
1472;5965;250376;Tidak Ada;2
1473;5965;250377;Tidak Ada;2
1474;5965;250378;Tidak Ada;2
1475;5965;250379;Tidak Ada;2
1476;5965;250380;Tidak Ada;2
1477;5965;250381;Tidak Ada;2
1478;5965;250382;Tidak Ada;2
1479;5965;250383;Tidak Ada;2
1480;5965;250384;Tidak Ada;2
1481;5965;250385;Tidak Ada;2
1482;5965;250386;Tidak Ada;2
1483;5965;250387;Tidak Ada;2
1484;5965;250388;Tidak Ada;2
1485;5965;250389;Tidak Ada;2
1486;5965;250390;Tidak Ada;2
1487;5965;250391;Tidak Ada;2
1488;5965;250392;Tidak Ada;2
1489;5965;250393;Tidak Ada;2
1490;5965;250394;Tidak Ada;2
1491;5965;250395;Tidak Ada;2
1492;5965;250396;Tidak Ada;2
1493;5965;250397;Tidak Ada;2
1494;5965;250398;Tidak Ada;2
1495;5965;250399;Tidak Ada;2
1496;5965;250400;Tidak Ada;2
1497;5965;250401;Tidak Ada;2
1498;5965;250402;Tidak Ada;2
1499;5965;250403;Tidak Ada;2
1500;5965;250404;Tidak Ada;2
1501;5965;250405;Tidak Ada;2
1502;5965;250406;Tidak Ada;2
1503;5965;250407;Tidak Ada;2
1504;5965;250408;Tidak Ada;2
1505;5965;250409;Tidak Ada;2
1506;5965;250410;Tidak Ada;2
1507;5960;250192;Tidak Ada;2
1508;5960;250193;Tidak Ada;2
1509;5960;250194;Tidak Ada;2
1510;5960;250195;Tidak Ada;2
1511;5960;250196;Tidak Ada;2
1512;5960;250197;Tidak Ada;2
1513;5960;250198;Tidak Ada;2
1514;5960;250199;Tidak Ada;2
1515;5960;250200;Tidak Ada;2
1516;5960;250201;Tidak Ada;2
1517;5960;250202;Tidak Ada;2
1518;5960;250203;Tidak Ada;2
1519;5960;250204;Tidak Ada;2
1520;5960;250205;Tidak Ada;2
1521;5960;250206;Tidak Ada;2
1522;262;11385;Tidak Ada;2
1523;262;11386;Tidak Ada;2
1524;262;11387;Tidak Ada;2
1525;262;11388;Tidak Ada;2
1526;222;9449;Tidak Ada;2
1527;262;11389;Tidak Ada;2
1528;262;11390;Tidak Ada;2
1529;262;11391;Tidak Ada;2
1530;262;11392;Tidak Ada;2
1531;351;15088;Tidak Ada;2
1532;351;15089;Tidak Ada;2
1533;207;9014;Tidak Ada;2
1534;207;9015;Tidak Ada;2
1535;207;9016;Tidak Ada;2
1536;207;8987;Tidak Ada;2
1537;207;8988;Tidak Ada;2
1538;207;8989;Tidak Ada;2
1539;207;8990;Tidak Ada;2
1540;207;8991;Tidak Ada;2
1541;207;8992;tausiah kebangsaan;2
1542;207;8993;Tidak Ada;2
1543;207;8994;Tidak Ada;2
1544;207;8995;Tidak Ada;2
1545;207;8996;Tidak Ada;2
1546;207;8997;Tidak Ada;2
1547;207;8998;Tidak Ada;2
1548;207;8999;Tidak Ada;2
1549;207;9000;Tidak Ada;2
1550;35;1576;The Mars Science Laboratory \(MSL\);2
1551;207;9001;Tidak Ada;2
1552;207;9002;Tidak Ada;2
1553;207;9003;Tidak Ada;2
1554;207;9004;Tidak Ada;2
1555;267;11617;Tidak Ada;2
1556;207;9005;Pilkada DKI Jakarta;2
1557;35;1577;Tidak Ada;2
1558;207;9006;Tidak Ada;2
1559;200;8748;Tidak Ada;2
1560;35;1578;Tidak Ada;2
1561;267;11617;Tidak Ada;2
1562;35;1579;Tidak Ada;2
1563;267;11618;Tidak Ada;2
1564;200;8749;Tidak Ada;2
1565;267;11618;Tidak Ada;2
1566;200;8750;Tidak Ada;2
1567;35;1580;Tidak Ada;2
1568;200;8751;Tidak Ada;2
1569;267;11619;Tidak Ada;2
1570;267;11619;Tidak Ada;2
1571;35;1581;Tidak Ada;2
1572;35;1582;Tidak Ada;2
1573;267;11620;Tidak Ada;2
1574;200;8752;Tidak Ada;2
1575;35;1583;Tidak Ada;2
1576;35;1584;Tidak Ada;2
1577;200;8753;Tidak Ada;2
1578;267;11620;Tidak Ada;2
1579;35;1585;Tidak Ada;2
1580;200;8754;Tidak Ada;2
1581;35;1586;Tidak Ada;2
1582;71;3134;Tidak Ada;2
1583;267;11621;Tidak Ada;2
1584;267;11621;Tidak Ada;2
1585;200;8755;Tidak Ada;2
1586;35;1587;Tidak Ada;2
1587;35;1588;Tidak Ada;2
1588;200;8728;Tidak Ada;2
1589;98;4070;Tidak Ada;2
1590;267;11592;Tidak Ada;2
1591;200;8729;Tidak Ada;2
1592;35;1589;Tidak Ada;2
1593;267;11592;Tidak Ada;2
1594;200;8730;Tidak Ada;2
1595;35;1590;Tidak Ada;2
1596;200;8731;Tidak Ada;2
1597;35;1591;Tidak Ada;2
1598;200;8732;Tidak Ada;2
1599;267;11593;Tidak Ada;2
1600;200;8733;Tidak Ada;2
1601;267;11593;Mengundurkan diri;2
1602;267;11593;Tidak Ada;2
1603;192;8370;Tidak Ada;2
1604;200;8734;Tidak Ada;2
1605;192;8371;Tidak Ada;2
1606;192;8372;Tidak Ada;2
1607;267;11595;Tidak Ada;2
1608;200;8735;Tidak Ada;2
1609;267;11595;Tidak Ada;2
1610;192;8373;Tidak Ada;2
1611;200;8736;Tidak Ada;2
1612;267;11596;Tidak Ada;2
1613;267;11596;Tidak Ada;2
1614;200;8737;Tidak Ada;2
1615;192;8374;Tidak Ada;2
1616;98;4071;Tidak Ada;2
1617;192;8375;Tidak Ada;2
1618;267;11597;Tidak Ada;2
1619;200;8738;Tidak Ada;2
1620;192;8376;Tidak Ada;2
1621;267;11597;Tidak Ada;2
1622;98;4072;Tidak Ada;2
1623;200;8739;Tidak Ada;2
1624;267;11600;Tidak Ada;2
1625;98;4073;Tidak Ada;2
1626;200;8740;Tidak Ada;2
1627;267;11601;Tidak Ada;2
1628;267;11600;Tidak Ada;2
1629;192;8377;Tidak Ada;2
1630;98;4025;Tidak Ada;2
1631;200;8741;Tidak Ada;2
1632;200;8742;Tidak Ada;2
1633;192;8378;Tidak Ada;2
1634;267;11603;Tidak Ada;2
1635;267;11603;Tidak Ada;2
1636;192;8379;Tidak Ada;2
1637;200;8743;Tidak Ada;2
1638;98;4027;Tidak Ada;2
1639;267;11604;Tidak Ada;2
1640;192;8380;Tidak Ada;2
1641;192;8380;Tidak Ada;2
1642;267;11605;Tidak Ada;2
1643;192;8381;Tidak Ada;2
1644;98;4028;Tidak Ada;2
1645;267;11606;Tidak Ada;2
1646;267;11606;Tidak Ada;2
1647;98;4029;Tidak Ada;2
1648;192;8382;Tidak Ada;2
1649;267;11608;Tidak Ada;2
1650;98;4030;Tidak Ada;2
1651;267;11610;Tidak Ada;2
1652;192;8383;Tidak Ada;2
1653;267;11622;Tidak Ada;2
1654;98;4031;Tidak Ada;2
1655;192;8384;Tidak Ada;2
1656;98;4032;Tidak Ada;2
1657;267;11623;Tidak Ada;2
1658;98;4033;Tidak Ada;2
1659;192;8385;Tidak Ada;2
1660;267;11624;Tidak Ada;2
1661;98;4035;Tidak Ada;2
1662;267;11625;Tidak Ada;2
1663;98;4036;Tidak Ada;2
1664;98;4037;Tidak Ada;2
1665;267;11626;Tidak Ada;2
1666;192;8386;Tidak Ada;2
1667;98;4040;Tidak Ada;2
1668;267;11627;Tidak Ada;2
1669;192;8387;Tidak Ada;2
1670;267;11628;Tidak Ada;2
1671;192;8388;Tidak Ada;2
1672;267;11629;Tidak Ada;2
1673;267;11604;Tidak Ada;2
1674;267;11627;mengintervensi;2
1675;267;11630;Tidak Ada;2
1676;192;8389;Tidak Ada;2
1677;98;4041;Tidak Ada;2
1678;267;11632;Tidak Ada;2
1679;192;8390;Tidak Ada;2
1680;98;4042;Tidak Ada;2
1681;192;8391;Tidak Ada;2
1682;98;4043;Tidak Ada;2
1683;192;8392;Tidak Ada;2
1684;203;8869;Tidak Ada;2
1685;98;4044;Tidak Ada;2
1686;98;4045;Tidak Ada;2
1687;98;4046;Tidak Ada;2
1688;203;8870;Tidak Ada;2
1689;192;8393;Tidak Ada;2
1690;98;4047;Tidak Ada;2
1691;98;4048;Tidak Ada;2
1692;192;8394;Tidak Ada;2
1693;98;4049;Tidak Ada;2
1694;203;8871;Tidak Ada;2
1695;98;4050;Tidak Ada;2
1696;203;8872;Tidak Ada;2
1697;98;4051;Tidak Ada;2
1698;98;4052;Tidak Ada;2
1699;98;4053;Tidak Ada;2
1700;98;4054;Tidak Ada;2
1701;98;4055;Tidak Ada;2
1702;192;8395;Tidak Ada;2
1703;203;8873;Tidak Ada;2
1704;203;8874;Tidak Ada;2
1705;284;12246;Tidak Ada;2
1706;284;12247;Tidak Ada;2
1707;284;12248;Tidak Ada;2
1708;284;12249;Tidak Ada;2
1709;284;12250;Tidak Ada;2
1710;284;12251;Tidak Ada;2
1711;289;12407;Tidak Ada;2
1712;289;12408;Tidak Ada;2
1713;289;12409;Tidak Ada;2
1714;289;12410;Tidak Ada;2
1715;289;12411;Tidak Ada;2
1716;289;12412;Tidak Ada;2
1717;289;12413;Tidak Ada;2
1718;76;3255;Tidak Ada;2
1719;200;8744;Tidak Ada;2
1720;200;8745;Tidak Ada;2
1721;200;8746;Tidak Ada;2
1722;200;8747;Tidak Ada;2
1723;204;8942;Tidak Ada;2
1724;204;8943;Tidak Ada;2
1725;204;8902;Tidak Ada;2
1726;204;8903;Tidak Ada;2
1727;204;8904;Tidak Ada;2
1728;204;8905;Tidak Ada;2
1729;204;8906;Tidak Ada;2
1730;204;8907;Tidak Ada;2
1731;98;4056;Tidak Ada;2
1732;98;4057;Tidak Ada;2
1733;98;4058;Tidak Ada;2
1734;98;4059;Tidak Ada;2
1735;98;4060;Tidak Ada;2
1736;98;4061;Tidak Ada;2
1737;98;4062;Tidak Ada;2
1738;98;4064;Tidak Ada;2
1739;98;4065;Tidak Ada;2
1740;98;4066;Tidak Ada;2
1741;98;4067;Tidak Ada;2
1742;98;4068;Tidak Ada;2
1743;98;4069;Tidak Ada;2
1744;139;5944;Tidak Ada;2
1745;147;6365;Tidak Ada;2
1746;147;6366;Tidak Ada;2
1747;147;6367;Tidak Ada;2
1748;147;6371;Tidak Ada;2
1749;147;6372;Tidak Ada;2
1750;147;6320;Tidak Ada;2
1751;147;6321;Tidak Ada;2
1752;147;6322;Tidak Ada;2
1753;147;6323;Tidak Ada;2
1754;147;6324;Tidak Ada;2
1755;147;6326;siaran langsung;2
1756;244;10622;Tidak Ada;2
1757;289;12414;Tidak Ada;2
1758;289;12415;Tidak Ada;2
1759;289;12416;Tidak Ada;2
1760;289;12417;Tidak Ada;2
1761;289;12418;Tidak Ada;2
1762;289;12419;Tidak Ada;2
1763;289;12420;Tidak Ada;2
1764;289;12421;Tidak Ada;2
1765;289;12422;Tidak Ada;2
1766;289;12423;Tidak Ada;2
1767;289;12424;Tidak Ada;2
1768;289;12425;Tidak Ada;2
1769;289;12426;Tidak Ada;2
1770;289;12427;Tidak Ada;2
1771;289;12427;Tidak Ada;2
1772;244;10623;Tidak Ada;2
1773;244;10624;Tidak Ada;2
1774;289;12428;Tidak Ada;2
1775;289;12429;Tidak Ada;2
1776;244;10625;Tidak Ada;2
1777;289;12430;Tidak Ada;2
1778;289;12430;Tidak Ada;2
1779;289;12431;Tidak Ada;2
1780;289;12432;Tidak Ada;2
1781;293;12534;Tidak Ada;2
1782;293;12535;Tidak Ada;2
1783;293;12536;Tidak Ada;2
1784;293;12537;Tidak Ada;2
1785;293;12538;Tidak Ada;2
1786;293;12539;Tidak Ada;2
1787;293;12540;Tidak Ada;2
1788;293;12541;Tidak Ada;2
1789;293;12542;Tidak Ada;2
1790;293;12543;Tidak Ada;2
1791;293;12544;Tidak Ada;2
1792;293;12545;Tidak Ada;2
1793;293;12546;Tidak Ada;2
1794;293;12547;Tidak Ada;2
1795;293;12548;Tidak Ada;2
1796;244;10626;Tidak Ada;2
1797;244;10627;Tidak Ada;2
1798;244;10628;Tidak Ada;2
1799;244;10629;Tidak Ada;2
1800;244;10630;Tidak Ada;2
1801;244;10631;Tidak Ada;2
1802;244;10632;Tidak Ada;2
1803;244;10633;Tidak Ada;2
1804;244;10634;Tidak Ada;2
1805;244;10635;Tidak Ada;2
1806;244;10636;Tidak Ada;2
1807;244;10637;Tidak Ada;2
1808;244;10638;Tidak Ada;2
1809;244;10639;Tidak Ada;2
1810;204;8908;Tidak Ada;2
1811;204;8909;Tidak Ada;2
1812;204;8910;Tidak Ada;2
1813;204;8911;Tidak Ada;2
1814;204;8912;Tidak Ada;2
1815;204;8913;Tidak Ada;2
1816;204;8914;Tidak Ada;2
1817;204;8915;Tidak Ada;2
1818;204;8916;Tidak Ada;2
1819;204;8917;Tidak Ada;2
1820;204;8918;Tidak Ada;2
1821;75;3234;Tidak Ada;2
1822;75;3235;Tidak Ada;2
1823;75;3236;Tidak Ada;2
1824;75;3237;Tidak Ada;2
1825;75;3238;Tidak Ada;2
1826;75;3239;Tidak Ada;2
1827;75;3240;Tidak Ada;2
1828;75;3241;Tidak Ada;2
1829;75;3242;Tidak Ada;2
1830;75;3243;Tidak Ada;2
1831;75;3244;Tidak Ada;2
1832;75;3245;Tidak Ada;2
1833;192;8396;Tidak Ada;2
1834;147;6327;Tidak Ada;2
1835;147;6328;Tidak Ada;2
1836;147;6329;Tidak Ada;2
1837;147;6331;Tidak Ada;2
1838;147;6332;Tidak Ada;2
1839;147;6333;Tidak Ada;2
1840;147;6334;Tidak Ada;2
1841;147;6335;Tidak Ada;2
1842;147;6336;Tidak Ada;2
1843;147;6337;wawancara;2
1844;147;6338;Tidak Ada;2
1845;147;6339;Tidak Ada;2
1846;147;6340;Tidak Ada;2
1847;147;6341;Tidak Ada;2
1848;147;6342;Tidak Ada;2
1849;147;6343;Tidak Ada;2
1850;147;6344;Tidak Ada;2
1851;147;6344;Tidak Ada;2
1852;147;6345;Tidak Ada;2
1853;147;6346;Tidak Ada;2
1854;113;4617;Tidak Ada;2
1855;113;4618;Tidak Ada;2
1856;76;3256;Tidak Ada;2
1857;76;3257;Tidak Ada;2
1858;76;3258;Tidak Ada;2
1859;76;3259;Tidak Ada;2
1860;76;3260;Tidak Ada;2
1861;76;3261;Tidak Ada;2
1862;76;3262;Tidak Ada;2
1863;76;3263;Tidak Ada;2
1864;76;3264;Tidak Ada;2
1865;76;3265;Tidak Ada;2
1866;76;3266;Tidak Ada;2
1867;76;3267;Olimpiade 2016;2
1868;76;3268;Tidak Ada;2
1869;76;3269;Tidak Ada;2
1870;76;3270;Shero;2
1871;76;3271;Tidak Ada;2
1872;76;3272;Women of the Year Summit;2
1873;76;3273;Tidak Ada;2
1874;76;3274;Tidak Ada;2
1875;76;3275;Tidak Ada;2
1876;76;3276;Tidak Ada;2
1877;76;3277;Tidak Ada;2
1878;76;3278;Olimpiade;2
1879;113;4619;Tidak Ada;2
1880;113;4620;Tidak Ada;2
1881;113;4621;Tidak Ada;2
1882;113;4622;Tidak Ada;2
1883;113;4623;Tidak Ada;2
1884;113;4624;Tidak Ada;2
1885;113;4625;Tidak Ada;2
1886;113;4626;Tidak Ada;2
1887;113;4627;Tidak Ada;2
1888;113;4628;Tidak Ada;2
1889;113;4629;Tidak Ada;2
1890;113;4630;Tidak Ada;2
1891;113;4631;Tidak Ada;2
1892;113;4632;Tidak Ada;2
1893;113;4633;Tidak Ada;2
1894;113;4634;Tidak Ada;2
1895;113;4635;Tidak Ada;2
1896;113;4636;Tidak Ada;2
1897;113;4637;Tidak Ada;2
1898;113;4638;Tidak Ada;2
1899;113;4639;Tidak Ada;2
1900;113;4640;Tidak Ada;2
1901;113;4641;Tidak Ada;2
1902;113;4642;Tidak Ada;2
1903;113;4643;Tidak Ada;2
1904;113;4644;Tidak Ada;2
1905;113;4645;Tidak Ada;2
1906;113;4646;Tidak Ada;2
1907;113;4647;Tidak Ada;2
1908;113;4648;Tidak Ada;2
1909;113;4649;Tidak Ada;2
1910;113;4650;Tidak Ada;2
1911;113;4651;Tidak Ada;2
1912;113;4652;Tidak Ada;2
1913;113;4653;Tidak Ada;2
1914;113;4654;Tidak Ada;2
1915;114;4655;Tidak Ada;2
1916;114;4656;Tidak Ada;2
1917;114;4657;Tidak Ada;2
1918;204;8919;Tidak Ada;2
1919;204;8920;Tidak Ada;2
1920;27;1251;Tidak Ada;2
1921;27;1252;Tidak Ada;2
1922;27;1253;Tidak Ada;2
1923;27;1254;Tidak Ada;2
1924;27;1255;Tidak Ada;2
1925;5894;247711;Tidak Ada;2
1926;27;1256;Tidak Ada;2
1927;27;1257;Tidak Ada;2
1928;27;1258;Tidak Ada;2
1929;27;1259;Tidak Ada;2
1930;27;1260;Tidak Ada;2
1931;5894;247712;Tidak Ada;2
1932;27;1261;Tidak Ada;2
1933;5894;247713;Tidak Ada;2
1934;27;1262;Tidak Ada;2
1935;5894;247714;Tidak Ada;2
1936;27;1263;Tidak Ada;2
1937;27;1264;Tidak Ada;2
1938;5894;247715;Tidak Ada;2
1939;5894;247716;Tidak Ada;2
1940;5894;247717;Tidak Ada;2
1941;5894;247718;Tidak Ada;2
1942;5894;247719;Tidak Ada;2
1943;5894;247720;Tidak Ada;2
1944;5894;247721;Tidak Ada;2
1945;5894;247722;Tidak Ada;2
1946;5905;248110;menyaksikan rombongan Sembilan Sekjen koalisi Parpol yang menggunakan motor gede;2
1947;5894;247723;Tidak Ada;2
1948;5894;247724;Tidak Ada;2
1949;5894;247725;Tidak Ada;2
1950;5905;248111;Pilpres 2019;2
1951;5894;247726;Tidak Ada;2
1952;5905;248112;Kampanye;2
1953;5894;247727;Tidak Ada;2
1954;5894;247728;Tidak Ada;2
1955;5905;248113;Kampanye Pemilu;2
1956;5894;247729;Tidak Ada;2
1957;5894;247730;Tidak Ada;2
1958;5894;247731;Tidak Ada;2
1959;5894;247732;Tidak Ada;2
1960;5894;247733;Tidak Ada;2
1961;5894;247734;Tidak Ada;2
1962;5894;247735;Tidak Ada;2
1963;5894;247736;Tidak Ada;2
1964;5894;247737;Tidak Ada;2
1965;5894;247738;Tidak Ada;2
1966;5894;247739;Tidak Ada;2
1967;5905;248114;Tidak Ada;2
1968;5905;248115;Kampanye;2
1969;5905;248116;Tidak Ada;2
1970;5894;247740;Tidak Ada;2
1971;5905;248117;Tidak Ada;2
1972;5894;247741;Tidak Ada;2
1973;5894;247742;Tidak Ada;2
1974;5905;248118;Tidak Ada;2
1975;5905;248119;Tidak Ada;2
1976;5894;247743;Tidak Ada;2
1977;5894;247744;Tidak Ada;2
1978;5905;248120;Tidak Ada;2
1979;5905;248121;Tidak Ada;2
1980;5905;248122;Tidak Ada;2
1981;5905;248123;Tidak Ada;2
1982;5905;248124;masa kampanye;2
1983;5905;248125;Kampanye;2
1984;5905;248126;kampanye;2
1985;114;4658;Tidak Ada;2
1986;114;4659;Tidak Ada;2
1987;114;4660;Tidak Ada;2
1988;306;13123;Tidak Ada;2
1989;306;13124;Tidak Ada;2
1990;306;13125;Tidak Ada;2
1991;114;4661;Tidak Ada;2
1992;114;4662;Tidak Ada;2
1993;114;4663;Tidak Ada;2
1994;5905;248127;Tidak Ada;2
1995;5905;248128;Tidak Ada;2
1996;5905;248129;Tidak Ada;2
1997;114;4664;Tidak Ada;2
1998;5905;248130;Tidak Ada;2
1999;114;4665;Tidak Ada;2
2000;5905;248131;Tidak Ada;2
2001;114;4666;Tidak Ada;2
2002;5894;247745;Tidak Ada;2
2003;5894;247746;Tidak Ada;2
2004;114;4667;Tidak Ada;2
2005;5894;247747;Tidak Ada;2
2006;5894;247748;Tidak Ada;2
2007;5894;247749;Tidak Ada;2
2008;5894;247750;Tidak Ada;2
2009;5894;247751;Tidak Ada;2
2010;114;4668;Tidak Ada;2
2011;5894;247752;Tidak Ada;2
2012;5894;247753;Tidak Ada;2
2013;114;4669;Tidak Ada;2
2014;5897;247830;Asian Games;2
2015;5894;247754;Olimpiade;2
2016;5897;247830;Final Run Women Elite Downhill;2
2017;5894;247755;Tidak Ada;2
2018;5894;247756;Tidak Ada;2
2019;5897;247831;Asian Games XVIII;2
2020;5897;247831;Tidak Ada;2
2021;114;4670;Tidak Ada;2
2022;5894;247757;Tidak Ada;2
2023;5897;247832;Asian Games;2
2024;5894;247758;Tidak Ada;2
2025;114;4671;Tidak Ada;2
2026;114;4672;Tidak Ada;2
2027;5903;248065;Tidak Ada;2
2028;114;4673;Tidak Ada;2
2029;5897;247833;Tidak Ada;2
2030;5903;248066;Tidak Ada;2
2031;75;3246;Tidak Ada;2
2032;5897;247834;Tidak Ada;2
2033;5903;248067;Tidak Ada;2
2034;5903;248068;Tidak Ada;2
2035;114;4674;Tidak Ada;2
2036;5903;248069;Asia Games 2018;2
2037;114;4675;Tidak Ada;2
2038;5897;247835;Tidak Ada;2
2039;75;3247;Tidak Ada;2
2040;5903;248070;Tidak Ada;2
2041;114;4676;Tidak Ada;2
2042;5903;248071;Tidak Ada;2
2043;5897;247836;Asian Games 2018;2
2044;75;3248;Tidak Ada;2
2045;5903;248072;Tidak Ada;2
2046;5903;248073;Tidak Ada;2
2047;5903;248074;Tidak Ada;2
2048;5897;247837;Asian Games XVIII;2
2049;5903;248075;Tidak Ada;2
2050;213;9231;Tidak Ada;2
2051;5897;247838;Tidak Ada;2
2052;5872;246890;Asian Games 2018;2
2053;5872;246891;Tidak Ada;2
2054;213;9232;Tidak Ada;2
2055;5872;246892;Asian Games 2018;2
2056;252;10977;Tidak Ada;2
2057;5872;246893;Tidak Ada;2
2058;5959;250185;Tidak Ada;2
2059;252;10978;Tidak Ada;2
2060;5872;246894;Tidak Ada;2
2061;5872;246895;Asian Games;2
2062;5959;250186;Siaran pers penelitian;2
2063;252;10979;Tidak Ada;2
2064;114;4677;Tidak Ada;2
2065;5959;250187;Tidak Ada;2
2066;252;10980;Tidak Ada;2
2067;5872;246896;Tidak Ada;2
2068;114;4678;Tidak Ada;2
2069;5872;246897;Tidak Ada;2
2070;252;10981;Tidak Ada;2
2071;5872;246898;Tidak Ada;2
2072;114;4679;Tidak Ada;2
2073;252;10982;Tidak Ada;2
2074;5872;246899;Tidak Ada;2
2075;5872;246900;Tidak Ada;2
2076;252;10983;Tidak Ada;2
2077;5872;246901;Tidak Ada;2
2078;5959;250188;Tidak Ada;2
2079;5959;250188;Tidak Ada;2
2080;5872;246902;Tidak Ada;2
2081;252;10984;Tidak Ada;2
2082;5959;250189;Tidak Ada;2
2083;5872;246903;Tidak Ada;2
2084;252;10985;rapat pleno;2
2085;114;4680;Tidak Ada;2
2086;5872;246904;Tidak Ada;2
2087;5872;246905;Tidak Ada;2
2088;114;4681;Tidak Ada;2
2089;5872;246906;Asian Games;2
2090;5959;250190;Tidak Ada;2
2091;252;10986;Tidak Ada;2
2092;5959;250191;Tidak Ada;2
2093;5959;250155;Tidak Ada;2
2094;252;10987;Tidak Ada;2
2095;114;4682;Tidak Ada;2
2096;5959;250156;Tidak Ada;2
2097;252;10988;musyawarah nasional;2
2098;5959;250157;Tidak Ada;2
2099;252;10989;Tidak Ada;2
2100;252;10990;Tidak Ada;2
2101;252;10991;Tidak Ada;2
2102;5959;250158;Tidak Ada;2
2103;252;10992;Tidak Ada;2
2104;252;10993;Tidak Ada;2
2105;5959;250159;survei;2
2106;252;10994;Tidak Ada;2
2107;252;10995;Tidak Ada;2
2108;5959;250161;penelitian;2
2109;114;4683;Tidak Ada;2
2110;252;10996;Tidak Ada;2
2111;5959;250162;Polling;2
2112;114;4684;Tidak Ada;2
2113;252;10997;Tidak Ada;2
2114;114;4685;Tidak Ada;2
2115;252;10998;Tidak Ada;2
2116;114;4686;Tidak Ada;2
2117;252;10999;Tidak Ada;2
2118;114;4687;Tidak Ada;2
2119;252;11000;Tidak Ada;2
2120;114;4688;Tidak Ada;2
2121;252;11001;Tidak Ada;2
2122;114;4689;Tidak Ada;2
2123;252;11002;Tidak Ada;2
2124;252;11003;Tidak Ada;2
2125;114;4690;Tidak Ada;2
2126;252;11004;Tidak Ada;2
2127;114;4691;Tidak Ada;2
2128;252;11005;Tidak Ada;2
2129;114;4692;Tidak Ada;2
2130;252;11006;Tidak Ada;2
2131;116;4711;Tidak Ada;2
2132;252;11007;Tidak Ada;2
2133;5959;250163;penelitian;2
2134;252;11008;Tidak Ada;2
2135;116;4712;Tidak Ada;2
2136;5959;250164;Tidak Ada;2
2137;252;11009;Tidak Ada;2
2138;252;11010;Tidak Ada;2
2139;116;4713;Tidak Ada;2
2140;5959;250165;Tidak Ada;2
2141;116;4714;Tidak Ada;2
2142;5959;250166;Tidak Ada;2
2143;116;4715;Tidak Ada;2
2144;116;4716;Tidak Ada;2
2145;116;4717;Tidak Ada;2
2146;116;4718;Tidak Ada;2
2147;116;4719;Tidak Ada;2
2148;116;4720;Tidak Ada;2
2149;5897;247839;final Chang Quan putra;2
2150;5897;247840;balap sepeda;2
2151;5897;247840;angkat besi;2
2152;5897;247840;Gunshu;2
2153;244;10640;Tidak Ada;2
2154;244;10641;Tidak Ada;2
2155;244;10642;Tidak Ada;2
2156;244;10643;Tidak Ada;2
2157;244;10644;Tidak Ada;2
2158;244;10645;Tidak Ada;2
2159;244;10646;Tidak Ada;2
2160;244;10647;Tidak Ada;2
2161;244;10647;Tidak Ada;2
2162;244;10648;Tidak Ada;2
2163;244;10649;Tidak Ada;2
2164;244;10650;Tidak Ada;2
2165;5967;250456;Tidak Ada;2
2166;5967;250457;Tidak Ada;2
2167;5967;250458;Tidak Ada;2
2168;5967;250459;Tidak Ada;2
2169;5967;250460;Tidak Ada;2
2170;5967;250461;Tidak Ada;2
2171;5967;250462;Tidak Ada;2
2172;5967;250463;Tidak Ada;2
2173;5967;250464;Tidak Ada;2
2174;5967;250464;Tidak Ada;2
2175;5967;250465;Tidak Ada;2
2176;5967;250466;Tidak Ada;2
2177;5967;250467;Tidak Ada;2
2178;5967;250468;Tidak Ada;2
2179;5967;250469;Tidak Ada;2
2180;5967;250469;Tidak Ada;2
2181;5967;250470;Tidak Ada;2
2182;5967;250471;Tidak Ada;2
2183;5967;250472;Tidak Ada;2
2184;5967;250473;Tidak Ada;2
2185;5967;250474;Tidak Ada;2
2186;71;3135;Tidak Ada;2
2187;71;3136;Tidak Ada;2
2188;71;3137;konferensi;2
2189;71;3138;Tidak Ada;2
2190;71;3139;Tidak Ada;2
2191;71;3140;Tidak Ada;2
2192;71;3141;Tidak Ada;2
2193;71;3142;Tidak Ada;2
2194;71;3114;Tidak Ada;2
2195;71;3115;Tidak Ada;2
2196;71;3116;Tidak Ada;2
2197;71;3117;Tidak Ada;2
2198;71;3118;Tidak Ada;2
2199;71;3119;Tidak Ada;2
2200;71;3120;Tidak Ada;2
2201;71;3121;Tidak Ada;2
2202;71;3122;Tidak Ada;2
2203;71;3123;Tidak Ada;2
2204;71;3124;Tidak Ada;2
2205;71;3125;Tidak Ada;2
2206;141;6037;Masak;2
2207;71;3126;American Heart Associations Scientific Sessions;2
2208;71;3126;Tidak Ada;2
2209;71;3127;Tidak Ada;2
2210;71;3128;Tidak Ada;2
2211;141;6038;Menjelajah;2
2212;71;3129;Tidak Ada;2
2213;71;3130;Tidak Ada;2
2214;71;3131;Tidak Ada;2
2215;71;3132;Tidak Ada;2
2216;71;3132;Tidak Ada;2
2217;71;3133;Tidak Ada;2
2218;5926;248930;olimpiade;2
2219;5926;248931;Tidak Ada;2
2220;5926;248932;Tidak Ada;2
2221;141;6039;Tidak Ada;2
2222;5926;248933;Tidak Ada;2
2223;5926;248934;Tidak Ada;2
2224;141;6040;Tidak Ada;2
2225;5926;248935;Tidak Ada;2
2226;141;6041;Tidak Ada;2
2227;5926;248936;Tidak Ada;2
2228;141;6042;Tidak Ada;2
2229;141;6043;Tidak Ada;2
2230;5926;248937;Tidak Ada;2
2231;5926;248892;asian games;2
2232;141;6044;Tidak Ada;2
2233;5926;248893;Tidak Ada;2
2234;5926;248894;Tidak Ada;2
2235;5926;248897;asian games;2
2236;5926;248898;Tidak Ada;2
2237;5926;248899;Tidak Ada;2
2238;5926;248900;Tidak Ada;2
2239;5926;248901;Tidak Ada;2
2240;5926;248902;Tidak Ada;2
2241;5926;248903;Tidak Ada;2
2242;5926;248904;Tidak Ada;2
2243;5926;248905;Tidak Ada;2
2244;5926;248906;asian games;2
2245;5926;248907;Tidak Ada;2
2246;5926;248908;Tidak Ada;2
2247;141;6045;Tidak Ada;2
2248;141;6046;Tidak Ada;2
2249;141;5966;Tidak Ada;2
2250;141;5967;Tidak Ada;2
2251;5926;248909;asian games;2
2252;5926;248910;olimpiade;2
2253;141;5968;Tidak Ada;2
2254;141;5969;Tidak Ada;2
2255;141;5970;Tidak Ada;2
2256;5967;250475;Proyeksi;2
2257;5967;250476;Tidak Ada;2
2258;5967;250477;Target;2
2259;5967;250478;Program-Program;2
2260;76;3279;Tidak Ada;2
2261;5967;250479;tindak lanjut atas data;2
2262;76;3280;Tidak Ada;2
2263;5967;250480;pemanfaatan data;2
2264;5967;250481;Tidak Ada;2
2265;203;8875;Tidak Ada;2
2266;203;8876;Tidak Ada;2
2267;5967;250482;meningkatkan kepatuhan dan mendorong kesadaran masyarakat\.;2
2268;203;8877;Tidak Ada;2
2269;203;8878;Tidak Ada;2
2270;203;8879;Tidak Ada;2
2271;5967;250483;pelayanan dan pembinaan yang lebih baik;2
2272;203;8880;Tidak Ada;2
2273;203;8881;Tidak Ada;2
2274;293;12549;Tidak Ada;2
2275;203;8882;Tidak Ada;2
2276;293;12550;Tidak Ada;2
2277;203;8883;Tidak Ada;2
2278;203;8883;Tidak Ada;2
2279;203;8884;Tidak Ada;2
2280;5967;250484;target pertumbuhan;2
2281;293;12551;Tidak Ada;2
2282;293;12552;Tidak Ada;2
2283;203;8885;Tidak Ada;2
2284;293;12553;Tidak Ada;2
2285;203;8886;Tidak Ada;2
2286;5967;250485;penerimaan pajak;2
2287;293;12554;Tidak Ada;2
2288;293;12555;Tidak Ada;2
2289;203;8887;Tidak Ada;2
2290;203;8888;Tidak Ada;2
2291;293;12556;Tidak Ada;2
2292;203;8889;Tidak Ada;2
2293;5967;250486;tingkat pertumbuhan;2
2294;293;12557;Tidak Ada;2
2295;293;12558;Tidak Ada;2
2296;203;8890;Tidak Ada;2
2297;293;12559;Tidak Ada;2
2298;203;8891;Tidak Ada;2
2299;293;12560;Tidak Ada;2
2300;76;3281;Tidak Ada;2
2301;203;8892;Tidak Ada;2
2302;293;12561;Tidak Ada;2
2303;293;12562;Tidak Ada;2
2304;76;3282;Tidak Ada;2
2305;293;12563;Tidak Ada;2
2306;5967;250487;peningkatan kepatuhan;2
2307;76;3283;Shero;2
2308;293;12564;Tidak Ada;2
2309;294;12565;Tidak Ada;2
2310;76;3284;Tidak Ada;2
2311;294;12566;Tidak Ada;2
2312;294;12566;Tidak Ada;2
2313;203;8893;Tidak Ada;2
2314;203;8894;Tidak Ada;2
2315;294;12567;Tidak Ada;2
2316;294;12569;Tidak Ada;2
2317;203;8895;Tidak Ada;2
2318;96;4016;Tidak Ada;2
2319;294;12570;Tidak Ada;2
2320;141;5971;Tidak Ada;2
2321;203;8896;Tidak Ada;2
2322;294;12572;Tidak Ada;2
2323;5967;250488;kerjasama internasional, dan akses informasi;2
2324;141;5972;Tidak Ada;2
2325;96;4017;Tidak Ada;2
2326;203;8897;Tidak Ada;2
2327;294;12573;Tidak Ada;2
2328;203;8898;Tidak Ada;2
2329;294;12574;Tidak Ada;2
2330;203;8899;Tidak Ada;2
2331;96;4018;Tidak Ada;2
2332;294;12575;Tidak Ada;2
2333;203;8900;Tidak Ada;2
2334;96;4019;Tidak Ada;2
2335;203;8901;Tidak Ada;2
2336;5919;248647;Tidak Ada;2
2337;5919;248648;Tidak Ada;2
2338;96;4020;Tidak Ada;2
2339;5919;248616;Tidak Ada;2
2340;5919;248617;Tidak Ada;2
2341;5919;248618;Tidak Ada;2
2342;5919;248619;Tidak Ada;2
2343;5919;248620;Tidak Ada;2
2344;5919;248621;Tidak Ada;2
2345;96;4021;Tidak Ada;2
2346;5919;248622;Tidak Ada;2
2347;5919;248623;Tidak Ada;2
2348;294;12576;Tidak Ada;2
2349;294;12576;Tidak Ada;2
2350;5919;248624;Tidak Ada;2
2351;5919;248625;Tidak Ada;2
2352;5919;248626;Tidak Ada;2
2353;96;3965;Tidak Ada;2
2354;96;3966;Tidak Ada;2
2355;96;3967;Tidak Ada;2
2356;5919;248627;Tidak Ada;2
2357;294;12577;Tidak Ada;2
2358;96;3968;Tidak Ada;2
2359;5919;248628;Tidak Ada;2
2360;96;3969;Tidak Ada;2
2361;5919;248629;Tidak Ada;2
2362;294;12578;Tidak Ada;2
2363;5919;248630;Tidak Ada;2
2364;96;3970;Tidak Ada;2
2365;5919;248631;Tidak Ada;2
2366;5919;248632;Tidak Ada;2
2367;5919;248633;Tidak Ada;2
2368;96;3971;Tidak Ada;2
2369;5919;248635;Tidak Ada;2
2370;294;12579;Tidak Ada;2
2371;96;3972;Tidak Ada;2
2372;294;12580;Tidak Ada;2
2373;96;3973;Tidak Ada;2
2374;96;3974;Tidak Ada;2
2375;294;12581;Tidak Ada;2
2376;294;12582;Tidak Ada;2
2377;294;12583;Tidak Ada;2
2378;96;3975;Tidak Ada;2
2379;294;12584;Tidak Ada;2
2380;96;3976;Tidak Ada;2
2381;96;3977;Tidak Ada;2
2382;96;3978;Tidak Ada;2
2383;96;3979;Tidak Ada;2
2384;96;3980;Tidak Ada;2
2385;96;3981;Tidak Ada;2
2386;96;3982;Tidak Ada;2
2387;96;3983;Tidak Ada;2
2388;96;3984;Tidak Ada;2
2389;96;3985;Tidak Ada;2
2390;96;3986;Tidak Ada;2
2391;96;3988;Tidak Ada;2
2392;96;3989;Tidak Ada;2
2393;109;4462;Tidak Ada;2
2394;5895;247789;Tidak Ada;2
2395;109;4463;wawancara dengan Beritagar;2
2396;5895;247759;Tidak Ada;2
2397;109;4464;Tidak Ada;2
2398;5895;247760;Tidak Ada;2
2399;5895;247761;Tidak Ada;2
2400;96;3990;Tidak Ada;2
2401;5895;247762;Tidak Ada;2
2402;109;4465;Tidak Ada;2
2403;5895;247763;Tidak Ada;2
2404;96;3991;Tidak Ada;2
2405;109;4466;Tidak Ada;2
2406;96;3992;Tidak Ada;2
2407;96;3993;Tidak Ada;2
2408;5895;247764;Tidak Ada;2
2409;5895;247765;Tidak Ada;2
2410;5895;247766;Tidak Ada;2
2411;5895;247767;Tidak Ada;2
2412;5895;247768;Tidak Ada;2
2413;5895;247772;Tidak Ada;2
2414;5895;247776;Tidak Ada;2
2415;5895;247777;Tidak Ada;2
2416;5895;247778;Tidak Ada;2
2417;5895;247779;Tidak Ada;2
2418;5895;247780;Tidak Ada;2
2419;5895;247781;Tidak Ada;2
2420;5895;247782;Tidak Ada;2
2421;5895;247785;Tidak Ada;2
2422;5895;247788;Tidak Ada;2
2423;109;4467;Tidak Ada;2
2424;5898;247906;Tidak Ada;2
2425;5898;247856;Tidak Ada;2
2426;109;4468;Tidak Ada;2
2427;5898;247857;Tidak Ada;2
2428;5898;247858;Tidak Ada;2
2429;5898;247859;Tidak Ada;2
2430;5898;247860;Tidak Ada;2
2431;5898;247863;Tidak Ada;2
2432;5898;247866;Tidak Ada;2
2433;5898;247867;Tidak Ada;2
2434;5898;247869;Tidak Ada;2
2435;5898;247870;Tidak Ada;2
2436;5898;247871;Tidak Ada;2
2437;109;4469;Tidak Ada;2
2438;5898;247872;Tidak Ada;2
2439;109;4470;Tidak Ada;2
2440;5898;247873;Tidak Ada;2
2441;5898;247874;Tidak Ada;2
2442;109;4471;Tidak Ada;2
2443;109;4472;Tidak Ada;2
2444;5898;247875;Tidak Ada;2
2445;5898;247877;Tidak Ada;2
2446;109;4473;Tidak Ada;2
2447;5898;247879;Tidak Ada;2
2448;5898;247880;Tidak Ada;2
2449;5898;247881;Tidak Ada;2
2450;5898;247883;Tidak Ada;2
2451;5898;247884;Tidak Ada;2
2452;5898;247886;Tidak Ada;2
2453;109;4474;Tidak Ada;2
2454;5898;247890;Tidak Ada;2
2455;5898;247891;Tidak Ada;2
2456;109;4475;Tidak Ada;2
2457;5898;247892;Tidak Ada;2
2458;5898;247893;Tidak Ada;2
2459;3;119;Tidak Ada;2
2460;3;120;Tidak Ada;2
2461;3;121;konversi bodi terbaik;2
2462;3;121;entertainment terbaik;2
2463;3;121;teknologi terbaik;2
2464;3;121;bodi kit terbaik;2
2465;3;121;Tidak Ada;2
2466;3;122;Tidak Ada;2
2467;3;123;Tidak Ada;2
2468;3;124;Tidak Ada;2
2469;3;125;Tidak Ada;2
2470;3;126;Tidak Ada;2
2471;3;127;Tidak Ada;2
2472;3;128;Tidak Ada;2
2473;3;129;Tidak Ada;2
2474;3;130;Tidak Ada;2
2475;351;15090;Tidak Ada;2
2476;3;131;kompetitif;2
2477;351;15091;Tidak Ada;2
2478;351;15092;Tidak Ada;2
2479;3;132;juara favorit dari voting daring;2
2480;3;132;Facebook Fanpage Hondaisme;2
2481;3;132;Hondaisme\.;2
2482;3;132;Tidak Ada;2
2483;351;15094;Tidak Ada;2
2484;3;133;Tidak Ada;2
2485;5898;247894;Tidak Ada;2
2486;109;4476;Tidak Ada;2
2487;4;184;Tidak Ada;2
2488;109;4477;Tidak Ada;2
2489;5898;247895;Tidak Ada;2
2490;4;185;Tidak Ada;2
2491;109;4478;Tolerance Film Festival;2
2492;5898;247896;Tidak Ada;2
2493;4;186;kegiatan senam rutin;2
2494;4;186;kegiatan sosial;2
2495;4;186;bakti masyarakat;2
2496;115;4693;Tidak Ada;2
2497;5898;247897;Tidak Ada;2
2498;4;186;bakti masyarakat;2
2499;4;186;kegiatan sosial;2
2500;4;186;kegiatan senam rutin;2
2501;4;186;kegiatan senam;2
2502;4;187;mengampanyekan hidup;2
2503;4;187;kegiatan sosial;2
2504;4;187;mengampanyekan hidup sehat;2
2505;4;187;kegiatan sosial;2
2506;5898;247901;Tidak Ada;2
2507;4;187;mengampanyekan hidup sehat;2
2508;5898;247903;Tidak Ada;2
2509;115;4694;Tidak Ada;2
2510;4;188;Tidak Ada;2
2511;4;189;Tidak Ada;2
2512;115;4695;Tidak Ada;2
2513;5898;247904;Tidak Ada;2
2514;4;190;Tidak Ada;2
2515;4;191;Tidak Ada;2
2516;115;4696;penziarahan-penziarahan Katolik atau agama lain;2
2517;5901;248011;Tidak Ada;2
2518;4;192;Tidak Ada;2
2519;4;134;Tidak Ada;2
2520;5901;248012;bulan Dzulqadah;2
2521;4;135;Tidak Ada;2
2522;4;136;Tidak Ada;2
2523;5901;248013;Tidak Ada;2
2524;4;137;Tidak Ada;2
2525;115;4697;pencarian ketuhanan;2
2526;192;8397;Tidak Ada;2
2527;115;4698;Tidak Ada;2
2528;5901;248015;hari Arafah;2
2529;115;4699;perjalanan religi keliling India;2
2530;5901;248016;wukuf di arafah;2
2531;115;4700;Tidak Ada;2
2532;5901;248017;puasa sunah;2
2533;115;4701;\(BWCF\);2
2534;5901;248018;salat Iduladha;2
2535;115;4702;BWCF;2
2536;115;4702;pencarian ketuhanan;2
2537;115;4703;BWCF 2017;2
2538;5901;248019;Tidak Ada;2
2539;115;4704;Tidak Ada;2
2540;192;8398;Tidak Ada;2
2541;115;4705;BWCF;2
2542;306;13126;Tidak Ada;2
2543;306;13127;Tidak Ada;2
2544;115;4706;BWCF 2017;2
2545;306;13128;Tidak Ada;2
2546;306;13129;Tidak Ada;2
2547;306;13130;Tidak Ada;2
2548;115;4707;BWCF 2017;2
2549;115;4707;penyerahan Sang Hyang Kamahayanikan Award;2
2550;115;4707;penelitian Candi Borobudur;2
2551;306;13131;Tidak Ada;2
2552;115;4708;penelitian Candi BorobuduR;2
2553;306;13132;Tidak Ada;2
2554;306;13133;Tidak Ada;2
2555;306;13134;Tidak Ada;2
2556;306;13135;Tidak Ada;2
2557;306;13136;Tidak Ada;2
2558;306;13137;Tidak Ada;2
2559;115;4709;BWCF 2017;2
2560;306;13138;Tidak Ada;2
2561;306;13139;Tidak Ada;2
2562;115;4710;Borobudur Writers;2
2563;115;4710;Cultural Festival 2017;2
2564;306;13140;evakuasi;2
2565;306;13141;Tidak Ada;2
2566;306;13142;Tidak Ada;2
2567;5901;248020;salat dan puasa;2
2568;5901;247991;Ratusan umat muslim melaksanakan salat Idul Adha;2
2569;306;13143;Tidak Ada;2
2570;116;4721;Tidak Ada;2
2571;306;13144;Tidak Ada;2
2572;306;13145;Tidak Ada;2
2573;116;4722;murni persilangan terhadap kuda jenis thoroughbred untuk meningkatkan kecepatan dan tenaga;2
2574;306;13146;Tidak Ada;2
2575;116;4723;Tidak Ada;2
2576;116;4724;Tidak Ada;2
2577;122;5172;ODonoghue bertanya mengapa Irlandia kalah;2
2578;116;4725;Tidak Ada;2
2579;5901;247992;Tidak Ada;2
2580;122;5173;Tidak Ada;2
2581;5901;247993;salat Id dua rakaat;2
2582;122;5174;Tidak Ada;2
2583;116;4726;Tidak Ada;2
2584;5901;247994;puasa sunah Arafah;2
2585;122;5175;Tidak Ada;2
2586;5901;247995;puasa Arafah;2
2587;122;5176;Tidak Ada;2
2588;122;5177;Tidak Ada;2
2589;122;5178;Tidak Ada;2
2590;116;4727;Tidak Ada;2
2591;122;5179;mencetak gol;2
2592;122;5180;kebobolan;2
2593;122;5180;bangkit;2
2594;122;5180;Tidak Ada;2
2595;122;5181;bangkit dan bermain;2
2596;116;4728;Tidak Ada;2
2597;122;5142;leg kedua playoff Piala Dunia 2018;2
2598;116;4729;Tidak Ada;2
2599;116;4730;Tidak Ada;2
2600;116;4731;Tidak Ada;2
2601;116;4732;Tidak Ada;2
2602;5958;250140;Tidak Ada;2
2603;116;4733;Tidak Ada;2
2604;116;4734;Festival Tenun Ikat;2
2605;116;4735;Tidak Ada;2
2606;116;4736;Festival Tenun Ikat Sumba;2
2607;5958;250142;Tidak Ada;2
2608;5958;250144;Tidak Ada;2
2609;5958;250145;Tidak Ada;2
2610;5958;250120;Tidak Ada;2
2611;5958;250121;Tidak Ada;2
2612;116;4737;Tidak Ada;2
2613;116;4738;Tidak Ada;2
2614;116;4739;Tidak Ada;2
2615;116;4740;Tidak Ada;2
2616;5959;250167;Tidak Ada;2
2617;5959;250168;Tidak Ada;2
2618;116;4741;Festival Adat Pasola 2018;2
2619;5959;250169;Tidak Ada;2
2620;5959;250170;Tidak Ada;2
2621;5959;250171;penelitian;2
2622;116;4742;Tidak Ada;2
2623;5959;250172;Tidak Ada;2
2624;5958;250122;Tidak Ada;2
2625;5959;250173;Tidak Ada;2
2626;204;8921;Tidak Ada;2
2627;5959;250174;Tidak Ada;2
2628;5958;250123;Tidak Ada;2
2629;116;4743;Tidak Ada;2
2630;5958;250126;vonis;2
2631;5959;250175;Tidak Ada;2
2632;204;8922;Tidak Ada;2
2633;5959;250176;Tidak Ada;2
2634;204;8923;Tidak Ada;2
2635;5958;250128;Tidak Ada;2
2636;5958;250129;Tidak Ada;2
2637;204;8924;Tidak Ada;2
2638;5959;250177;survei;2
2639;204;8925;Tidak Ada;2
2640;204;8926;Tidak Ada;2
2641;5958;250130;Tidak Ada;2
2642;5959;250178;Tidak Ada;2
2643;204;8927;Tidak Ada;2
2644;5958;250133;Tidak Ada;2
2645;5959;250179;Tidak Ada;2
2646;204;8928;Tidak Ada;2
2647;204;8929;Tidak Ada;2
2648;5958;250134;Tidak Ada;2
2649;5959;250180;Tidak Ada;2
2650;5936;249260;Tidak Ada;2
2651;204;8930;Tidak Ada;2
2652;5959;250181;studi;2
2653;5936;249267;Tidak Ada;2
2654;5959;250182;Tidak Ada;2
2655;204;8931;Tidak Ada;2
2656;5936;249268;Tidak Ada;2
2657;204;8932;Tidak Ada;2
2658;5959;250183;Tidak Ada;2
2659;5936;249270;Tidak Ada;2
2660;204;8933;Tidak Ada;2
2661;5959;250184;Tidak Ada;2
2662;5936;249271;Tidak Ada;2
2663;204;8934;Tidak Ada;2
2664;5955;250035;Tidak Ada;2
2665;5936;249284;Tidak Ada;2
2666;204;8935;Tidak Ada;2
2667;5955;250036;Pikiran Rakyat;2
2668;204;8936;Tidak Ada;2
2669;204;8937;titian VS;2
2670;5936;249288;Tidak Ada;2
2671;5936;249295;Tidak Ada;2
2672;204;8938;Tidak Ada;2
2673;5955;250037;kemanusiaan akibat gempa bumi di Lombok\.;2
2674;5962;250296;Tidak Ada;2
2675;204;8939;Tidak Ada;2
2676;5962;250297;Tidak Ada;2
2677;204;8940;Tidak Ada;2
2678;5955;250038;Tidak Ada;2
2679;5962;250267;Tidak Ada;2
2680;204;8941;Tidak Ada;2
2681;5955;250039;Tidak Ada;2
2682;201;8827;Tidak Ada;2
2683;201;8828;Tidak Ada;2
2684;201;8829;Tidak Ada;2
2685;5955;250040;Tidak Ada;2
2686;201;8830;Tidak Ada;2
2687;5962;250268;Tidak Ada;2
2688;201;8756;Tidak Ada;2
2689;5955;250041;Tidak Ada;2
2690;201;8757;Tidak Ada;2
2691;5962;250269;Tidak Ada;2
2692;5962;250270;Tidak Ada;2
2693;117;4744;Tidak Ada;2
2694;5955;250042;penanganan darurat bencana gempa Lombok;2
2695;5962;250271;Tidak Ada;2
2696;5962;250272;Tidak Ada;2
2697;5955;250043;Tidak Ada;2
2698;117;4745;Tidak Ada;2
2699;5962;250273;Tidak Ada;2
2700;5962;250274;Tidak Ada;2
2701;5955;249995;memasukkan paket bantuan untuk korban gempa Lombok ke dalam pesawat di Lanud I Gusti Ngurah Rai, Bali;2
2702;5962;250275;Tidak Ada;2
2703;5962;250276;Tidak Ada;2
2704;117;4746;lokakarya membedah kamera Note 8 yang diadakan oleh Samsung Indonesia;2
2705;5955;249996;penyaluran bantuan;2
2706;5962;250277;Tidak Ada;2
2707;5962;250278;Tidak Ada;2
2708;5955;249997;Tidak Ada;2
2709;5955;249998;Tidak Ada;2
2710;5962;250282;Tidak Ada;2
2711;5962;250283;Tidak Ada;2
2712;5955;249999;Tidak Ada;2
2713;5955;250000;Tidak Ada;2
2714;5962;250286;Tidak Ada;2
2715;5962;250287;Tidak Ada;2
2716;5955;250001;Tidak Ada;2
2717;5955;250003;Tidak Ada;2
2718;117;4747;Tidak Ada;2
2719;117;4748;Tidak Ada;2
2720;5955;250004;Tidak Ada;2
2721;5955;250005;Tidak Ada;2
2722;5955;250007;Bantuan untuk para korban gempa Lombok;2
2723;117;4749;Tidak Ada;2
2724;5955;250008;Tidak Ada;2
2725;5955;250009;Tidak Ada;2
2726;5955;250010;Tidak Ada;2
2727;117;4750;Tidak Ada;2
2728;5955;250011;Tidak Ada;2
2729;117;4751;Tidak Ada;2
2730;5955;250012;Tidak Ada;2
2731;117;4752;Tidak Ada;2
2732;5955;250013;Tidak Ada;2
2733;5955;250014;Tidak Ada;2
2734;5955;250016;Penanganan Korban Gempa Lombok;2
2735;117;4753;Tidak Ada;2
2736;5955;250017;Tidak Ada;2
2737;5955;250018;Tidak Ada;2
2738;117;4754;Tidak Ada;2
2739;5955;250019;Tidak Ada;2
2740;5955;250020;Tidak Ada;2
2741;117;4755;Tidak Ada;2
2742;5955;250022;Tidak Ada;2
2743;5955;250023;Tidak Ada;2
2744;5955;250024;penyaluran bantuan;2
2745;5955;250025;penyaluran bantuan;2
2746;5955;250026;Tidak Ada;2
2747;117;4756;Tidak Ada;2
2748;5955;250027;Tidak Ada;2
2749;5955;250028;Tidak Ada;2
2750;5955;250029;Tidak Ada;2
2751;5955;250030;Tidak Ada;2
2752;306;13147;Tidak Ada;2
2753;306;13148;Tidak Ada;2
2754;306;13149;Tidak Ada;2
2755;306;13150;Tidak Ada;2
2756;306;13151;Tidak Ada;2
2757;306;13152;Tidak Ada;2
2758;306;13153;Tidak Ada;2
2759;312;13407;sidang tindak pidana korupsi;2
2760;312;13408;Tidak Ada;2
2761;312;13409;Tidak Ada;2
2762;192;8399;Tidak Ada;2
2763;192;8400;Tidak Ada;2
2764;192;8401;Tidak Ada;2
2765;192;8402;Tidak Ada;2
2766;192;8403;Tidak Ada;2
2767;192;8404;Tidak Ada;2
2768;192;8405;Tidak Ada;2
2769;351;15095;Tidak Ada;2
2770;351;15096;Tidak Ada;2
2771;351;15097;Tidak Ada;2
2772;351;15098;Tidak Ada;2
2773;351;15099;Tidak Ada;2
2774;351;15100;Tidak Ada;2
2775;351;15101;Tidak Ada;2
2776;351;15102;Tidak Ada;2
2777;222;9450;Tidak Ada;2
2778;222;9451;Tidak Ada;2
2779;222;9452;Tidak Ada;2
2780;222;9453;Tidak Ada;2
2781;141;5973;Tidak Ada;2
2782;222;9454;Tidak Ada;2
2783;222;9455;Tidak Ada;2
2784;141;5974;Tidak Ada;2
2785;141;5975;memasak;2
2786;141;5976;Tidak Ada;2
2787;141;5977;Tidak Ada;2
2788;141;5978;Tidak Ada;2
2789;141;5979;Tidak Ada;2
2790;141;5980;Tidak Ada;2
2791;141;5981;Tidak Ada;2
2792;222;9456;Tidak Ada;2
2793;222;9457;Tidak Ada;2
2794;222;9458;Tidak Ada;2
2795;222;9459;Tidak Ada;2
2796;141;5982;Tidak Ada;2
2797;222;9460;Tidak Ada;2
2798;141;5983;Tidak Ada;2
2799;222;9461;Tidak Ada;2
2800;222;9462;Tidak Ada;2
2801;222;9463;Tidak Ada;2
2802;222;9464;Tidak Ada;2
2803;222;9465;Tidak Ada;2
2804;222;9466;Tidak Ada;2
2805;222;9467;Tidak Ada;2
2806;222;9468;Tidak Ada;2
2807;222;9469;Tidak Ada;2
2808;141;5984;Tidak Ada;2
2809;141;5985;meramu;2
2810;117;4757;Tidak Ada;2
2811;117;4758;Tidak Ada;2
2812;117;4759;Tidak Ada;2
2813;117;4760;Tidak Ada;2
2814;117;4761;Tidak Ada;2
2815;117;4762;Tidak Ada;2
2816;117;4763;Tidak Ada;2
2817;117;4764;Tidak Ada;2
2818;117;4765;Tidak Ada;2
2819;117;4766;Tidak Ada;2
2820;117;4767;Tidak Ada;2
2821;117;4768;Tidak Ada;2
2822;117;4769;Tidak Ada;2
2823;117;4770;Tidak Ada;2
2824;117;4771;Tidak Ada;2
2825;117;4772;Tidak Ada;2
2826;5926;248912;Tidak Ada;2
2827;5926;248913;Tidak Ada;2
2828;117;4773;Tidak Ada;2
2829;5926;248914;Tidak Ada;2
2830;117;4774;Tidak Ada;2
2831;5926;248915;Tidak Ada;2
2832;5926;248916;Tidak Ada;2
2833;5926;248918;Tidak Ada;2
2834;117;4775;Tidak Ada;2
2835;5926;248920;Tidak Ada;2
2836;5926;248921;Tidak Ada;2
2837;117;4776;Tidak Ada;2
2838;5926;248922;Tidak Ada;2
2839;5926;248923;Tidak Ada;2
2840;117;4777;Tidak Ada;2
2841;5926;248926;Tidak Ada;2
2842;5926;248928;Tidak Ada;2
2843;5926;248929;Tidak Ada;2
2844;117;4778;Tidak Ada;2
2845;117;4779;Tidak Ada;2
2846;117;4780;Tidak Ada;2
2847;123;5209;Tidak Ada;2
2848;123;5210;Tidak Ada;2
2849;5816;244358;Tidak Ada;2
2850;5816;244360;Tidak Ada;2
2851;5816;244361;Tidak Ada;2
2852;5816;244362;Tidak Ada;2
2853;123;5211;Tidak Ada;2
2854;5816;244363;Tidak Ada;2
2855;5816;244364;Tidak Ada;2
2856;5816;244365;Tidak Ada;2
2857;5816;244366;Tidak Ada;2
2858;123;5212;Film Terbaik dalam Festival Film Indonesia \(FFI\) 2017;2
2859;4;138;Tidak Ada;2
2860;5816;244367;Tidak Ada;2
2861;5816;244368;Tidak Ada;2
2862;5816;244338;Tidak Ada;2
2863;4;139;Tidak Ada;2
2864;123;5213;Piala Citra;2
2865;5816;244339;Tidak Ada;2
2866;5816;244340;Tidak Ada;2
2867;123;5214;Tidak Ada;2
2868;5816;244341;Tidak Ada;2
2869;4;140;Tidak Ada;2
2870;4;141;Beritagar\.id;2
2871;5919;248636;Tidak Ada;2
2872;123;5215;Tidak Ada;2
2873;5816;244342;Tidak Ada;2
2874;5919;248637;Tidak Ada;2
2875;5816;244343;Tidak Ada;2
2876;5919;248638;Tidak Ada;2
2877;5816;244344;Tidak Ada;2
2878;123;5216;Tidak Ada;2
2879;5816;244345;Tidak Ada;2
2880;5816;244346;Tidak Ada;2
2881;123;5217;Tidak Ada;2
2882;5816;244347;Tidak Ada;2
2883;123;5218;Tidak Ada;2
2884;5816;244348;Tidak Ada;2
2885;123;5219;Tidak Ada;2
2886;5816;244349;Tidak Ada;2
2887;123;5220;Tidak Ada;2
2888;4;142;Tidak Ada;2
2889;4;142;Tidak Ada;2
2890;5816;244350;Tidak Ada;2
2891;5816;244350;Tidak Ada;2
2892;5816;244351;Tidak Ada;2
2893;123;5221;Tidak Ada;2
2894;5816;244352;Tidak Ada;2
2895;5816;244353;Tidak Ada;2
2896;123;5222;Piala Citra;2
2897;5816;244354;Tidak Ada;2
2898;123;5223;Tidak Ada;2
2899;5816;244355;Tidak Ada;2
2900;5816;244356;Tidak Ada;2
2901;5816;244357;Tidak Ada;2
2902;123;5224;Tidak Ada;2
2903;123;5225;Tidak Ada;2
2904;123;5226;Tidak Ada;2
2905;123;5227;Tidak Ada;2
2906;123;5228;Tidak Ada;2
2907;123;5229;Tidak Ada;2
2908;123;5230;Tidak Ada;2
2909;123;5231;Tidak Ada;2
2910;123;5232;Tidak Ada;2
2911;123;5233;Tidak Ada;2
2912;123;5234;Tidak Ada;2
2913;123;5235;Tidak Ada;2
2914;123;5236;Tidak Ada;2
2915;123;5237;Tidak Ada;2
2916;123;5238;Tidak Ada;2
2917;123;5239;Tidak Ada;2
2918;141;5986;Tidak Ada;2
2919;5953;249904;Tidak Ada;2
2920;5854;246119;Tidak Ada;2
2921;5854;246120;Tidak Ada;2
2922;5854;246121;Tidak Ada;2
2923;5854;246122;Tidak Ada;2
2924;5854;246123;Tidak Ada;2
2925;45;2100;Tidak Ada;2
2926;5854;246124;Tidak Ada;2
2927;45;2101;Tidak Ada;2
2928;5854;246125;Tidak Ada;2
2929;5854;246126;Tidak Ada;2
2930;45;2102;Tidak Ada;2
2931;5854;246127;Tidak Ada;2
2932;5854;246128;Tidak Ada;2
2933;5854;246129;Tidak Ada;2
2934;5854;246130;Tidak Ada;2
2935;45;2103;Tidak Ada;2
2936;5854;246131;Tidak Ada;2
2937;45;2104;Tidak Ada;2
2938;5854;246132;Tidak Ada;2
2939;45;2105;Tidak Ada;2
2940;5854;246133;Tidak Ada;2
2941;5854;246134;Tidak Ada;2
2942;5854;246135;Tidak Ada;2
2943;45;2106;Tidak Ada;2
2944;5854;246136;Tidak Ada;2
2945;45;2107;Tidak Ada;2
2946;5854;246137;Tidak Ada;2
2947;5854;246138;Tidak Ada;2
2948;5854;246139;Tidak Ada;2
2949;5854;246140;Tidak Ada;2
2950;5854;246141;Tidak Ada;2
2951;5955;250031;Tidak Ada;2
2952;5854;246142;Tidak Ada;2
2953;45;2108;Tidak Ada;2
2954;5955;250032;Tidak Ada;2
2955;5854;246143;Tidak Ada;2
2956;45;2109;Tidak Ada;2
2957;5854;246144;Tidak Ada;2
2958;5955;250033;Tidak Ada;2
2959;5955;250034;Tidak Ada;2
2960;5854;246145;Tidak Ada;2
2961;5961;250257;Tidak Ada;2
2962;5854;246146;Tidak Ada;2
2963;5961;250258;Tidak Ada;2
2964;5854;246147;Tidak Ada;2
2965;5854;246148;Tidak Ada;2
2966;45;2110;Tidak Ada;2
2967;5961;250259;Tidak Ada;2
2968;5854;246149;Tidak Ada;2
2969;5854;246150;Tidak Ada;2
2970;5961;250260;Tidak Ada;2
2971;5854;246151;Tidak Ada;2
2972;5961;250261;Tidak Ada;2
2973;5961;250264;Tidak Ada;2
2974;5854;246152;Tidak Ada;2
2975;5961;250265;Tidak Ada;2
2976;5854;246153;Tidak Ada;2
2977;5854;246154;Tidak Ada;2
2978;5854;246155;Tidak Ada;2
2979;5961;250227;Asian Games;2
2980;5854;246156;Tidak Ada;2
2981;5961;250228;Nias Pro;2
2982;5854;246157;Tidak Ada;2
2983;5961;250229;Tidak Ada;2
2984;5854;246158;Tidak Ada;2
2985;5961;250230;Nias Pro;2
2986;5854;246159;Tidak Ada;2
2987;5961;250231;Nias Selatan Open Surfing Contest 2017;2
2988;5961;250232;Nias Pro;2
2989;5854;246160;Tidak Ada;2
2990;5854;246161;Tidak Ada;2
2991;5961;250233;Nias Pro;2
2992;5854;246162;Tidak Ada;2
2993;5961;250234;Nias Pro;2
2994;5854;246163;Tidak Ada;2
2995;5854;246164;Tidak Ada;2
2996;5854;246165;Tidak Ada;2
2997;5961;250237;Tidak Ada;2
2998;5854;246166;Tidak Ada;2
2999;5854;246167;Tidak Ada;2
3000;5854;246168;Tidak Ada;2
3001;5854;246169;Tidak Ada;2
3002;5854;246170;Tidak Ada;2
3003;5854;246171;Tidak Ada;2
3004;5961;250238;Tidak Ada;2
3005;5961;250239;Tidak Ada;2
3006;123;5240;Tidak Ada;2
3007;123;5241;Tidak Ada;2
3008;123;5242;Tidak Ada;2
3009;123;5243;Tidak Ada;2
3010;123;5244;empat nomine Film Terbaik;2
3011;123;5245;Tidak Ada;2
3012;123;5246;Tidak Ada;2
3013;123;5247;Tidak Ada;2
3014;123;5248;Tidak Ada;2
3015;123;5249;Tidak Ada;2
3016;123;5250;Tidak Ada;2
3017;123;5251;Tidak Ada;2
3018;123;5252;Tidak Ada;2
3019;123;5253;Tidak Ada;2
3020;123;5254;Tidak Ada;2
3021;123;5255;Tidak Ada;2
3022;123;5256;Tidak Ada;2
3023;123;5257;Tidak Ada;2
3024;123;5258;Tidak Ada;2
3025;123;5259;Tidak Ada;2
3026;123;5260;Tidak Ada;2
3027;123;5261;Tidak Ada;2
3028;123;5262;NIGHT BUS Official Theatrical Trailer;2
3029;136;5720;Tidak Ada;2
3030;136;5721;Musik Tanpa Batas;2
3031;136;5722;AMI Awards 2017;2
3032;136;5723;Tidak Ada;2
3033;136;5724;Tidak Ada;2
3034;136;5725;Tidak Ada;2
3035;136;5726;Tidak Ada;2
3036;136;5727;Tidak Ada;2
3037;136;5728;Tidak Ada;2
3038;136;5729;JAKARTANETWORK;2
3039;136;5730;Tidak Ada;2
3040;136;5731;Tidak Ada;2
3041;136;5732;Tidak Ada;2
3042;136;5733;Tidak Ada;2
3043;5813;244251;menjual tiket;2
3044;5813;244254;menukarkan e-voucher;2
3045;5813;244255;dibukanya sejumlah titik;2
3046;5813;244256;Masalah penjualan dan distribusi tiket;2
3047;5813;244257;Tidak Ada;2
3048;5813;244260;Tidak Ada;2
3049;5813;244219;Pengendara sepeda motor melintasi kontainer penjualan tiket Asian Games 2018;2
3050;5813;244220;penjualan tiket;2
3051;5813;244221;membuka jalur pembelian baru;2
3052;5813;244221;menyaksikan pertandingan;2
3053;5813;244224;Asian Games 2018;2
3054;5813;244225;Asian Games 2018;2
3055;5813;244226;bekerja sama;2
3056;4;143;Tidak Ada;2
3057;5813;244228;Asian Games;2
3058;5813;244229;Tidak Ada;2
3059;5813;244230;Tidak Ada;2
3060;5813;244232;Tidak Ada;2
3061;5813;244234;Tidak Ada;2
3062;5813;244235;menukar tiket;2
3063;5813;244236;Tidak Ada;2
3064;5813;244237;Tidak Ada;2
3065;5813;244239;Tidak Ada;2
3066;5813;244242;mengeluh;2
3067;5813;244243;membagi beban penjualan tiket;2
3068;5813;244244;menyatakan hasil evaluasi;2
3069;5813;244249;menginformasikan pembelian tiket online;2
3070;5813;244250;Tidak Ada;2
3071;5848;245921;melakukan sexting;2
3072;5848;245921;menikmati hubungan intim;2
3073;5848;245922;Tidak Ada;2
3074;5848;245923;selingkuh;2
3075;5848;245923;menonton film erotis;2
3076;5848;245926;konferensi American Psychological Association;2
3077;5848;245899;Berkomunikasi;2
3078;5848;245900;studi;2
3079;5848;245900;mengonfirmasi;2
3080;5848;245901;Tidak Ada;2
3081;5848;245902;bicara;2
3082;5848;245903;Studi;2
3083;5848;245904;mempelajari;2
3084;222;9470;Tidak Ada;2
3085;222;9471;Tidak Ada;2
3086;222;9472;Tidak Ada;2
3087;222;9473;Tidak Ada;2
3088;222;9474;Tidak Ada;2
3089;222;9475;Tidak Ada;2
3090;222;9476;Tidak Ada;2
3091;222;9477;Tidak Ada;2
3092;222;9478;Tidak Ada;2
3093;222;9479;Tidak Ada;2
3094;222;9480;Tidak Ada;2
3095;222;9481;Tidak Ada;2
3096;222;9482;Tidak Ada;2
3097;222;9483;Tidak Ada;2
3098;222;9484;Tidak Ada;2
3099;222;9485;Tidak Ada;2
3100;222;9486;Tidak Ada;2
3101;222;9487;Tidak Ada;2
3102;222;9488;Tidak Ada;2
3103;255;11065;Tidak Ada;2
3104;255;11067;Tidak Ada;2
3105;255;11068;Tidak Ada;2
3106;255;11069;Tidak Ada;2
3107;255;11070;Tidak Ada;2
3108;255;11071;Tidak Ada;2
3109;255;11072;Tidak Ada;2
3110;255;11073;Tidak Ada;2
3111;255;11020;Tidak Ada;2
3112;255;11021;Tidak Ada;2
3113;255;11023;Tidak Ada;2
3114;255;11024;Tidak Ada;2
3115;255;11025;Tidak Ada;2
3116;255;11026;Tidak Ada;2
3117;255;11027;Tidak Ada;2
3118;255;11028;Tidak Ada;2
3119;255;11029;Tidak Ada;2
3120;255;11030;Tidak Ada;2
3121;255;11031;Tidak Ada;2
3122;255;11032;Tidak Ada;2
3123;255;11033;Tidak Ada;2
3124;255;11036;Tidak Ada;2
3125;255;11037;Tidak Ada;2
3126;255;11038;Tidak Ada;2
3127;255;11039;Tidak Ada;2
3128;255;11041;Tidak Ada;2
3129;255;11042;Tidak Ada;2
3130;255;11044;Tidak Ada;2
3131;255;11045;Tidak Ada;2
3132;255;11046;Tidak Ada;2
3133;255;11047;Tidak Ada;2
3134;255;11048;Tidak Ada;2
3135;255;11050;Tidak Ada;2
